TIC,Sector,Orbit,Start_BTJD,End_BTJD
671393,5,17,1437.97971276287,1450.1880460991524
671393,5,18,1451.563046099618,1464.2713678628206
1223040,5,17,1437.97971276287,1450.1880460991524
1223040,5,18,1451.563046099618,1464.2713678628206
1223040,31,69,2144.514134055469,2157.451622482855
1223040,31,70,2158.861344705336,2169.944678040687
1223040,32,71,2174.222455819603,2185.9377220263705
1223040,32,72,2186.9446664713323,2200.2293886975385
1518580,5,17,1437.97971276287,1450.1880460991524
1518580,5,18,1451.563046099618,1464.2713678628206
1518580,32,71,2174.222455819603,2185.9377220263705
1518580,32,72,2186.9446664713323,2200.2293886975385
2850290,43,93,2474.166761370376,2486.1250831289217
2850290,43,94,2487.180638684425,2498.888972017914
2850290,44,95,2500.1875831289217,2511.7223053518683
2850290,44,96,2513.2014604443684,2519.4167382232845
2850290,44,96,2519.4236826677807,2524.4375715572387
2850290,45,97,2525.507016001735,2537.979226652533
2850290,45,98,2539.1389488750137,2550.625059989281
4097865,62,131,2988.435048438143,2994.881807698868
4097865,62,131,2995.092455847189,3000.9234627927653
4097865,62,132,3001.134110941086,3007.53457390517
4097865,62,132,3007.7452220534906,3014.152629461605
4342429,62,131,2988.435048438143,2994.881807698868
4342429,62,131,2995.092455847189,3000.9234627927653
4342429,62,132,3001.134110941086,3007.53457390517
4342429,62,132,3007.7452220534906,3014.152629461605
4639431,62,131,2988.435048438143,2994.881807698868
4639431,62,131,2995.092455847189,3000.9234627927653
4639431,62,132,3001.134110941086,3007.53457390517
4639431,62,132,3007.7452220534906,3014.152629461605
5156358,62,131,2988.435048438143,2994.881807698868
5156358,62,131,2995.092455847189,3000.9234627927653
5156358,62,132,3001.134110941086,3007.53457390517
5156358,62,132,3007.7452220534906,3014.152629461605
5548244,62,131,2988.435048438143,2994.881807698868
5548244,62,131,2995.092455847189,3000.9234627927653
5548244,62,132,3001.134110941086,3007.53457390517
5548244,62,132,3007.7452220534906,3014.152629461605
5548244,63,133,3014.3632776099257,3021.187351684552
5548244,63,133,3021.3979998328723,3027.3910438148305
5548244,63,134,3027.601691963151,3034.0901178894565
5548244,63,134,3034.300766037777,3040.8979882597923
5612334,42,91,2447.687606282532,2460.3056502612308
5612334,42,92,2461.2362058167346,2473.159816926345
5612334,43,93,2474.166761370376,2486.1250831289217
5612334,43,94,2487.180638684425,2498.888972017914
5621550,62,131,2988.435048438143,2994.881807698868
5621550,62,131,2995.092455847189,3000.9234627927653
5621550,62,132,3001.134110941086,3007.53457390517
5621550,62,132,3007.7452220534906,3014.152629461605
5805037,43,93,2474.166761370376,2486.1250831289217
5805037,43,94,2487.180638684425,2498.888972017914
5805037,44,95,2500.1875831289217,2511.7223053518683
5805037,44,96,2513.2014604443684,2519.4167382232845
5805037,44,96,2519.4236826677807,2524.4375715572387
5884824,43,93,2474.166761370376,2486.1250831289217
5884824,43,94,2487.180638684425,2498.888972017914
5884824,44,95,2500.1875831289217,2511.7223053518683
5884824,44,96,2513.2014604443684,2519.4167382232845
5884824,44,96,2519.4236826677807,2524.4375715572387
5884824,45,97,2525.507016001735,2537.979226652533
5884824,45,98,2539.1389488750137,2550.625059989281
6743104,43,93,2474.166761370376,2486.1250831289217
6743104,43,94,2487.180638684425,2498.888972017914
6743104,44,95,2500.1875831289217,2511.7223053518683
6743104,44,96,2513.2014604443684,2519.4167382232845
6743104,44,96,2519.4236826677807,2524.4375715572387
6743104,45,97,2525.507016001735,2537.979226652533
6743104,45,98,2539.1389488750137,2550.625059989281
6743108,43,93,2474.166761370376,2486.1250831289217
6743108,43,94,2487.180638684425,2498.888972017914
6743108,44,95,2500.1875831289217,2511.7223053518683
6743108,44,96,2513.2014604443684,2519.4167382232845
6743108,44,96,2519.4236826677807,2524.4375715572387
6743108,45,97,2525.507016001735,2537.979226652533
6743108,45,98,2539.1389488750137,2550.625059989281
7242537,3,13,1381.7089025736786,1382.5214025736786
7242537,3,13,1382.6047359071672,1383.62556924019
7242537,3,13,1383.6672359071672,1384.2714025736786
7242537,3,13,1384.31306924019,1385.87556924019
7242537,3,13,1385.93806924019,1395.4380692397244
7242537,3,13,1395.583902573213,1396.458902573213
7242537,3,13,1396.5005692397244,1396.5630692397244
7242537,3,14,1396.646402573213,1409.3755576661788
7491381,4,15,1410.917224333156,1413.2505576666445
7491381,4,15,1413.2713909996671,1418.4797243336216
7491381,4,15,1421.2297243340872,1423.5005576675758
7491381,4,16,1424.5630576680414,1436.833879429381
7491381,5,17,1437.97971276287,1450.1880460991524
7491381,5,18,1451.563046099618,1464.2713678628206
7491381,6,19,1468.2713678642176,1477.0213678670116
7491381,6,20,1478.1047012005,1490.0421896306798
7491381,31,69,2144.514134055469,2157.451622482855
7491381,31,70,2158.861344705336,2169.944678040687
7491381,32,71,2174.222455819603,2185.9377220263705
7491381,32,72,2186.9446664713323,2200.2293886975385
7491381,33,73,2201.729388698004,2213.86132157268
7491381,33,74,2215.430766017642,2227.5696549103595
7586485,4,15,1410.917224333156,1413.2505576666445
7586485,4,15,1413.2713909996671,1418.4797243336216
7586485,4,15,1421.2297243340872,1423.5005576675758
7586485,4,16,1424.5630576680414,1436.833879429381
7586485,5,17,1437.97971276287,1450.1880460991524
7586485,5,18,1451.563046099618,1464.2713678628206
7586485,31,69,2144.514134055469,2157.451622482855
7586485,31,70,2158.861344705336,2169.944678040687
7586485,32,71,2174.222455819603,2185.9377220263705
7586485,32,72,2186.9446664713323,2200.2293886975385
7652166,5,17,1437.97971276287,1450.1880460991524
7652166,5,18,1451.563046099618,1464.2713678628206
7652962,4,15,1410.917224333156,1413.2505576666445
7652962,4,15,1413.2713909996671,1418.4797243336216
7652962,4,15,1421.2297243340872,1423.5005576675758
7652962,4,16,1424.5630576680414,1436.833879429381
7652962,5,17,1437.97971276287,1450.1880460991524
7652962,5,18,1451.563046099618,1464.2713678628206
7652962,31,69,2144.514134055469,2157.451622482855
7652962,31,70,2158.861344705336,2169.944678040687
7652962,32,71,2174.222455819603,2185.9377220263705
7652962,32,72,2186.9446664713323,2200.2293886975385
7785194,4,15,1410.917224333156,1413.2505576666445
7785194,4,15,1413.2713909996671,1418.4797243336216
7785194,4,15,1421.2297243340872,1423.5005576675758
7785194,4,16,1424.5630576680414,1436.833879429381
7785194,31,69,2144.514134055469,2157.451622482855
7785194,31,70,2158.861344705336,2169.944678040687
7785194,32,71,2174.222455819603,2185.9377220263705
7785194,32,72,2186.9446664713323,2200.2293886975385
7807668,31,69,2144.514134055469,2157.451622482855
7807668,31,70,2158.861344705336,2169.944678040687
8511113,38,83,2333.854319276754,2346.3334859414026
8511113,38,84,2347.2987637189217,2360.5487521416508
8511113,65,137,3068.7336248317733,3075.9674095525406
8511113,65,137,3076.178057700861,3083.47435399564
8511113,65,138,3083.685002143495,3087.4674095502123
8511113,65,138,3087.4697243650444,3090.252131771762
8511113,65,138,3090.462779919617,3096.58777991822
11244460,52,111,2718.631935013924,2720.208312328439
11244460,52,111,2720.2152567729354,2730.29859010363
11244460,52,112,2731.444423436653,2743.0763678778894
12359032,2,11,1354.1047474853694,1367.1464141495526
12359032,2,12,1368.6047359085642,1381.5005692406558
12359212,29,65,2088.2363794292323,2101.375256741885
12359212,29,66,2102.326645630412,2114.430812295992
12377787,2,11,1354.1047474853694,1367.1464141495526
12377787,2,12,1368.6047359085642,1381.5005692406558
12377897,29,65,2088.2363794292323,2101.375256741885
12377897,29,66,2102.326645630412,2114.430812295992
12377912,29,65,2088.2363794292323,2101.375256741885
12377912,29,66,2102.326645630412,2114.430812295992
12393842,29,65,2088.2363794292323,2101.375256741885
12393842,29,66,2102.326645630412,2114.430812295992
12394898,2,11,1354.1047474853694,1367.1464141495526
12394898,2,12,1368.6047359085642,1381.5005692406558
12394976,29,65,2088.2363794292323,2101.375256741885
12394976,29,66,2102.326645630412,2114.430812295992
12418075,29,65,2088.2363794292323,2101.375256741885
12418075,29,66,2102.326645630412,2114.430812295992
12418282,29,65,2088.2363794292323,2101.375256741885
12418282,29,66,2102.326645630412,2114.430812295992
12420159,29,65,2088.2363794292323,2101.375256741885
12420159,29,66,2102.326645630412,2114.430812295992
12424475,29,65,2088.2363794292323,2101.375256741885
12424475,29,66,2102.326645630412,2114.430812295992
12787754,42,91,2447.687606282532,2460.3056502612308
12787754,42,92,2461.2362058167346,2473.159816926345
13020091,5,17,1437.97971276287,1450.1880460991524
13020091,5,18,1451.563046099618,1464.2713678628206
13020091,32,71,2174.222455819603,2185.9377220263705
13020091,32,72,2186.9446664713323,2200.2293886975385
13324350,5,17,1437.97971276287,1450.1880460991524
13324350,5,18,1451.563046099618,1464.2713678628206
13324350,32,71,2174.222455819603,2185.9377220263705
13324350,32,72,2186.9446664713323,2200.2293886975385
13912397,5,17,1437.97971276287,1450.1880460991524
13912397,5,18,1451.563046099618,1464.2713678628206
13912397,31,69,2144.514134055469,2157.451622482855
13912397,31,70,2158.861344705336,2169.944678040687
13912397,32,71,2174.222455819603,2185.9377220263705
13912397,32,72,2186.9446664713323,2200.2293886975385
13955147,4,15,1410.917224333156,1413.2505576666445
13955147,4,15,1413.2713909996671,1418.4797243336216
13955147,4,15,1421.2297243340872,1423.5005576675758
13955147,4,16,1424.5630576680414,1436.833879429381
13955147,5,17,1437.97971276287,1450.1880460991524
13955147,5,18,1451.563046099618,1464.2713678628206
13955147,31,69,2144.514134055469,2157.451622482855
13955147,31,70,2158.861344705336,2169.944678040687
13955147,32,71,2174.222455819603,2185.9377220263705
13955147,32,72,2186.9446664713323,2200.2293886975385
13981777,31,69,2144.514134055469,2157.451622482855
13981777,31,70,2158.861344705336,2169.944678040687
13981777,32,71,2174.222455819603,2185.9377220263705
13981777,32,72,2186.9446664713323,2200.2293886975385
14076629,42,91,2447.687606282532,2460.3056502612308
14076629,42,92,2461.2362058167346,2473.159816926345
14076629,43,93,2474.166761370376,2486.1250831289217
14076629,43,94,2487.180638684425,2498.888972017914
14076629,44,95,2500.1875831289217,2511.7223053518683
14076629,44,96,2513.2014604443684,2519.4167382232845
14076629,44,96,2519.4236826677807,2524.4375715572387
14076858,42,91,2447.687606282532,2460.3056502612308
14076858,42,92,2461.2362058167346,2473.159816926345
14076858,43,93,2474.166761370376,2486.1250831289217
14076858,43,94,2487.180638684425,2498.888972017914
14076858,44,95,2500.1875831289217,2511.7223053518683
14076858,44,96,2513.2014604443684,2519.4167382232845
14076858,44,96,2519.4236826677807,2524.4375715572387
14078240,44,95,2500.1875831289217,2511.7223053518683
14078240,44,96,2513.2014604443684,2519.4167382232845
14078240,44,96,2519.4236826677807,2524.4375715572387
14078777,43,93,2474.166761370376,2486.1250831289217
14078777,43,94,2487.180638684425,2498.888972017914
14078777,44,95,2500.1875831289217,2511.7223053518683
14078777,44,96,2513.2014604443684,2519.4167382232845
14078777,44,96,2519.4236826677807,2524.4375715572387
14085128,5,17,1437.97971276287,1450.1880460991524
14085128,5,18,1451.563046099618,1464.2713678628206
14085128,6,19,1468.2713678642176,1477.0213678670116
14085128,6,20,1478.1047012005,1490.0421896306798
14085128,32,71,2174.222455819603,2185.9377220263705
14085128,32,72,2186.9446664713323,2200.2293886975385
14087575,5,17,1437.97971276287,1450.1880460991524
14087575,5,18,1451.563046099618,1464.2713678628206
14087575,32,71,2174.222455819603,2185.9377220263705
14087575,32,72,2186.9446664713323,2200.2293886975385
14108773,43,93,2474.166761370376,2486.1250831289217
14108773,43,94,2487.180638684425,2498.888972017914
14108972,44,95,2500.1875831289217,2511.7223053518683
14108972,44,96,2513.2014604443684,2519.4167382232845
14108972,44,96,2519.4236826677807,2524.4375715572387
14109537,42,91,2447.687606282532,2460.3056502612308
14109537,42,92,2461.2362058167346,2473.159816926345
14109537,43,93,2474.166761370376,2486.1250831289217
14109537,43,94,2487.180638684425,2498.888972017914
14109888,43,93,2474.166761370376,2486.1250831289217
14109888,43,94,2487.180638684425,2498.888972017914
14109888,44,95,2500.1875831289217,2511.7223053518683
14109888,44,96,2513.2014604443684,2519.4167382232845
14109888,44,96,2519.4236826677807,2524.4375715572387
14112924,42,91,2447.687606282532,2460.3056502612308
14112924,42,92,2461.2362058167346,2473.159816926345
14155535,42,91,2447.687606282532,2460.3056502612308
14155535,42,92,2461.2362058167346,2473.159816926345
14155762,42,91,2447.687606282532,2460.3056502612308
14155762,42,92,2461.2362058167346,2473.159816926345
14155762,43,93,2474.166761370376,2486.1250831289217
14155762,43,94,2487.180638684425,2498.888972017914
14156573,42,91,2447.687606282532,2460.3056502612308
14156573,42,92,2461.2362058167346,2473.159816926345
14156573,43,93,2474.166761370376,2486.1250831289217
14156573,43,94,2487.180638684425,2498.888972017914
14156573,44,95,2500.1875831289217,2511.7223053518683
14156573,44,96,2513.2014604443684,2519.4167382232845
14156573,44,96,2519.4236826677807,2524.4375715572387
14157808,42,91,2447.687606282532,2460.3056502612308
14157808,42,92,2461.2362058167346,2473.159816926345
14157808,43,93,2474.166761370376,2486.1250831289217
14157808,43,94,2487.180638684425,2498.888972017914
14157808,44,95,2500.1875831289217,2511.7223053518683
14157808,44,96,2513.2014604443684,2519.4167382232845
14157808,44,96,2519.4236826677807,2524.4375715572387
14158303,42,91,2447.687606282532,2460.3056502612308
14158303,42,92,2461.2362058167346,2473.159816926345
14158303,43,93,2474.166761370376,2486.1250831289217
14158303,43,94,2487.180638684425,2498.888972017914
14158303,44,95,2500.1875831289217,2511.7223053518683
14158303,44,96,2513.2014604443684,2519.4167382232845
14158303,44,96,2519.4236826677807,2524.4375715572387
14158619,42,91,2447.687606282532,2460.3056502612308
14158619,42,92,2461.2362058167346,2473.159816926345
14177685,43,93,2474.166761370376,2486.1250831289217
14177685,43,94,2487.180638684425,2498.888972017914
14179884,43,93,2474.166761370376,2486.1250831289217
14179884,43,94,2487.180638684425,2498.888972017914
14225672,44,95,2500.1875831289217,2511.7223053518683
14225672,44,96,2513.2014604443684,2519.4167382232845
14225672,44,96,2519.4236826677807,2524.4375715572387
14226320,42,91,2447.687606282532,2460.3056502612308
14226320,42,92,2461.2362058167346,2473.159816926345
14226320,43,93,2474.166761370376,2486.1250831289217
14226320,43,94,2487.180638684425,2498.888972017914
14226320,44,95,2500.1875831289217,2511.7223053518683
14226320,44,96,2513.2014604443684,2519.4167382232845
14226320,44,96,2519.4236826677807,2524.4375715572387
14226607,44,95,2500.1875831289217,2511.7223053518683
14226607,44,96,2513.2014604443684,2519.4167382232845
14226607,44,96,2519.4236826677807,2524.4375715572387
14226920,42,91,2447.687606282532,2460.3056502612308
14226920,42,92,2461.2362058167346,2473.159816926345
14226920,43,93,2474.166761370376,2486.1250831289217
14226920,43,94,2487.180638684425,2498.888972017914
14251565,42,91,2447.687606282532,2460.3056502612308
14251565,42,92,2461.2362058167346,2473.159816926345
14252394,43,93,2474.166761370376,2486.1250831289217
14252394,43,94,2487.180638684425,2498.888972017914
14252394,44,95,2500.1875831289217,2511.7223053518683
14252394,44,96,2513.2014604443684,2519.4167382232845
14252394,44,96,2519.4236826677807,2524.4375715572387
14252825,43,93,2474.166761370376,2486.1250831289217
14252825,43,94,2487.180638684425,2498.888972017914
14254194,44,95,2500.1875831289217,2511.7223053518683
14254194,44,96,2513.2014604443684,2519.4167382232845
14254194,44,96,2519.4236826677807,2524.4375715572387
14255769,43,93,2474.166761370376,2486.1250831289217
14255769,43,94,2487.180638684425,2498.888972017914
14255769,44,95,2500.1875831289217,2511.7223053518683
14255769,44,96,2513.2014604443684,2519.4167382232845
14255769,44,96,2519.4236826677807,2524.4375715572387
14282584,43,93,2474.166761370376,2486.1250831289217
14282584,43,94,2487.180638684425,2498.888972017914
14282584,44,95,2500.1875831289217,2511.7223053518683
14282584,44,96,2513.2014604443684,2519.4167382232845
14282584,44,96,2519.4236826677807,2524.4375715572387
14285398,43,93,2474.166761370376,2486.1250831289217
14285398,43,94,2487.180638684425,2498.888972017914
14285398,44,95,2500.1875831289217,2511.7223053518683
14285398,44,96,2513.2014604443684,2519.4167382232845
14285398,44,96,2519.4236826677807,2524.4375715572387
14330418,44,95,2500.1875831289217,2511.7223053518683
14330418,44,96,2513.2014604443684,2519.4167382232845
14330418,44,96,2519.4236826677807,2524.4375715572387
15363163,64,135,3041.108636408113,3048.1132544633
15363163,64,135,3048.3239026116207,3054.752143351827
15363163,64,135,3054.754458166659,3055.078532240819
15363163,64,136,3055.289180388674,3062.21742112888
15363163,64,136,3062.428069277201,3068.029921127949
15444490,10,27,1569.4379882598296,1581.771321593318
15444490,10,28,1582.771321593318,1595.667143351864
15444490,11,29,1596.7713100183755,1609.6879766830243
15444490,11,30,1610.7921433495358,1623.875465106219
15444490,37,81,2307.2362868711352,2319.0279419636354
15444490,37,82,2320.222386407666,2332.576553073246
15444490,64,135,3041.108636408113,3048.1132544633
15444490,64,135,3048.3239026116207,3054.752143351827
15444490,64,135,3054.754458166659,3055.078532240819
15444490,64,136,3055.289180388674,3062.21742112888
15444490,64,136,3062.428069277201,3068.029921127949
15446998,10,27,1569.4379882598296,1581.771321593318
15446998,10,28,1582.771321593318,1595.667143351864
15446998,11,29,1596.7713100183755,1609.6879766830243
15446998,11,30,1610.7921433495358,1623.875465106219
15523450,64,135,3041.108636408113,3048.1132544633
15523450,64,135,3048.3239026116207,3054.752143351827
15523450,64,135,3054.754458166659,3055.078532240819
15523450,64,136,3055.289180388674,3062.21742112888
15523450,64,136,3062.428069277201,3068.029921127949
15760655,44,95,2500.1875831289217,2511.7223053518683
15760655,44,96,2513.2014604443684,2519.4167382232845
15760655,44,96,2519.4236826677807,2524.4375715572387
15815612,43,93,2474.166761370376,2486.1250831289217
15815612,43,94,2487.180638684425,2498.888972017914
15815612,44,95,2500.1875831289217,2511.7223053518683
15815612,44,96,2513.2014604443684,2519.4167382232845
15815612,44,96,2519.4236826677807,2524.4375715572387
15934387,43,93,2474.166761370376,2486.1250831289217
15934387,43,94,2487.180638684425,2498.888972017914
15934387,44,95,2500.1875831289217,2511.7223053518683
15934387,44,96,2513.2014604443684,2519.4167382232845
15934387,44,96,2519.4236826677807,2524.4375715572387
16004519,43,93,2474.166761370376,2486.1250831289217
16004519,43,94,2487.180638684425,2498.888972017914
17336502,43,93,2474.166761370376,2486.1250831289217
17336502,43,94,2487.180638684425,2498.888972017914
17387985,43,93,2474.166761370376,2486.1250831289217
17387985,43,94,2487.180638684425,2498.888972017914
17509396,12,31,1624.958798439242,1638.9796317690052
17509396,12,32,1640.0421317685395,1652.875453523826
19330721,43,93,2474.166761370376,2486.1250831289217
19330721,43,94,2487.180638684425,2498.888972017914
19330721,44,95,2500.1875831289217,2511.7223053518683
19330721,44,96,2513.2014604443684,2519.4167382232845
19330721,44,96,2519.4236826677807,2524.4375715572387
19400360,43,93,2474.166761370376,2486.1250831289217
19400360,43,94,2487.180638684425,2498.888972017914
20096356,5,17,1437.97971276287,1450.1880460991524
20096356,5,18,1451.563046099618,1464.2713678628206
20096356,6,19,1468.2713678642176,1477.0213678670116
20096356,6,20,1478.1047012005,1490.0421896306798
20096356,32,71,2174.222455819603,2185.9377220263705
20096356,32,72,2186.9446664713323,2200.2293886975385
20096356,33,73,2201.729388698004,2213.86132157268
20096356,33,74,2215.430766017642,2227.5696549103595
20308433,43,93,2474.166761370376,2486.1250831289217
20308433,43,94,2487.180638684425,2498.888972017914
20308433,44,95,2500.1875831289217,2511.7223053518683
20308433,44,96,2513.2014604443684,2519.4167382232845
20308433,44,96,2519.4236826677807,2524.4375715572387
20308433,45,97,2525.507016001735,2537.979226652533
20308433,45,98,2539.1389488750137,2550.625059989281
20308434,43,93,2474.166761370376,2486.1250831289217
20308434,43,94,2487.180638684425,2498.888972017914
20308434,44,95,2500.1875831289217,2511.7223053518683
20308434,44,96,2513.2014604443684,2519.4167382232845
20308434,44,96,2519.4236826677807,2524.4375715572387
20308434,45,97,2525.507016001735,2537.979226652533
20308434,45,98,2539.1389488750137,2550.625059989281
21011493,64,135,3041.108636408113,3048.1132544633
21011493,64,135,3048.3239026116207,3054.752143351827
21011493,64,135,3054.754458166659,3055.078532240819
21011493,64,136,3055.289180388674,3062.21742112888
21011493,64,136,3062.428069277201,3068.029921127949
21112004,64,135,3041.108636408113,3048.1132544633
21112004,64,135,3048.3239026116207,3054.752143351827
21112004,64,135,3054.754458166659,3055.078532240819
21112004,64,136,3055.289180388674,3062.21742112888
21112004,64,136,3062.428069277201,3068.029921127949
21540586,5,17,1437.97971276287,1450.1880460991524
21540586,5,18,1451.563046099618,1464.2713678628206
21540586,6,19,1468.2713678642176,1477.0213678670116
21540586,6,20,1478.1047012005,1490.0421896306798
21540586,32,71,2174.222455819603,2185.9377220263705
21540586,32,72,2186.9446664713323,2200.2293886975385
21540586,33,73,2201.729388698004,2213.86132157268
21540586,33,74,2215.430766017642,2227.5696549103595
21627442,6,19,1468.2713678642176,1477.0213678670116
21627442,6,20,1478.1047012005,1490.0421896306798
21717652,5,17,1437.97971276287,1450.1880460991524
21717652,5,18,1451.563046099618,1464.2713678628206
22507789,10,27,1569.4379882598296,1581.771321593318
22507789,10,28,1582.771321593318,1595.667143351864
22766740,7,21,1491.625522964634,1503.0213563013822
22766740,7,22,1504.7088563023135,1516.0838447315618
22766740,8,23,1517.354678065516,1529.0630114017986
22766740,8,24,1530.2713447352871,1531.7296780692411
22766740,8,24,1535.0005114031956,1542.0004998305812
22766740,61,129,2962.7938563008797,2969.3332081544213
22766740,61,129,2969.543856302742,2975.1966225081123
22766740,61,130,2975.407270656433,2982.1896780659445
22766740,61,130,2982.400326214265,2988.2244002898224
22959701,38,83,2333.854319276754,2346.3334859414026
22959701,38,84,2347.2987637189217,2360.5487521416508
22970720,7,21,1491.625522964634,1503.0213563013822
22970720,7,22,1504.7088563023135,1516.0838447315618
22970720,8,23,1517.354678065516,1529.0630114017986
22970720,8,24,1530.2713447352871,1531.7296780692411
22970720,8,24,1535.0005114031956,1542.0004998305812
22970720,34,75,2228.750210466329,2240.902976674028
22970720,34,76,2241.9863100075163,2254.062698900234
22970720,61,129,2962.7938563008797,2969.3332081544213
22970720,61,129,2969.543856302742,2975.1966225081123
22970720,61,130,2975.407270656433,2982.1896780659445
22970720,61,130,2982.400326214265,2988.2244002898224
22998652,43,93,2474.166761370376,2486.1250831289217
22998652,43,94,2487.180638684425,2498.888972017914
22998652,44,95,2500.1875831289217,2511.7223053518683
22998652,44,96,2513.2014604443684,2519.4167382232845
22998652,44,96,2519.4236826677807,2524.4375715572387
23076771,43,93,2474.166761370376,2486.1250831289217
23076771,43,94,2487.180638684425,2498.888972017914
23076771,44,95,2500.1875831289217,2511.7223053518683
23076771,44,96,2513.2014604443684,2519.4167382232845
23076771,44,96,2519.4236826677807,2524.4375715572387
23088464,61,129,2962.7938563008797,2969.3332081544213
23088464,61,129,2969.543856302742,2975.1966225081123
23088464,61,130,2975.407270656433,2982.1896780659445
23088464,61,130,2982.400326214265,2988.2244002898224
23193695,4,15,1410.917224333156,1413.2505576666445
23193695,4,15,1413.2713909996671,1418.4797243336216
23193695,4,15,1421.2297243340872,1423.5005576675758
23193695,4,16,1424.5630576680414,1436.833879429381
23443671,65,137,3068.7336248317733,3075.9674095525406
23443671,65,137,3076.178057700861,3083.47435399564
23443671,65,138,3083.685002143495,3087.4674095502123
23443671,65,138,3087.4697243650444,3090.252131771762
23443671,65,138,3090.462779919617,3096.58777991822
23562559,38,83,2333.854319276754,2346.3334859414026
23562559,38,84,2347.2987637189217,2360.5487521416508
23562559,65,137,3068.7336248317733,3075.9674095525406
23562559,65,137,3076.178057700861,3083.47435399564
23562559,65,138,3083.685002143495,3087.4674095502123
23562559,65,138,3087.4697243650444,3090.252131771762
23562559,65,138,3090.462779919617,3096.58777991822
23689332,65,137,3068.7336248317733,3075.9674095525406
23689332,65,137,3076.178057700861,3083.47435399564
23689332,65,138,3083.685002143495,3087.4674095502123
23689332,65,138,3087.4697243650444,3090.252131771762
23689332,65,138,3090.462779919617,3096.58777991822
24069249,38,83,2333.854319276754,2346.3334859414026
24069249,38,84,2347.2987637189217,2360.5487521416508
24297713,32,71,2174.222455819603,2185.9377220263705
24297713,32,72,2186.9446664713323,2200.2293886975385
24401034,5,17,1437.97971276287,1450.1880460991524
24401034,5,18,1451.563046099618,1464.2713678628206
24401034,6,19,1468.2713678642176,1477.0213678670116
24401034,6,20,1478.1047012005,1490.0421896306798
24401034,32,71,2174.222455819603,2185.9377220263705
24401034,32,72,2186.9446664713323,2200.2293886975385
24448282,5,17,1437.97971276287,1450.1880460991524
24448282,5,18,1451.563046099618,1464.2713678628206
24448282,33,73,2201.729388698004,2213.86132157268
24448282,33,74,2215.430766017642,2227.5696549103595
24451239,5,17,1437.97971276287,1450.1880460991524
24451239,5,18,1451.563046099618,1464.2713678628206
24451239,6,19,1468.2713678642176,1477.0213678670116
24451239,6,20,1478.1047012005,1490.0421896306798
24451239,32,71,2174.222455819603,2185.9377220263705
24451239,32,72,2186.9446664713323,2200.2293886975385
24451239,33,73,2201.729388698004,2213.86132157268
24451239,33,74,2215.430766017642,2227.5696549103595
24518895,5,17,1437.97971276287,1450.1880460991524
24518895,5,18,1451.563046099618,1464.2713678628206
24518895,32,71,2174.222455819603,2185.9377220263705
24518895,32,72,2186.9446664713323,2200.2293886975385
24587624,5,17,1437.97971276287,1450.1880460991524
24587624,5,18,1451.563046099618,1464.2713678628206
24587624,6,19,1468.2713678642176,1477.0213678670116
24587624,6,20,1478.1047012005,1490.0421896306798
24587624,32,71,2174.222455819603,2185.9377220263705
24587624,32,72,2186.9446664713323,2200.2293886975385
24587624,33,73,2201.729388698004,2213.86132157268
24587624,33,74,2215.430766017642,2227.5696549103595
24607949,5,17,1437.97971276287,1450.1880460991524
24607949,5,18,1451.563046099618,1464.2713678628206
24607949,6,19,1468.2713678642176,1477.0213678670116
24607949,6,20,1478.1047012005,1490.0421896306798
24607949,32,71,2174.222455819603,2185.9377220263705
24607949,32,72,2186.9446664713323,2200.2293886975385
24608426,5,17,1437.97971276287,1450.1880460991524
24608426,5,18,1451.563046099618,1464.2713678628206
24608426,6,19,1468.2713678642176,1477.0213678670116
24608426,6,20,1478.1047012005,1490.0421896306798
25966549,42,91,2447.687606282532,2460.3056502612308
25966549,42,92,2461.2362058167346,2473.159816926345
25966690,42,91,2447.687606282532,2460.3056502612308
25966690,42,92,2461.2362058167346,2473.159816926345
25966690,43,93,2474.166761370376,2486.1250831289217
25966690,43,94,2487.180638684425,2498.888972017914
26016527,43,93,2474.166761370376,2486.1250831289217
26016527,43,94,2487.180638684425,2498.888972017914
26016527,44,95,2500.1875831289217,2511.7223053518683
26016527,44,96,2513.2014604443684,2519.4167382232845
26016527,44,96,2519.4236826677807,2524.4375715572387
26017840,42,91,2447.687606282532,2460.3056502612308
26017840,42,92,2461.2362058167346,2473.159816926345
26017840,43,93,2474.166761370376,2486.1250831289217
26017840,43,94,2487.180638684425,2498.888972017914
26017840,44,95,2500.1875831289217,2511.7223053518683
26017840,44,96,2513.2014604443684,2519.4167382232845
26017840,44,96,2519.4236826677807,2524.4375715572387
26079243,42,91,2447.687606282532,2460.3056502612308
26079243,42,92,2461.2362058167346,2473.159816926345
26079243,43,93,2474.166761370376,2486.1250831289217
26079243,43,94,2487.180638684425,2498.888972017914
26079418,44,95,2500.1875831289217,2511.7223053518683
26079418,44,96,2513.2014604443684,2519.4167382232845
26079418,44,96,2519.4236826677807,2524.4375715572387
26081408,42,91,2447.687606282532,2460.3056502612308
26081408,42,92,2461.2362058167346,2473.159816926345
26081408,44,95,2500.1875831289217,2511.7223053518683
26081408,44,96,2513.2014604443684,2519.4167382232845
26081408,44,96,2519.4236826677807,2524.4375715572387
26081460,42,91,2447.687606282532,2460.3056502612308
26081460,42,92,2461.2362058167346,2473.159816926345
26081460,44,95,2500.1875831289217,2511.7223053518683
26081460,44,96,2513.2014604443684,2519.4167382232845
26081460,44,96,2519.4236826677807,2524.4375715572387
26081949,44,95,2500.1875831289217,2511.7223053518683
26081949,44,96,2513.2014604443684,2519.4167382232845
26081949,44,96,2519.4236826677807,2524.4375715572387
26109308,42,91,2447.687606282532,2460.3056502612308
26109308,42,92,2461.2362058167346,2473.159816926345
26126184,42,91,2447.687606282532,2460.3056502612308
26126184,42,92,2461.2362058167346,2473.159816926345
26126856,44,95,2500.1875831289217,2511.7223053518683
26126856,44,96,2513.2014604443684,2519.4167382232845
26126856,44,96,2519.4236826677807,2524.4375715572387
26178271,43,93,2474.166761370376,2486.1250831289217
26178271,43,94,2487.180638684425,2498.888972017914
26500261,58,123,2882.323983593378,2889.4235206316225
26500261,58,123,2889.634168779477,2896.0554535030387
26500261,58,124,2896.26610165136,2903.38415720826
26500261,58,124,2903.5948053565808,2910.048509061802
26648243,43,93,2474.166761370376,2486.1250831289217
26648243,43,94,2487.180638684425,2498.888972017914
28832999,42,91,2447.687606282532,2460.3056502612308
28832999,42,92,2461.2362058167346,2473.159816926345
28873103,42,91,2447.687606282532,2460.3056502612308
28873103,42,92,2461.2362058167346,2473.159816926345
28911340,42,91,2447.687606282532,2460.3056502612308
28911340,42,92,2461.2362058167346,2473.159816926345
28911340,43,93,2474.166761370376,2486.1250831289217
28911340,43,94,2487.180638684425,2498.888972017914
28998540,42,91,2447.687606282532,2460.3056502612308
28998540,42,92,2461.2362058167346,2473.159816926345
28998540,43,93,2474.166761370376,2486.1250831289217
28998540,43,94,2487.180638684425,2498.888972017914
28998540,44,95,2500.1875831289217,2511.7223053518683
28998540,44,96,2513.2014604443684,2519.4167382232845
28998540,44,96,2519.4236826677807,2524.4375715572387
28999668,42,91,2447.687606282532,2460.3056502612308
28999668,42,92,2461.2362058167346,2473.159816926345
28999668,43,93,2474.166761370376,2486.1250831289217
28999668,43,94,2487.180638684425,2498.888972017914
29056431,42,91,2447.687606282532,2460.3056502612308
29056431,42,92,2461.2362058167346,2473.159816926345
29056431,43,93,2474.166761370376,2486.1250831289217
29056431,43,94,2487.180638684425,2498.888972017914
29056431,58,123,2882.323983593378,2889.4235206316225
29056431,58,123,2889.634168779477,2896.0554535030387
29056431,58,124,2896.26610165136,2903.38415720826
29056431,58,124,2903.5948053565808,2910.048509061802
29059353,58,123,2882.323983593378,2889.4235206316225
29059353,58,123,2889.634168779477,2896.0554535030387
29059353,58,124,2896.26610165136,2903.38415720826
29059353,58,124,2903.5948053565808,2910.048509061802
29069620,20,47,1842.5003724964336,1854.854539167136
29069620,20,48,1856.3962058345787,1865.47952759685
29069620,20,48,1865.5003609303385,1868.8128609312696
29106824,42,91,2447.687606282532,2460.3056502612308
29106824,42,92,2461.2362058167346,2473.159816926345
29106824,43,93,2474.166761370376,2486.1250831289217
29106824,43,94,2487.180638684425,2498.888972017914
29106882,42,91,2447.687606282532,2460.3056502612308
29106882,42,92,2461.2362058167346,2473.159816926345
29106882,43,93,2474.166761370376,2486.1250831289217
29106882,43,94,2487.180638684425,2498.888972017914
29106882,44,95,2500.1875831289217,2511.7223053518683
29106882,44,96,2513.2014604443684,2519.4167382232845
29106882,44,96,2519.4236826677807,2524.4375715572387
29107362,42,91,2447.687606282532,2460.3056502612308
29107362,42,92,2461.2362058167346,2473.159816926345
29107362,43,93,2474.166761370376,2486.1250831289217
29107362,43,94,2487.180638684425,2498.888972017914
29107362,44,95,2500.1875831289217,2511.7223053518683
29107362,44,96,2513.2014604443684,2519.4167382232845
29107362,44,96,2519.4236826677807,2524.4375715572387
30760081,4,15,1410.917224333156,1413.2505576666445
30760081,4,15,1413.2713909996671,1418.4797243336216
30760081,4,15,1421.2297243340872,1423.5005576675758
30760081,4,16,1424.5630576680414,1436.833879429381
30760081,11,29,1596.7713100183755,1609.6879766830243
30760081,11,30,1610.7921433495358,1623.875465106219
30760081,28,63,2061.847502121236,2073.958601654973
30760081,28,64,2075.1530460990034,2087.0974905407056
30760081,36,79,2280.902965109796,2292.8543424261734
30760081,36,80,2293.7918424261734,2305.9862868711352
30760081,39,85,2361.770974363666,2374.8543076934293
30760081,39,86,2375.86125213746,2389.715407225769
30959945,5,17,1437.97971276287,1450.1880460991524
30959945,5,18,1451.563046099618,1464.2713678628206
30959945,6,19,1468.2713678642176,1477.0213678670116
30959945,6,20,1478.1047012005,1490.0421896306798
31281820,5,17,1437.97971276287,1450.1880460991524
31281820,5,18,1451.563046099618,1464.2713678628206
31281820,6,19,1468.2713678642176,1477.0213678670116
31281820,6,20,1478.1047012005,1490.0421896306798
31281820,32,71,2174.222455819603,2185.9377220263705
31281820,32,72,2186.9446664713323,2200.2293886975385
31281821,6,19,1468.2713678642176,1477.0213678670116
31281821,6,20,1478.1047012005,1490.0421896306798
31353324,5,17,1437.97971276287,1450.1880460991524
31353324,5,18,1451.563046099618,1464.2713678628206
31353324,6,19,1468.2713678642176,1477.0213678670116
31353324,6,20,1478.1047012005,1490.0421896306798
31353324,32,71,2174.222455819603,2185.9377220263705
31353324,32,72,2186.9446664713323,2200.2293886975385
31373667,5,17,1437.97971276287,1450.1880460991524
31373667,5,18,1451.563046099618,1464.2713678628206
31373667,6,19,1468.2713678642176,1477.0213678670116
31373667,6,20,1478.1047012005,1490.0421896306798
31373667,32,71,2174.222455819603,2185.9377220263705
31373667,32,72,2186.9446664713323,2200.2293886975385
32068898,1,9,1325.3130924007855,1338.5214257300831
32068898,1,10,1339.6672474890947,1353.167247485835
32068898,2,11,1354.1047474853694,1367.1464141495526
32068898,2,12,1368.6047359085642,1381.5005692406558
32068898,3,13,1381.7089025736786,1382.5214025736786
32068898,3,13,1382.6047359071672,1383.62556924019
32068898,3,13,1383.6672359071672,1384.2714025736786
32068898,3,13,1384.31306924019,1385.87556924019
32068898,3,13,1385.93806924019,1395.4380692397244
32068898,3,13,1395.583902573213,1396.458902573213
32068898,3,13,1396.5005692397244,1396.5630692397244
32068898,3,14,1396.646402573213,1409.3755576661788
32068898,4,15,1410.917224333156,1413.2505576666445
32068898,4,15,1413.2713909996671,1418.4797243336216
32068898,4,15,1421.2297243340872,1423.5005576675758
32068898,4,16,1424.5630576680414,1436.833879429381
32068898,6,19,1468.2713678642176,1477.0213678670116
32068898,6,20,1478.1047012005,1490.0421896306798
32068898,7,21,1491.625522964634,1503.0213563013822
32068898,7,22,1504.7088563023135,1516.0838447315618
32068898,9,25,1543.2296664975584,1555.542166499421
32068898,9,26,1556.729666499421,1568.458821593318
32068898,12,31,1624.958798439242,1638.9796317690052
32068898,12,32,1640.0421317685395,1652.875453523826
32068898,27,61,2036.2780692591327,2048.125279903412
32068898,27,62,2049.1530576804653,2060.6391687882133
32068898,28,63,2061.847502121236,2073.958601654973
32068898,28,64,2075.1530460990034,2087.0974905407056
32068898,29,65,2088.2363794292323,2101.375256741885
32068898,29,66,2102.326645630412,2114.430812295992
32068898,30,67,2115.882201184518,2129.139134054538
32068898,30,68,2130.208578499034,2143.222467388492
32068898,31,69,2144.514134055469,2157.451622482855
32068898,31,70,2158.861344705336,2169.944678040687
32068898,33,73,2201.729388698004,2213.86132157268
32068898,33,74,2215.430766017642,2227.5696549103595
32068898,34,75,2228.750210466329,2240.902976674028
32068898,34,76,2241.9863100075163,2254.062698900234
32068898,36,79,2280.902965109796,2292.8543424261734
32068898,36,80,2293.7918424261734,2305.9862868711352
32068898,37,81,2307.2362868711352,2319.0279419636354
32068898,37,82,2320.222386407666,2332.576553073246
32068898,39,85,2361.770974363666,2374.8543076934293
32068898,39,86,2375.86125213746,2389.715407225769
32545814,5,17,1437.97971276287,1450.1880460991524
32545814,5,18,1451.563046099618,1464.2713678628206
32545814,6,19,1468.2713678642176,1477.0213678670116
32545814,6,20,1478.1047012005,1490.0421896306798
32545814,32,71,2174.222455819603,2185.9377220263705
32545814,32,72,2186.9446664713323,2200.2293886975385
32545814,33,73,2201.729388698004,2213.86132157268
32545814,33,74,2215.430766017642,2227.5696549103595
32818831,62,131,2988.435048438143,2994.881807698868
32818831,62,131,2995.092455847189,3000.9234627927653
32818831,62,132,3001.134110941086,3007.53457390517
32818831,62,132,3007.7452220534906,3014.152629461605
32832770,32,71,2174.222455819603,2185.9377220263705
32832770,32,72,2186.9446664713323,2200.2293886975385
32832770,33,73,2201.729388698004,2213.86132157268
32832770,33,74,2215.430766017642,2227.5696549103595
32874667,32,71,2174.222455819603,2185.9377220263705
32874667,32,72,2186.9446664713323,2200.2293886975385
32874667,33,73,2201.729388698004,2213.86132157268
32874667,33,74,2215.430766017642,2227.5696549103595
32874669,6,19,1468.2713678642176,1477.0213678670116
32874669,6,20,1478.1047012005,1490.0421896306798
32874669,32,71,2174.222455819603,2185.9377220263705
32874669,32,72,2186.9446664713323,2200.2293886975385
32874669,33,73,2201.729388698004,2213.86132157268
32874669,33,74,2215.430766017642,2227.5696549103595
33006416,32,71,2174.222455819603,2185.9377220263705
33006416,32,72,2186.9446664713323,2200.2293886975385
33006416,33,73,2201.729388698004,2213.86132157268
33006416,33,74,2215.430766017642,2227.5696549103595
33625968,30,67,2115.882201184518,2129.139134054538
33625968,30,68,2130.208578499034,2143.222467388492
33938658,6,19,1468.2713678642176,1477.0213678670116
33938658,6,20,1478.1047012005,1490.0421896306798
33938658,33,73,2201.729388698004,2213.86132157268
33938658,33,74,2215.430766017642,2227.5696549103595
34819306,58,123,2882.323983593378,2889.4235206316225
34819306,58,123,2889.634168779477,2896.0554535030387
34819306,58,124,2896.26610165136,2903.38415720826
34819306,58,124,2903.5948053565808,2910.048509061802
34850833,58,123,2882.323983593378,2889.4235206316225
34850833,58,123,2889.634168779477,2896.0554535030387
34850833,58,124,2896.26610165136,2903.38415720826
34850833,58,124,2903.5948053565808,2910.048509061802
34854440,44,95,2500.1875831289217,2511.7223053518683
34854440,44,96,2513.2014604443684,2519.4167382232845
34854440,44,96,2519.4236826677807,2524.4375715572387
34870785,62,131,2988.435048438143,2994.881807698868
34870785,62,131,2995.092455847189,3000.9234627927653
34870785,62,132,3001.134110941086,3007.53457390517
34870785,62,132,3007.7452220534906,3014.152629461605
34870785,63,133,3014.3632776099257,3021.187351684552
34870785,63,133,3021.3979998328723,3027.3910438148305
34870785,63,134,3027.601691963151,3034.0901178894565
34870785,63,134,3034.300766037777,3040.8979882597923
34883452,58,123,2882.323983593378,2889.4235206316225
34883452,58,123,2889.634168779477,2896.0554535030387
34883452,58,124,2896.26610165136,2903.38415720826
34883452,58,124,2903.5948053565808,2910.048509061802
34885758,42,91,2447.687606282532,2460.3056502612308
34885758,42,92,2461.2362058167346,2473.159816926345
34885758,44,95,2500.1875831289217,2511.7223053518683
34885758,44,96,2513.2014604443684,2519.4167382232845
34885758,44,96,2519.4236826677807,2524.4375715572387
34942528,43,93,2474.166761370376,2486.1250831289217
34942528,43,94,2487.180638684425,2498.888972017914
34942528,58,123,2882.323983593378,2889.4235206316225
34942528,58,123,2889.634168779477,2896.0554535030387
34942528,58,124,2896.26610165136,2903.38415720826
34942528,58,124,2903.5948053565808,2910.048509061802
35001854,11,29,1596.7713100183755,1609.6879766830243
35001854,11,30,1610.7921433495358,1623.875465106219
35001854,12,31,1624.958798439242,1638.9796317690052
35001854,12,32,1640.0421317685395,1652.875453523826
35001854,38,83,2333.854319276754,2346.3334859414026
35001854,38,84,2347.2987637189217,2360.5487521416508
35001854,65,137,3068.7336248317733,3075.9674095525406
35001854,65,137,3076.178057700861,3083.47435399564
35001854,65,138,3083.685002143495,3087.4674095502123
35001854,65,138,3087.4697243650444,3090.252131771762
35001854,65,138,3090.462779919617,3096.58777991822
35024972,42,91,2447.687606282532,2460.3056502612308
35024972,42,92,2461.2362058167346,2473.159816926345
35024972,43,93,2474.166761370376,2486.1250831289217
35024972,43,94,2487.180638684425,2498.888972017914
35024972,58,123,2882.323983593378,2889.4235206316225
35024972,58,123,2889.634168779477,2896.0554535030387
35024972,58,124,2896.26610165136,2903.38415720826
35024972,58,124,2903.5948053565808,2910.048509061802
35118678,42,91,2447.687606282532,2460.3056502612308
35118678,42,92,2461.2362058167346,2473.159816926345
35118678,43,93,2474.166761370376,2486.1250831289217
35118678,43,94,2487.180638684425,2498.888972017914
35154714,43,93,2474.166761370376,2486.1250831289217
35154714,43,94,2487.180638684425,2498.888972017914
35155385,42,91,2447.687606282532,2460.3056502612308
35155385,42,92,2461.2362058167346,2473.159816926345
35155558,42,91,2447.687606282532,2460.3056502612308
35155558,42,92,2461.2362058167346,2473.159816926345
35155558,43,93,2474.166761370376,2486.1250831289217
35155558,43,94,2487.180638684425,2498.888972017914
35155558,44,95,2500.1875831289217,2511.7223053518683
35155558,44,96,2513.2014604443684,2519.4167382232845
35155558,44,96,2519.4236826677807,2524.4375715572387
35155659,42,91,2447.687606282532,2460.3056502612308
35155659,42,92,2461.2362058167346,2473.159816926345
35155659,43,93,2474.166761370376,2486.1250831289217
35155659,43,94,2487.180638684425,2498.888972017914
35155659,44,95,2500.1875831289217,2511.7223053518683
35155659,44,96,2513.2014604443684,2519.4167382232845
35155659,44,96,2519.4236826677807,2524.4375715572387
35155775,42,91,2447.687606282532,2460.3056502612308
35155775,42,92,2461.2362058167346,2473.159816926345
35155775,43,93,2474.166761370376,2486.1250831289217
35155775,43,94,2487.180638684425,2498.888972017914
35155775,44,95,2500.1875831289217,2511.7223053518683
35155775,44,96,2513.2014604443684,2519.4167382232845
35155775,44,96,2519.4236826677807,2524.4375715572387
35156014,42,91,2447.687606282532,2460.3056502612308
35156014,42,92,2461.2362058167346,2473.159816926345
35156014,43,93,2474.166761370376,2486.1250831289217
35156014,43,94,2487.180638684425,2498.888972017914
35156014,44,95,2500.1875831289217,2511.7223053518683
35156014,44,96,2513.2014604443684,2519.4167382232845
35156014,44,96,2519.4236826677807,2524.4375715572387
35156034,43,93,2474.166761370376,2486.1250831289217
35156034,43,94,2487.180638684425,2498.888972017914
35156034,44,95,2500.1875831289217,2511.7223053518683
35156034,44,96,2513.2014604443684,2519.4167382232845
35156034,44,96,2519.4236826677807,2524.4375715572387
35156120,44,95,2500.1875831289217,2511.7223053518683
35156120,44,96,2513.2014604443684,2519.4167382232845
35156120,44,96,2519.4236826677807,2524.4375715572387
35156210,44,95,2500.1875831289217,2511.7223053518683
35156210,44,96,2513.2014604443684,2519.4167382232845
35156210,44,96,2519.4236826677807,2524.4375715572387
35156221,44,95,2500.1875831289217,2511.7223053518683
35156221,44,96,2513.2014604443684,2519.4167382232845
35156221,44,96,2519.4236826677807,2524.4375715572387
35156235,42,91,2447.687606282532,2460.3056502612308
35156235,42,92,2461.2362058167346,2473.159816926345
35156235,44,95,2500.1875831289217,2511.7223053518683
35156235,44,96,2513.2014604443684,2519.4167382232845
35156235,44,96,2519.4236826677807,2524.4375715572387
35156250,43,93,2474.166761370376,2486.1250831289217
35156250,43,94,2487.180638684425,2498.888972017914
35156413,43,93,2474.166761370376,2486.1250831289217
35156413,43,94,2487.180638684425,2498.888972017914
35156755,42,91,2447.687606282532,2460.3056502612308
35156755,42,92,2461.2362058167346,2473.159816926345
35156755,43,93,2474.166761370376,2486.1250831289217
35156755,43,94,2487.180638684425,2498.888972017914
35156755,44,95,2500.1875831289217,2511.7223053518683
35156755,44,96,2513.2014604443684,2519.4167382232845
35156755,44,96,2519.4236826677807,2524.4375715572387
35156829,44,95,2500.1875831289217,2511.7223053518683
35156829,44,96,2513.2014604443684,2519.4167382232845
35156829,44,96,2519.4236826677807,2524.4375715572387
35156991,42,91,2447.687606282532,2460.3056502612308
35156991,42,92,2461.2362058167346,2473.159816926345
35156991,43,93,2474.166761370376,2486.1250831289217
35156991,43,94,2487.180638684425,2498.888972017914
35157428,42,91,2447.687606282532,2460.3056502612308
35157428,42,92,2461.2362058167346,2473.159816926345
35157428,43,93,2474.166761370376,2486.1250831289217
35157428,43,94,2487.180638684425,2498.888972017914
35157428,44,95,2500.1875831289217,2511.7223053518683
35157428,44,96,2513.2014604443684,2519.4167382232845
35157428,44,96,2519.4236826677807,2524.4375715572387
35159411,42,91,2447.687606282532,2460.3056502612308
35159411,42,92,2461.2362058167346,2473.159816926345
35159411,43,93,2474.166761370376,2486.1250831289217
35159411,43,94,2487.180638684425,2498.888972017914
35159478,42,91,2447.687606282532,2460.3056502612308
35159478,42,92,2461.2362058167346,2473.159816926345
35159560,43,93,2474.166761370376,2486.1250831289217
35159560,43,94,2487.180638684425,2498.888972017914
35159657,42,91,2447.687606282532,2460.3056502612308
35159657,42,92,2461.2362058167346,2473.159816926345
35159699,42,91,2447.687606282532,2460.3056502612308
35159699,42,92,2461.2362058167346,2473.159816926345
35159699,44,95,2500.1875831289217,2511.7223053518683
35159699,44,96,2513.2014604443684,2519.4167382232845
35159699,44,96,2519.4236826677807,2524.4375715572387
35159780,43,93,2474.166761370376,2486.1250831289217
35159780,43,94,2487.180638684425,2498.888972017914
35159780,44,95,2500.1875831289217,2511.7223053518683
35159780,44,96,2513.2014604443684,2519.4167382232845
35159780,44,96,2519.4236826677807,2524.4375715572387
35159964,44,95,2500.1875831289217,2511.7223053518683
35159964,44,96,2513.2014604443684,2519.4167382232845
35159964,44,96,2519.4236826677807,2524.4375715572387
35160087,43,93,2474.166761370376,2486.1250831289217
35160087,43,94,2487.180638684425,2498.888972017914
35160087,44,95,2500.1875831289217,2511.7223053518683
35160087,44,96,2513.2014604443684,2519.4167382232845
35160087,44,96,2519.4236826677807,2524.4375715572387
35200229,43,93,2474.166761370376,2486.1250831289217
35200229,43,94,2487.180638684425,2498.888972017914
35200229,44,95,2500.1875831289217,2511.7223053518683
35200229,44,96,2513.2014604443684,2519.4167382232845
35200229,44,96,2519.4236826677807,2524.4375715572387
35200371,43,93,2474.166761370376,2486.1250831289217
35200371,43,94,2487.180638684425,2498.888972017914
35200371,44,95,2500.1875831289217,2511.7223053518683
35200371,44,96,2513.2014604443684,2519.4167382232845
35200371,44,96,2519.4236826677807,2524.4375715572387
35200790,42,91,2447.687606282532,2460.3056502612308
35200790,42,92,2461.2362058167346,2473.159816926345
35200790,44,95,2500.1875831289217,2511.7223053518683
35200790,44,96,2513.2014604443684,2519.4167382232845
35200790,44,96,2519.4236826677807,2524.4375715572387
35204126,43,93,2474.166761370376,2486.1250831289217
35204126,43,94,2487.180638684425,2498.888972017914
35204831,42,91,2447.687606282532,2460.3056502612308
35204831,42,92,2461.2362058167346,2473.159816926345
35204831,44,95,2500.1875831289217,2511.7223053518683
35204831,44,96,2513.2014604443684,2519.4167382232845
35204831,44,96,2519.4236826677807,2524.4375715572387
35204978,42,91,2447.687606282532,2460.3056502612308
35204978,42,92,2461.2362058167346,2473.159816926345
35204978,43,93,2474.166761370376,2486.1250831289217
35204978,43,94,2487.180638684425,2498.888972017914
35205052,43,93,2474.166761370376,2486.1250831289217
35205052,43,94,2487.180638684425,2498.888972017914
35205052,44,95,2500.1875831289217,2511.7223053518683
35205052,44,96,2513.2014604443684,2519.4167382232845
35205052,44,96,2519.4236826677807,2524.4375715572387
35205082,43,93,2474.166761370376,2486.1250831289217
35205082,43,94,2487.180638684425,2498.888972017914
35205082,44,95,2500.1875831289217,2511.7223053518683
35205082,44,96,2513.2014604443684,2519.4167382232845
35205082,44,96,2519.4236826677807,2524.4375715572387
35205316,42,91,2447.687606282532,2460.3056502612308
35205316,42,92,2461.2362058167346,2473.159816926345
35205316,43,93,2474.166761370376,2486.1250831289217
35205316,43,94,2487.180638684425,2498.888972017914
35205354,43,93,2474.166761370376,2486.1250831289217
35205354,43,94,2487.180638684425,2498.888972017914
35205530,42,91,2447.687606282532,2460.3056502612308
35205530,42,92,2461.2362058167346,2473.159816926345
35205530,44,95,2500.1875831289217,2511.7223053518683
35205530,44,96,2513.2014604443684,2519.4167382232845
35205530,44,96,2519.4236826677807,2524.4375715572387
35205613,43,93,2474.166761370376,2486.1250831289217
35205613,43,94,2487.180638684425,2498.888972017914
35205613,44,95,2500.1875831289217,2511.7223053518683
35205613,44,96,2513.2014604443684,2519.4167382232845
35205613,44,96,2519.4236826677807,2524.4375715572387
35205768,44,95,2500.1875831289217,2511.7223053518683
35205768,44,96,2513.2014604443684,2519.4167382232845
35205768,44,96,2519.4236826677807,2524.4375715572387
35205926,42,91,2447.687606282532,2460.3056502612308
35205926,42,92,2461.2362058167346,2473.159816926345
35205926,44,95,2500.1875831289217,2511.7223053518683
35205926,44,96,2513.2014604443684,2519.4167382232845
35205926,44,96,2519.4236826677807,2524.4375715572387
35206374,42,91,2447.687606282532,2460.3056502612308
35206374,42,92,2461.2362058167346,2473.159816926345
35206374,43,93,2474.166761370376,2486.1250831289217
35206374,43,94,2487.180638684425,2498.888972017914
35206374,44,95,2500.1875831289217,2511.7223053518683
35206374,44,96,2513.2014604443684,2519.4167382232845
35206374,44,96,2519.4236826677807,2524.4375715572387
35206455,43,93,2474.166761370376,2486.1250831289217
35206455,43,94,2487.180638684425,2498.888972017914
35206455,44,95,2500.1875831289217,2511.7223053518683
35206455,44,96,2513.2014604443684,2519.4167382232845
35206455,44,96,2519.4236826677807,2524.4375715572387
35602999,62,131,2988.435048438143,2994.881807698868
35602999,62,131,2995.092455847189,3000.9234627927653
35602999,62,132,3001.134110941086,3007.53457390517
35602999,62,132,3007.7452220534906,3014.152629461605
35602999,63,133,3014.3632776099257,3021.187351684552
35602999,63,133,3021.3979998328723,3027.3910438148305
35602999,63,134,3027.601691963151,3034.0901178894565
35602999,63,134,3034.300766037777,3040.8979882597923
35745429,31,69,2144.514134055469,2157.451622482855
35745429,31,70,2158.861344705336,2169.944678040687
36959970,12,31,1624.958798439242,1638.9796317690052
36959970,12,32,1640.0421317685395,1652.875453523826
37307440,33,73,2201.729388698004,2213.86132157268
37307440,33,74,2215.430766017642,2227.5696549103595
37997333,33,73,2201.729388698004,2213.86132157268
37997333,33,74,2215.430766017642,2227.5696549103595
37997336,33,73,2201.729388698004,2213.86132157268
37997336,33,74,2215.430766017642,2227.5696549103595
38680132,1,9,1325.3130924007855,1338.5214257300831
38680132,1,10,1339.6672474890947,1353.167247485835
38680132,2,11,1354.1047474853694,1367.1464141495526
38680132,2,12,1368.6047359085642,1381.5005692406558
38680132,7,21,1491.625522964634,1503.0213563013822
38680132,7,22,1504.7088563023135,1516.0838447315618
38680132,8,23,1517.354678065516,1529.0630114017986
38680132,8,24,1530.2713447352871,1531.7296780692411
38680132,8,24,1535.0005114031956,1542.0004998305812
38680132,11,29,1596.7713100183755,1609.6879766830243
38680132,11,30,1610.7921433495358,1623.875465106219
38680132,12,31,1624.958798439242,1638.9796317690052
38680132,12,32,1640.0421317685395,1652.875453523826
38680132,13,33,1653.9171201903373,1667.6879535191692
38680132,13,34,1668.6254535187036,1682.3546086070128
38680132,27,61,2036.2780692591327,2048.125279903412
38680132,27,62,2049.1530576804653,2060.6391687882133
38680132,34,75,2228.750210466329,2240.902976674028
38680132,34,76,2241.9863100075163,2254.062698900234
38680132,35,77,2254.9863100117072,2266.1043539959937
38680132,35,77,2266.3751873290166,2267.146020662505
38680132,35,78,2268.583520662971,2279.979353998322
38680132,36,79,2280.902965109796,2292.8543424261734
38680132,36,80,2293.7918424261734,2305.9862868711352
38680132,38,83,2333.854319276754,2346.3334859414026
38680132,38,84,2347.2987637189217,2360.5487521416508
38680132,39,85,2361.770974363666,2374.8543076934293
38680132,39,86,2375.86125213746,2389.715407225769
38905773,5,17,1437.97971276287,1450.1880460991524
38905773,5,18,1451.563046099618,1464.2713678628206
38905773,6,19,1468.2713678642176,1477.0213678670116
38905773,6,20,1478.1047012005,1490.0421896306798
38905773,7,21,1491.625522964634,1503.0213563013822
38905773,7,22,1504.7088563023135,1516.0838447315618
38905773,9,25,1543.2296664975584,1555.542166499421
38905773,9,26,1556.729666499421,1568.458821593318
38905773,11,29,1596.7713100183755,1609.6879766830243
38905773,11,30,1610.7921433495358,1623.875465106219
38905773,12,31,1624.958798439242,1638.9796317690052
38905773,12,32,1640.0421317685395,1652.875453523826
38905773,13,33,1653.9171201903373,1667.6879535191692
38905773,13,34,1668.6254535187036,1682.3546086070128
42974961,12,31,1624.958798439242,1638.9796317690052
42974961,12,32,1640.0421317685395,1652.875453523826
44517110,62,131,2988.435048438143,2994.881807698868
44517110,62,131,2995.092455847189,3000.9234627927653
44517110,62,132,3001.134110941086,3007.53457390517
44517110,62,132,3007.7452220534906,3014.152629461605
44688594,62,131,2988.435048438143,2994.881807698868
44688594,62,131,2995.092455847189,3000.9234627927653
44688594,62,132,3001.134110941086,3007.53457390517
44688594,62,132,3007.7452220534906,3014.152629461605
44688594,63,133,3014.3632776099257,3021.187351684552
44688594,63,133,3021.3979998328723,3027.3910438148305
44688594,63,134,3027.601691963151,3034.0901178894565
44688594,63,134,3034.300766037777,3040.8979882597923
44743153,4,15,1410.917224333156,1413.2505576666445
44743153,4,15,1413.2713909996671,1418.4797243336216
44743153,4,15,1421.2297243340872,1423.5005576675758
44743153,4,16,1424.5630576680414,1436.833879429381
44743153,5,17,1437.97971276287,1450.1880460991524
44743153,5,18,1451.563046099618,1464.2713678628206
44926734,62,131,2988.435048438143,2994.881807698868
44926734,62,131,2995.092455847189,3000.9234627927653
44926734,62,132,3001.134110941086,3007.53457390517
44926734,62,132,3007.7452220534906,3014.152629461605
44926734,63,133,3014.3632776099257,3021.187351684552
44926734,63,133,3021.3979998328723,3027.3910438148305
44926734,63,134,3027.601691963151,3034.0901178894565
44926734,63,134,3034.300766037777,3040.8979882597923
45460157,10,27,1569.4379882598296,1581.771321593318
45460157,10,28,1582.771321593318,1595.667143351864
45460157,35,77,2254.9863100117072,2266.1043539959937
45460157,35,77,2266.3751873290166,2267.146020662505
45460157,35,78,2268.583520662971,2279.979353998322
45460157,37,81,2307.2362868711352,2319.0279419636354
45460157,37,82,2320.222386407666,2332.576553073246
45460236,10,27,1569.4379882598296,1581.771321593318
45460236,10,28,1582.771321593318,1595.667143351864
45603316,62,131,2988.435048438143,2994.881807698868
45603316,62,131,2995.092455847189,3000.9234627927653
45603316,62,132,3001.134110941086,3007.53457390517
45603316,62,132,3007.7452220534906,3014.152629461605
45603316,63,133,3014.3632776099257,3021.187351684552
45603316,63,133,3021.3979998328723,3027.3910438148305
45603316,63,134,3027.601691963151,3034.0901178894565
45603316,63,134,3034.300766037777,3040.8979882597923
46386531,6,19,1468.2713678642176,1477.0213678670116
46386531,6,20,1478.1047012005,1490.0421896306798
46386531,32,71,2174.222455819603,2185.9377220263705
46386531,32,72,2186.9446664713323,2200.2293886975385
46424743,42,91,2447.687606282532,2460.3056502612308
46424743,42,92,2461.2362058167346,2473.159816926345
46424743,43,93,2474.166761370376,2486.1250831289217
46424743,43,94,2487.180638684425,2498.888972017914
46424743,58,123,2882.323983593378,2889.4235206316225
46424743,58,123,2889.634168779477,2896.0554535030387
46424743,58,124,2896.26610165136,2903.38415720826
46424743,58,124,2903.5948053565808,2910.048509061802
46427659,42,91,2447.687606282532,2460.3056502612308
46427659,42,92,2461.2362058167346,2473.159816926345
46476638,42,91,2447.687606282532,2460.3056502612308
46476638,42,92,2461.2362058167346,2473.159816926345
46476638,43,93,2474.166761370376,2486.1250831289217
46476638,43,94,2487.180638684425,2498.888972017914
46476638,44,95,2500.1875831289217,2511.7223053518683
46476638,44,96,2513.2014604443684,2519.4167382232845
46476638,44,96,2519.4236826677807,2524.4375715572387
46476660,42,91,2447.687606282532,2460.3056502612308
46476660,42,92,2461.2362058167346,2473.159816926345
46476660,43,93,2474.166761370376,2486.1250831289217
46476660,43,94,2487.180638684425,2498.888972017914
46476660,44,95,2500.1875831289217,2511.7223053518683
46476660,44,96,2513.2014604443684,2519.4167382232845
46476660,44,96,2519.4236826677807,2524.4375715572387
46478551,18,43,1790.6670622974634,1791.1045622974634
46478551,18,43,1791.375395630952,1802.4378956332805
46478551,18,44,1803.4587289667688,1815.0212173955515
46478652,43,93,2474.166761370376,2486.1250831289217
46478652,43,94,2487.180638684425,2498.888972017914
46478653,43,93,2474.166761370376,2486.1250831289217
46478653,43,94,2487.180638684425,2498.888972017914
46478996,44,95,2500.1875831289217,2511.7223053518683
46478996,44,96,2513.2014604443684,2519.4167382232845
46478996,44,96,2519.4236826677807,2524.4375715572387
46478996,58,123,2882.323983593378,2889.4235206316225
46478996,58,123,2889.634168779477,2896.0554535030387
46478996,58,124,2896.26610165136,2903.38415720826
46478996,58,124,2903.5948053565808,2910.048509061802
46481769,42,91,2447.687606282532,2460.3056502612308
46481769,42,92,2461.2362058167346,2473.159816926345
46481773,42,91,2447.687606282532,2460.3056502612308
46481773,42,92,2461.2362058167346,2473.159816926345
46481773,43,93,2474.166761370376,2486.1250831289217
46481773,43,94,2487.180638684425,2498.888972017914
46481773,44,95,2500.1875831289217,2511.7223053518683
46481773,44,96,2513.2014604443684,2519.4167382232845
46481773,44,96,2519.4236826677807,2524.4375715572387
46502610,42,91,2447.687606282532,2460.3056502612308
46502610,42,92,2461.2362058167346,2473.159816926345
46507092,42,91,2447.687606282532,2460.3056502612308
46507092,42,92,2461.2362058167346,2473.159816926345
46507092,43,93,2474.166761370376,2486.1250831289217
46507092,43,94,2487.180638684425,2498.888972017914
46507092,44,95,2500.1875831289217,2511.7223053518683
46507092,44,96,2513.2014604443684,2519.4167382232845
46507092,44,96,2519.4236826677807,2524.4375715572387
46531745,6,19,1468.2713678642176,1477.0213678670116
46531745,6,20,1478.1047012005,1490.0421896306798
46531745,32,71,2174.222455819603,2185.9377220263705
46531745,32,72,2186.9446664713323,2200.2293886975385
46533685,42,91,2447.687606282532,2460.3056502612308
46533685,42,92,2461.2362058167346,2473.159816926345
46533685,43,93,2474.166761370376,2486.1250831289217
46533685,43,94,2487.180638684425,2498.888972017914
46537331,42,91,2447.687606282532,2460.3056502612308
46537331,42,92,2461.2362058167346,2473.159816926345
46537331,43,93,2474.166761370376,2486.1250831289217
46537331,43,94,2487.180638684425,2498.888972017914
46537331,44,95,2500.1875831289217,2511.7223053518683
46537331,44,96,2513.2014604443684,2519.4167382232845
46537331,44,96,2519.4236826677807,2524.4375715572387
46537331,58,123,2882.323983593378,2889.4235206316225
46537331,58,123,2889.634168779477,2896.0554535030387
46537331,58,124,2896.26610165136,2903.38415720826
46537331,58,124,2903.5948053565808,2910.048509061802
46615389,42,91,2447.687606282532,2460.3056502612308
46615389,42,92,2461.2362058167346,2473.159816926345
46615389,43,93,2474.166761370376,2486.1250831289217
46615389,43,94,2487.180638684425,2498.888972017914
46615389,44,95,2500.1875831289217,2511.7223053518683
46615389,44,96,2513.2014604443684,2519.4167382232845
46615389,44,96,2519.4236826677807,2524.4375715572387
46616245,43,93,2474.166761370376,2486.1250831289217
46616245,43,94,2487.180638684425,2498.888972017914
46616245,44,95,2500.1875831289217,2511.7223053518683
46616245,44,96,2513.2014604443684,2519.4167382232845
46616245,44,96,2519.4236826677807,2524.4375715572387
46617053,42,91,2447.687606282532,2460.3056502612308
46617053,42,92,2461.2362058167346,2473.159816926345
46617053,44,95,2500.1875831289217,2511.7223053518683
46617053,44,96,2513.2014604443684,2519.4167382232845
46617053,44,96,2519.4236826677807,2524.4375715572387
46619788,42,91,2447.687606282532,2460.3056502612308
46619788,42,92,2461.2362058167346,2473.159816926345
46620869,42,91,2447.687606282532,2460.3056502612308
46620869,42,92,2461.2362058167346,2473.159816926345
46620869,43,93,2474.166761370376,2486.1250831289217
46620869,43,94,2487.180638684425,2498.888972017914
46620869,44,95,2500.1875831289217,2511.7223053518683
46620869,44,96,2513.2014604443684,2519.4167382232845
46620869,44,96,2519.4236826677807,2524.4375715572387
46625172,6,19,1468.2713678642176,1477.0213678670116
46625172,6,20,1478.1047012005,1490.0421896306798
46625172,32,71,2174.222455819603,2185.9377220263705
46625172,32,72,2186.9446664713323,2200.2293886975385
46628484,42,91,2447.687606282532,2460.3056502612308
46628484,42,92,2461.2362058167346,2473.159816926345
46628484,44,95,2500.1875831289217,2511.7223053518683
46628484,44,96,2513.2014604443684,2519.4167382232845
46628484,44,96,2519.4236826677807,2524.4375715572387
46628627,44,95,2500.1875831289217,2511.7223053518683
46628627,44,96,2513.2014604443684,2519.4167382232845
46628627,44,96,2519.4236826677807,2524.4375715572387
46628636,43,93,2474.166761370376,2486.1250831289217
46628636,43,94,2487.180638684425,2498.888972017914
46628636,44,95,2500.1875831289217,2511.7223053518683
46628636,44,96,2513.2014604443684,2519.4167382232845
46628636,44,96,2519.4236826677807,2524.4375715572387
46628798,44,95,2500.1875831289217,2511.7223053518683
46628798,44,96,2513.2014604443684,2519.4167382232845
46628798,44,96,2519.4236826677807,2524.4375715572387
46633507,42,91,2447.687606282532,2460.3056502612308
46633507,42,92,2461.2362058167346,2473.159816926345
46633507,43,93,2474.166761370376,2486.1250831289217
46633507,43,94,2487.180638684425,2498.888972017914
46633507,44,95,2500.1875831289217,2511.7223053518683
46633507,44,96,2513.2014604443684,2519.4167382232845
46633507,44,96,2519.4236826677807,2524.4375715572387
46633710,42,91,2447.687606282532,2460.3056502612308
46633710,42,92,2461.2362058167346,2473.159816926345
46633710,43,93,2474.166761370376,2486.1250831289217
46633710,43,94,2487.180638684425,2498.888972017914
46633710,44,95,2500.1875831289217,2511.7223053518683
46633710,44,96,2513.2014604443684,2519.4167382232845
46633710,44,96,2519.4236826677807,2524.4375715572387
46634442,42,91,2447.687606282532,2460.3056502612308
46634442,42,92,2461.2362058167346,2473.159816926345
46634692,43,93,2474.166761370376,2486.1250831289217
46634692,43,94,2487.180638684425,2498.888972017914
46634692,44,95,2500.1875831289217,2511.7223053518683
46634692,44,96,2513.2014604443684,2519.4167382232845
46634692,44,96,2519.4236826677807,2524.4375715572387
46674761,44,95,2500.1875831289217,2511.7223053518683
46674761,44,96,2513.2014604443684,2519.4167382232845
46674761,44,96,2519.4236826677807,2524.4375715572387
46678194,42,91,2447.687606282532,2460.3056502612308
46678194,42,92,2461.2362058167346,2473.159816926345
46678194,43,93,2474.166761370376,2486.1250831289217
46678194,43,94,2487.180638684425,2498.888972017914
46678194,44,95,2500.1875831289217,2511.7223053518683
46678194,44,96,2513.2014604443684,2519.4167382232845
46678194,44,96,2519.4236826677807,2524.4375715572387
46679024,43,93,2474.166761370376,2486.1250831289217
46679024,43,94,2487.180638684425,2498.888972017914
46679622,42,91,2447.687606282532,2460.3056502612308
46679622,42,92,2461.2362058167346,2473.159816926345
46679622,43,93,2474.166761370376,2486.1250831289217
46679622,43,94,2487.180638684425,2498.888972017914
46679622,44,95,2500.1875831289217,2511.7223053518683
46679622,44,96,2513.2014604443684,2519.4167382232845
46679622,44,96,2519.4236826677807,2524.4375715572387
46679751,42,91,2447.687606282532,2460.3056502612308
46679751,42,92,2461.2362058167346,2473.159816926345
46679751,43,93,2474.166761370376,2486.1250831289217
46679751,43,94,2487.180638684425,2498.888972017914
46679921,42,91,2447.687606282532,2460.3056502612308
46679921,42,92,2461.2362058167346,2473.159816926345
46679921,43,93,2474.166761370376,2486.1250831289217
46679921,43,94,2487.180638684425,2498.888972017914
46679921,44,95,2500.1875831289217,2511.7223053518683
46679921,44,96,2513.2014604443684,2519.4167382232845
46679921,44,96,2519.4236826677807,2524.4375715572387
46680801,43,93,2474.166761370376,2486.1250831289217
46680801,43,94,2487.180638684425,2498.888972017914
46680801,44,95,2500.1875831289217,2511.7223053518683
46680801,44,96,2513.2014604443684,2519.4167382232845
46680801,44,96,2519.4236826677807,2524.4375715572387
47596872,6,19,1468.2713678642176,1477.0213678670116
47596872,6,20,1478.1047012005,1490.0421896306798
48630780,11,29,1596.7713100183755,1609.6879766830243
48630780,11,30,1610.7921433495358,1623.875465106219
48630780,65,137,3068.7336248317733,3075.9674095525406
48630780,65,137,3076.178057700861,3083.47435399564
48630780,65,138,3083.685002143495,3087.4674095502123
48630780,65,138,3087.4697243650444,3090.252131771762
48630780,65,138,3090.462779919617,3096.58777991822
50126660,58,123,2882.323983593378,2889.4235206316225
50126660,58,123,2889.634168779477,2896.0554535030387
50126660,58,124,2896.26610165136,2903.38415720826
50126660,58,124,2903.5948053565808,2910.048509061802
51170683,60,127,2936.89803453302,2943.703590090852
51170683,60,127,2943.914238238707,2949.766078518704
51170683,60,128,2949.9767266665585,2949.992930370383
51170683,60,128,2955.039226668421,2956.2429303727117
51170683,60,128,2956.453578520566,2962.5832081525587
51997221,6,19,1468.2713678642176,1477.0213678670116
51997221,6,20,1478.1047012005,1490.0421896306798
52256020,1,9,1325.3130924007855,1338.5214257300831
52256020,1,10,1339.6672474890947,1353.167247485835
52256020,2,11,1354.1047474853694,1367.1464141495526
52256020,2,12,1368.6047359085642,1381.5005692406558
52256020,27,61,2036.2780692591327,2048.125279903412
52256020,27,62,2049.1530576804653,2060.6391687882133
52256020,28,63,2061.847502121236,2073.958601654973
52256020,28,64,2075.1530460990034,2087.0974905407056
53062654,6,19,1468.2713678642176,1477.0213678670116
53062654,6,20,1478.1047012005,1490.0421896306798
53062654,7,21,1491.625522964634,1503.0213563013822
53062654,7,22,1504.7088563023135,1516.0838447315618
53062654,33,73,2201.729388698004,2213.86132157268
53062654,33,74,2215.430766017642,2227.5696549103595
53062654,34,75,2228.750210466329,2240.902976674028
53062654,34,76,2241.9863100075163,2254.062698900234
53171674,6,19,1468.2713678642176,1477.0213678670116
53171674,6,20,1478.1047012005,1490.0421896306798
53171674,7,21,1491.625522964634,1503.0213563013822
53171674,7,22,1504.7088563023135,1516.0838447315618
53171674,34,75,2228.750210466329,2240.902976674028
53171674,34,76,2241.9863100075163,2254.062698900234
53417036,6,19,1468.2713678642176,1477.0213678670116
53417036,6,20,1478.1047012005,1490.0421896306798
53417036,33,73,2201.729388698004,2213.86132157268
53417036,33,74,2215.430766017642,2227.5696549103595
53688674,6,19,1468.2713678642176,1477.0213678670116
53688674,6,20,1478.1047012005,1490.0421896306798
53688674,7,21,1491.625522964634,1503.0213563013822
53688674,7,22,1504.7088563023135,1516.0838447315618
53688674,34,75,2228.750210466329,2240.902976674028
53688674,34,76,2241.9863100075163,2254.062698900234
54007252,43,93,2474.166761370376,2486.1250831289217
54007252,43,94,2487.180638684425,2498.888972017914
54007252,44,95,2500.1875831289217,2511.7223053518683
54007252,44,96,2513.2014604443684,2519.4167382232845
54007252,44,96,2519.4236826677807,2524.4375715572387
54007252,45,97,2525.507016001735,2537.979226652533
54007252,45,98,2539.1389488750137,2550.625059989281
54008191,43,93,2474.166761370376,2486.1250831289217
54008191,43,94,2487.180638684425,2498.888972017914
54008191,45,97,2525.507016001735,2537.979226652533
54008191,45,98,2539.1389488750137,2550.625059989281
54038384,43,93,2474.166761370376,2486.1250831289217
54038384,43,94,2487.180638684425,2498.888972017914
54038384,45,97,2525.507016001735,2537.979226652533
54038384,45,98,2539.1389488750137,2550.625059989281
54038819,43,93,2474.166761370376,2486.1250831289217
54038819,43,94,2487.180638684425,2498.888972017914
54038819,45,97,2525.507016001735,2537.979226652533
54038819,45,98,2539.1389488750137,2550.625059989281
54175032,11,29,1596.7713100183755,1609.6879766830243
54175032,11,30,1610.7921433495358,1623.875465106219
54186553,45,97,2525.507016001735,2537.979226652533
54186553,45,98,2539.1389488750137,2550.625059989281
54186572,43,93,2474.166761370376,2486.1250831289217
54186572,43,94,2487.180638684425,2498.888972017914
54186817,43,93,2474.166761370376,2486.1250831289217
54186817,43,94,2487.180638684425,2498.888972017914
54186817,44,95,2500.1875831289217,2511.7223053518683
54186817,44,96,2513.2014604443684,2519.4167382232845
54186817,44,96,2519.4236826677807,2524.4375715572387
54186817,45,97,2525.507016001735,2537.979226652533
54186817,45,98,2539.1389488750137,2550.625059989281
54231347,43,93,2474.166761370376,2486.1250831289217
54231347,43,94,2487.180638684425,2498.888972017914
54231347,44,95,2500.1875831289217,2511.7223053518683
54231347,44,96,2513.2014604443684,2519.4167382232845
54231347,44,96,2519.4236826677807,2524.4375715572387
54231347,45,97,2525.507016001735,2537.979226652533
54231347,45,98,2539.1389488750137,2550.625059989281
54231350,43,93,2474.166761370376,2486.1250831289217
54231350,43,94,2487.180638684425,2498.888972017914
54231350,44,95,2500.1875831289217,2511.7223053518683
54231350,44,96,2513.2014604443684,2519.4167382232845
54231350,44,96,2519.4236826677807,2524.4375715572387
54231350,45,97,2525.507016001735,2537.979226652533
54231350,45,98,2539.1389488750137,2550.625059989281
54245747,11,29,1596.7713100183755,1609.6879766830243
54245747,11,30,1610.7921433495358,1623.875465106219
54245747,65,137,3068.7336248317733,3075.9674095525406
54245747,65,137,3076.178057700861,3083.47435399564
54245747,65,138,3083.685002143495,3087.4674095502123
54245747,65,138,3087.4697243650444,3090.252131771762
54245747,65,138,3090.462779919617,3096.58777991822
54667962,11,29,1596.7713100183755,1609.6879766830243
54667962,11,30,1610.7921433495358,1623.875465106219
54810190,11,29,1596.7713100183755,1609.6879766830243
54810190,11,30,1610.7921433495358,1623.875465106219
54810190,38,83,2333.854319276754,2346.3334859414026
54810190,38,84,2347.2987637189217,2360.5487521416508
54811378,11,29,1596.7713100183755,1609.6879766830243
54811378,11,30,1610.7921433495358,1623.875465106219
54811378,38,83,2333.854319276754,2346.3334859414026
54811378,38,84,2347.2987637189217,2360.5487521416508
55406666,31,69,2144.514134055469,2157.451622482855
55406666,31,70,2158.861344705336,2169.944678040687
55781202,27,61,2036.2780692591327,2048.125279903412
55781202,27,62,2049.1530576804653,2060.6391687882133
55781202,28,63,2061.847502121236,2073.958601654973
55781202,28,64,2075.1530460990034,2087.0974905407056
55781202,29,65,2088.2363794292323,2101.375256741885
55781202,29,66,2102.326645630412,2114.430812295992
55781202,30,67,2115.882201184518,2129.139134054538
55781202,30,68,2130.208578499034,2143.222467388492
55781202,31,69,2144.514134055469,2157.451622482855
55781202,31,70,2158.861344705336,2169.944678040687
55781202,32,71,2174.222455819603,2185.9377220263705
55781202,32,72,2186.9446664713323,2200.2293886975385
55781202,33,73,2201.729388698004,2213.86132157268
55781202,33,74,2215.430766017642,2227.5696549103595
55781202,34,75,2228.750210466329,2240.902976674028
55781202,34,76,2241.9863100075163,2254.062698900234
55781202,35,77,2254.9863100117072,2266.1043539959937
55781202,35,77,2266.3751873290166,2267.146020662505
55781202,35,78,2268.583520662971,2279.979353998322
55781202,36,79,2280.902965109796,2292.8543424261734
55781202,36,80,2293.7918424261734,2305.9862868711352
55781202,37,81,2307.2362868711352,2319.0279419636354
55781202,37,82,2320.222386407666,2332.576553073246
55781202,38,83,2333.854319276754,2346.3334859414026
55781202,38,84,2347.2987637189217,2360.5487521416508
55781202,39,85,2361.770974363666,2374.8543076934293
55781202,39,86,2375.86125213746,2389.715407225769
55935823,32,71,2174.222455819603,2185.9377220263705
55935823,32,72,2186.9446664713323,2200.2293886975385
56551765,43,93,2474.166761370376,2486.1250831289217
56551765,43,94,2487.180638684425,2498.888972017914
56624881,43,93,2474.166761370376,2486.1250831289217
56624881,43,94,2487.180638684425,2498.888972017914
56624881,44,95,2500.1875831289217,2511.7223053518683
56624881,44,96,2513.2014604443684,2519.4167382232845
56624881,44,96,2519.4236826677807,2524.4375715572387
56624887,19,45,1816.0837173955515,1827.9795507323
56624887,19,46,1828.9587173992768,1838.708705828525
56624887,19,46,1838.7295391620137,1841.1462058294564
56624887,43,93,2474.166761370376,2486.1250831289217
56624887,43,94,2487.180638684425,2498.888972017914
56624887,44,95,2500.1875831289217,2511.7223053518683
56624887,44,96,2513.2014604443684,2519.4167382232845
56624887,44,96,2519.4236826677807,2524.4375715572387
56625009,19,45,1816.0837173955515,1827.9795507323
56625009,19,46,1828.9587173992768,1838.708705828525
56625009,19,46,1838.7295391620137,1841.1462058294564
56625009,43,93,2474.166761370376,2486.1250831289217
56625009,43,94,2487.180638684425,2498.888972017914
56627416,19,45,1816.0837173955515,1827.9795507323
56627416,19,46,1828.9587173992768,1838.708705828525
56627416,19,46,1838.7295391620137,1841.1462058294564
56627488,43,93,2474.166761370376,2486.1250831289217
56627488,43,94,2487.180638684425,2498.888972017914
56628414,43,93,2474.166761370376,2486.1250831289217
56628414,43,94,2487.180638684425,2498.888972017914
56628414,44,95,2500.1875831289217,2511.7223053518683
56628414,44,96,2513.2014604443684,2519.4167382232845
56628414,44,96,2519.4236826677807,2524.4375715572387
56658816,19,45,1816.0837173955515,1827.9795507323
56658816,19,46,1828.9587173992768,1838.708705828525
56658816,19,46,1838.7295391620137,1841.1462058294564
56659140,43,93,2474.166761370376,2486.1250831289217
56659140,43,94,2487.180638684425,2498.888972017914
56659140,44,95,2500.1875831289217,2511.7223053518683
56659140,44,96,2513.2014604443684,2519.4167382232845
56659140,44,96,2519.4236826677807,2524.4375715572387
57528302,36,79,2280.902965109796,2292.8543424261734
57528302,36,80,2293.7918424261734,2305.9862868711352
58108583,19,45,1816.0837173955515,1827.9795507323
58108583,19,46,1828.9587173992768,1838.708705828525
58108583,19,46,1838.7295391620137,1841.1462058294564
58177093,19,45,1816.0837173955515,1827.9795507323
58177093,19,46,1828.9587173992768,1838.708705828525
58177093,19,46,1838.7295391620137,1841.1462058294564
58177093,43,93,2474.166761370376,2486.1250831289217
58177093,43,94,2487.180638684425,2498.888972017914
58177093,44,95,2500.1875831289217,2511.7223053518683
58177093,44,96,2513.2014604443684,2519.4167382232845
58177093,44,96,2519.4236826677807,2524.4375715572387
58229113,43,93,2474.166761370376,2486.1250831289217
58229113,43,94,2487.180638684425,2498.888972017914
58229181,19,45,1816.0837173955515,1827.9795507323
58229181,19,46,1828.9587173992768,1838.708705828525
58229181,19,46,1838.7295391620137,1841.1462058294564
58229237,43,93,2474.166761370376,2486.1250831289217
58229237,43,94,2487.180638684425,2498.888972017914
58231482,19,45,1816.0837173955515,1827.9795507323
58231482,19,46,1828.9587173992768,1838.708705828525
58231482,19,46,1838.7295391620137,1841.1462058294564
58231482,43,93,2474.166761370376,2486.1250831289217
58231482,43,94,2487.180638684425,2498.888972017914
58231482,44,95,2500.1875831289217,2511.7223053518683
58231482,44,96,2513.2014604443684,2519.4167382232845
58231482,44,96,2519.4236826677807,2524.4375715572387
58231518,43,93,2474.166761370376,2486.1250831289217
58231518,43,94,2487.180638684425,2498.888972017914
58231518,44,95,2500.1875831289217,2511.7223053518683
58231518,44,96,2513.2014604443684,2519.4167382232845
58231518,44,96,2519.4236826677807,2524.4375715572387
58231519,19,45,1816.0837173955515,1827.9795507323
58231519,19,46,1828.9587173992768,1838.708705828525
58231519,19,46,1838.7295391620137,1841.1462058294564
58231519,44,95,2500.1875831289217,2511.7223053518683
58231519,44,96,2513.2014604443684,2519.4167382232845
58231519,44,96,2519.4236826677807,2524.4375715572387
58281558,43,93,2474.166761370376,2486.1250831289217
58281558,43,94,2487.180638684425,2498.888972017914
58285782,19,45,1816.0837173955515,1827.9795507323
58285782,19,46,1828.9587173992768,1838.708705828525
58285782,19,46,1838.7295391620137,1841.1462058294564
58285782,44,95,2500.1875831289217,2511.7223053518683
58285782,44,96,2513.2014604443684,2519.4167382232845
58285782,44,96,2519.4236826677807,2524.4375715572387
58285785,43,93,2474.166761370376,2486.1250831289217
58285785,43,94,2487.180638684425,2498.888972017914
58285785,44,95,2500.1875831289217,2511.7223053518683
58285785,44,96,2513.2014604443684,2519.4167382232845
58285785,44,96,2519.4236826677807,2524.4375715572387
58285830,43,93,2474.166761370376,2486.1250831289217
58285830,43,94,2487.180638684425,2498.888972017914
58285830,44,95,2500.1875831289217,2511.7223053518683
58285830,44,96,2513.2014604443684,2519.4167382232845
58285830,44,96,2519.4236826677807,2524.4375715572387
58287935,19,45,1816.0837173955515,1827.9795507323
58287935,19,46,1828.9587173992768,1838.708705828525
58287935,19,46,1838.7295391620137,1841.1462058294564
58287935,43,93,2474.166761370376,2486.1250831289217
58287935,43,94,2487.180638684425,2498.888972017914
58287935,44,95,2500.1875831289217,2511.7223053518683
58287935,44,96,2513.2014604443684,2519.4167382232845
58287935,44,96,2519.4236826677807,2524.4375715572387
58287935,59,125,2910.259157210123,2916.742953508161
58287935,59,125,2916.9536016564816,2917.7707312861457
58287935,59,125,2917.77536091581,2923.347108602524
58287935,59,126,2923.5577567508444,2930.277664160356
58287935,59,126,2930.4883123086765,2936.6873863846995
58288478,43,93,2474.166761370376,2486.1250831289217
58288478,43,94,2487.180638684425,2498.888972017914
58288478,44,95,2500.1875831289217,2511.7223053518683
58288478,44,96,2513.2014604443684,2519.4167382232845
58288478,44,96,2519.4236826677807,2524.4375715572387
58288494,19,45,1816.0837173955515,1827.9795507323
58288494,19,46,1828.9587173992768,1838.708705828525
58288494,19,46,1838.7295391620137,1841.1462058294564
58288494,43,93,2474.166761370376,2486.1250831289217
58288494,43,94,2487.180638684425,2498.888972017914
58288494,44,95,2500.1875831289217,2511.7223053518683
58288494,44,96,2513.2014604443684,2519.4167382232845
58288494,44,96,2519.4236826677807,2524.4375715572387
58315672,43,93,2474.166761370376,2486.1250831289217
58315672,43,94,2487.180638684425,2498.888972017914
58315672,44,95,2500.1875831289217,2511.7223053518683
58315672,44,96,2513.2014604443684,2519.4167382232845
58315672,44,96,2519.4236826677807,2524.4375715572387
58315753,43,93,2474.166761370376,2486.1250831289217
58315753,43,94,2487.180638684425,2498.888972017914
58315753,44,95,2500.1875831289217,2511.7223053518683
58315753,44,96,2513.2014604443684,2519.4167382232845
58315753,44,96,2519.4236826677807,2524.4375715572387
58317850,43,93,2474.166761370376,2486.1250831289217
58317850,43,94,2487.180638684425,2498.888972017914
58317850,44,95,2500.1875831289217,2511.7223053518683
58317850,44,96,2513.2014604443684,2519.4167382232845
58317850,44,96,2519.4236826677807,2524.4375715572387
58366488,19,45,1816.0837173955515,1827.9795507323
58366488,19,46,1828.9587173992768,1838.708705828525
58366488,19,46,1838.7295391620137,1841.1462058294564
58366488,43,93,2474.166761370376,2486.1250831289217
58366488,43,94,2487.180638684425,2498.888972017914
58367096,44,95,2500.1875831289217,2511.7223053518683
58367096,44,96,2513.2014604443684,2519.4167382232845
58367096,44,96,2519.4236826677807,2524.4375715572387
58372772,43,93,2474.166761370376,2486.1250831289217
58372772,43,94,2487.180638684425,2498.888972017914
58372772,44,95,2500.1875831289217,2511.7223053518683
58372772,44,96,2513.2014604443684,2519.4167382232845
58372772,44,96,2519.4236826677807,2524.4375715572387
58429869,43,93,2474.166761370376,2486.1250831289217
58429869,43,94,2487.180638684425,2498.888972017914
58467184,19,45,1816.0837173955515,1827.9795507323
58467184,19,46,1828.9587173992768,1838.708705828525
58467184,19,46,1838.7295391620137,1841.1462058294564
58467533,19,45,1816.0837173955515,1827.9795507323
58467533,19,46,1828.9587173992768,1838.708705828525
58467533,19,46,1838.7295391620137,1841.1462058294564
58467533,43,93,2474.166761370376,2486.1250831289217
58467533,43,94,2487.180638684425,2498.888972017914
58467533,44,95,2500.1875831289217,2511.7223053518683
58467533,44,96,2513.2014604443684,2519.4167382232845
58467533,44,96,2519.4236826677807,2524.4375715572387
58467639,43,93,2474.166761370376,2486.1250831289217
58467639,43,94,2487.180638684425,2498.888972017914
58467639,44,95,2500.1875831289217,2511.7223053518683
58467639,44,96,2513.2014604443684,2519.4167382232845
58467639,44,96,2519.4236826677807,2524.4375715572387
58473715,43,93,2474.166761370376,2486.1250831289217
58473715,43,94,2487.180638684425,2498.888972017914
58473715,44,95,2500.1875831289217,2511.7223053518683
58473715,44,96,2513.2014604443684,2519.4167382232845
58473715,44,96,2519.4236826677807,2524.4375715572387
58540528,59,125,2910.259157210123,2916.742953508161
58540528,59,125,2916.9536016564816,2917.7707312861457
58540528,59,125,2917.77536091581,2923.347108602524
58540528,59,126,2923.5577567508444,2930.277664160356
58540528,59,126,2930.4883123086765,2936.6873863846995
58544613,43,93,2474.166761370376,2486.1250831289217
58544613,43,94,2487.180638684425,2498.888972017914
58544613,44,95,2500.1875831289217,2511.7223053518683
58544613,44,96,2513.2014604443684,2519.4167382232845
58544613,44,96,2519.4236826677807,2524.4375715572387
58544652,43,93,2474.166761370376,2486.1250831289217
58544652,43,94,2487.180638684425,2498.888972017914
58544652,44,95,2500.1875831289217,2511.7223053518683
58544652,44,96,2513.2014604443684,2519.4167382232845
58544652,44,96,2519.4236826677807,2524.4375715572387
58583881,12,31,1624.958798439242,1638.9796317690052
58583881,12,32,1640.0421317685395,1652.875453523826
58601266,44,95,2500.1875831289217,2511.7223053518683
58601266,44,96,2513.2014604443684,2519.4167382232845
58601266,44,96,2519.4236826677807,2524.4375715572387
58606534,43,93,2474.166761370376,2486.1250831289217
58606534,43,94,2487.180638684425,2498.888972017914
58606534,44,95,2500.1875831289217,2511.7223053518683
58606534,44,96,2513.2014604443684,2519.4167382232845
58606534,44,96,2519.4236826677807,2524.4375715572387
58638171,19,45,1816.0837173955515,1827.9795507323
58638171,19,46,1828.9587173992768,1838.708705828525
58638171,19,46,1838.7295391620137,1841.1462058294564
58638214,19,45,1816.0837173955515,1827.9795507323
58638214,19,46,1828.9587173992768,1838.708705828525
58638214,19,46,1838.7295391620137,1841.1462058294564
58638214,43,93,2474.166761370376,2486.1250831289217
58638214,43,94,2487.180638684425,2498.888972017914
58833495,12,31,1624.958798439242,1638.9796317690052
58833495,12,32,1640.0421317685395,1652.875453523826
59017926,12,31,1624.958798439242,1638.9796317690052
59017926,12,32,1640.0421317685395,1652.875453523826
59025325,41,89,2419.9862289754674,2432.5973400827497
59025325,41,90,2433.715395637788,2446.5764951715246
59025325,55,117,2797.0971664721146,2809.9582775798626
59025325,55,118,2810.867999801878,2824.2638215580955
59535615,33,73,2201.729388698004,2213.86132157268
59535615,33,74,2215.430766017642,2227.5696549103595
59968460,62,131,2988.435048438143,2994.881807698868
59968460,62,131,2995.092455847189,3000.9234627927653
59968460,62,132,3001.134110941086,3007.53457390517
59968460,62,132,3007.7452220534906,3014.152629461605
60140517,7,21,1491.625522964634,1503.0213563013822
60140517,7,22,1504.7088563023135,1516.0838447315618
60140517,8,23,1517.354678065516,1529.0630114017986
60140517,8,24,1530.2713447352871,1531.7296780692411
60140517,8,24,1535.0005114031956,1542.0004998305812
60325846,61,129,2962.7938563008797,2969.3332081544213
60325846,61,129,2969.543856302742,2975.1966225081123
60325846,61,130,2975.407270656433,2982.1896780659445
60325846,61,130,2982.400326214265,2988.2244002898224
61139406,42,91,2447.687606282532,2460.3056502612308
61139406,42,92,2461.2362058167346,2473.159816926345
61139406,43,93,2474.166761370376,2486.1250831289217
61139406,43,94,2487.180638684425,2498.888972017914
61139406,44,95,2500.1875831289217,2511.7223053518683
61139406,44,96,2513.2014604443684,2519.4167382232845
61139406,44,96,2519.4236826677807,2524.4375715572387
61139416,42,91,2447.687606282532,2460.3056502612308
61139416,42,92,2461.2362058167346,2473.159816926345
61139416,44,95,2500.1875831289217,2511.7223053518683
61139416,44,96,2513.2014604443684,2519.4167382232845
61139416,44,96,2519.4236826677807,2524.4375715572387
61139634,42,91,2447.687606282532,2460.3056502612308
61139634,42,92,2461.2362058167346,2473.159816926345
61139634,44,95,2500.1875831289217,2511.7223053518683
61139634,44,96,2513.2014604443684,2519.4167382232845
61139634,44,96,2519.4236826677807,2524.4375715572387
61139640,42,91,2447.687606282532,2460.3056502612308
61139640,42,92,2461.2362058167346,2473.159816926345
61139677,44,95,2500.1875831289217,2511.7223053518683
61139677,44,96,2513.2014604443684,2519.4167382232845
61139677,44,96,2519.4236826677807,2524.4375715572387
61141472,43,93,2474.166761370376,2486.1250831289217
61141472,43,94,2487.180638684425,2498.888972017914
61141737,43,93,2474.166761370376,2486.1250831289217
61141737,43,94,2487.180638684425,2498.888972017914
61141737,44,95,2500.1875831289217,2511.7223053518683
61141737,44,96,2513.2014604443684,2519.4167382232845
61141737,44,96,2519.4236826677807,2524.4375715572387
61143140,43,93,2474.166761370376,2486.1250831289217
61143140,43,94,2487.180638684425,2498.888972017914
61144513,43,93,2474.166761370376,2486.1250831289217
61144513,43,94,2487.180638684425,2498.888972017914
61145396,42,91,2447.687606282532,2460.3056502612308
61145396,42,92,2461.2362058167346,2473.159816926345
61145396,43,93,2474.166761370376,2486.1250831289217
61145396,43,94,2487.180638684425,2498.888972017914
61145620,43,93,2474.166761370376,2486.1250831289217
61145620,43,94,2487.180638684425,2498.888972017914
61145620,44,95,2500.1875831289217,2511.7223053518683
61145620,44,96,2513.2014604443684,2519.4167382232845
61145620,44,96,2519.4236826677807,2524.4375715572387
61145677,42,91,2447.687606282532,2460.3056502612308
61145677,42,92,2461.2362058167346,2473.159816926345
61145677,43,93,2474.166761370376,2486.1250831289217
61145677,43,94,2487.180638684425,2498.888972017914
61145677,44,95,2500.1875831289217,2511.7223053518683
61145677,44,96,2513.2014604443684,2519.4167382232845
61145677,44,96,2519.4236826677807,2524.4375715572387
61145683,42,91,2447.687606282532,2460.3056502612308
61145683,42,92,2461.2362058167346,2473.159816926345
61145683,44,95,2500.1875831289217,2511.7223053518683
61145683,44,96,2513.2014604443684,2519.4167382232845
61145683,44,96,2519.4236826677807,2524.4375715572387
61145765,42,91,2447.687606282532,2460.3056502612308
61145765,42,92,2461.2362058167346,2473.159816926345
61145765,43,93,2474.166761370376,2486.1250831289217
61145765,43,94,2487.180638684425,2498.888972017914
61145765,44,95,2500.1875831289217,2511.7223053518683
61145765,44,96,2513.2014604443684,2519.4167382232845
61145765,44,96,2519.4236826677807,2524.4375715572387
61145832,42,91,2447.687606282532,2460.3056502612308
61145832,42,92,2461.2362058167346,2473.159816926345
61145832,44,95,2500.1875831289217,2511.7223053518683
61145832,44,96,2513.2014604443684,2519.4167382232845
61145832,44,96,2519.4236826677807,2524.4375715572387
61145876,42,91,2447.687606282532,2460.3056502612308
61145876,42,92,2461.2362058167346,2473.159816926345
61145876,43,93,2474.166761370376,2486.1250831289217
61145876,43,94,2487.180638684425,2498.888972017914
61145876,44,95,2500.1875831289217,2511.7223053518683
61145876,44,96,2513.2014604443684,2519.4167382232845
61145876,44,96,2519.4236826677807,2524.4375715572387
61145889,43,93,2474.166761370376,2486.1250831289217
61145889,43,94,2487.180638684425,2498.888972017914
61145907,44,95,2500.1875831289217,2511.7223053518683
61145907,44,96,2513.2014604443684,2519.4167382232845
61145907,44,96,2519.4236826677807,2524.4375715572387
61145940,42,91,2447.687606282532,2460.3056502612308
61145940,42,92,2461.2362058167346,2473.159816926345
61145940,44,95,2500.1875831289217,2511.7223053518683
61145940,44,96,2513.2014604443684,2519.4167382232845
61145940,44,96,2519.4236826677807,2524.4375715572387
61146010,42,91,2447.687606282532,2460.3056502612308
61146010,42,92,2461.2362058167346,2473.159816926345
61146010,43,93,2474.166761370376,2486.1250831289217
61146010,43,94,2487.180638684425,2498.888972017914
61530691,11,29,1596.7713100183755,1609.6879766830243
61530691,11,30,1610.7921433495358,1623.875465106219
62636392,43,93,2474.166761370376,2486.1250831289217
62636392,43,94,2487.180638684425,2498.888972017914
62636392,44,95,2500.1875831289217,2511.7223053518683
62636392,44,96,2513.2014604443684,2519.4167382232845
62636392,44,96,2519.4236826677807,2524.4375715572387
62636392,45,97,2525.507016001735,2537.979226652533
62636392,45,98,2539.1389488750137,2550.625059989281
62637242,43,93,2474.166761370376,2486.1250831289217
62637242,43,94,2487.180638684425,2498.888972017914
64775249,56,119,2825.252247483935,2831.724469705019
64775249,56,119,2831.93511785334,2838.513821555767
64775249,56,120,2838.724469704088,2845.87723590713
64775249,56,120,2846.0855692406185,2853.1388099808246
64775249,57,121,2853.349458129145,2860.5763099808246
64775249,57,121,2860.7869581286795,2863.282328499481
64775249,57,121,2866.409643314313,2867.245291462168
64775249,57,122,2867.4559396104887,2874.606391000096
64775249,57,122,2874.8170391479507,2882.1133354450576
65261283,29,65,2088.2363794292323,2101.375256741885
65261283,29,66,2102.326645630412,2114.430812295992
65262849,29,65,2088.2363794292323,2101.375256741885
65262849,29,66,2102.326645630412,2114.430812295992
65280220,58,123,2882.323983593378,2889.4235206316225
65280220,58,123,2889.634168779477,2896.0554535030387
65280220,58,124,2896.26610165136,2903.38415720826
65280220,58,124,2903.5948053565808,2910.048509061802
65570080,59,125,2910.259157210123,2916.742953508161
65570080,59,125,2916.9536016564816,2917.7707312861457
65570080,59,125,2917.77536091581,2923.347108602524
65570080,59,126,2923.5577567508444,2930.277664160356
65570080,59,126,2930.4883123086765,2936.6873863846995
65747524,59,125,2910.259157210123,2916.742953508161
65747524,59,125,2916.9536016564816,2917.7707312861457
65747524,59,125,2917.77536091581,2923.347108602524
65747524,59,126,2923.5577567508444,2930.277664160356
65747524,59,126,2930.4883123086765,2936.6873863846995
65748330,59,125,2910.259157210123,2916.742953508161
65748330,59,125,2916.9536016564816,2917.7707312861457
65748330,59,125,2917.77536091581,2923.347108602524
65748330,59,126,2923.5577567508444,2930.277664160356
65748330,59,126,2930.4883123086765,2936.6873863846995
66437682,29,65,2088.2363794292323,2101.375256741885
66437682,29,66,2102.326645630412,2114.430812295992
66816152,65,137,3068.7336248317733,3075.9674095525406
66816152,65,137,3076.178057700861,3083.47435399564
66816152,65,138,3083.685002143495,3087.4674095502123
66816152,65,138,3087.4697243650444,3090.252131771762
66816152,65,138,3090.462779919617,3096.58777991822
66922964,12,31,1624.958798439242,1638.9796317690052
66922964,12,32,1640.0421317685395,1652.875453523826
66944319,10,27,1569.4379882598296,1581.771321593318
66944319,10,28,1582.771321593318,1595.667143351864
66944319,11,29,1596.7713100183755,1609.6879766830243
66944319,11,30,1610.7921433495358,1623.875465106219
66944319,64,135,3041.108636408113,3048.1132544633
66944319,64,135,3048.3239026116207,3054.752143351827
66944319,64,135,3054.754458166659,3055.078532240819
66944319,64,136,3055.289180388674,3062.21742112888
66944319,64,136,3062.428069277201,3068.029921127949
67271271,12,31,1624.958798439242,1638.9796317690052
67271271,12,32,1640.0421317685395,1652.875453523826
67318521,64,135,3041.108636408113,3048.1132544633
67318521,64,135,3048.3239026116207,3054.752143351827
67318521,64,135,3054.754458166659,3055.078532240819
67318521,64,136,3055.289180388674,3062.21742112888
67318521,64,136,3062.428069277201,3068.029921127949
67326261,10,27,1569.4379882598296,1581.771321593318
67326261,10,28,1582.771321593318,1595.667143351864
67326261,11,29,1596.7713100183755,1609.6879766830243
67326261,11,30,1610.7921433495358,1623.875465106219
67326261,37,81,2307.2362868711352,2319.0279419636354
67326261,37,82,2320.222386407666,2332.576553073246
67326261,38,83,2333.854319276754,2346.3334859414026
67326261,38,84,2347.2987637189217,2360.5487521416508
67416383,37,81,2307.2362868711352,2319.0279419636354
67416383,37,82,2320.222386407666,2332.576553073246
67416383,38,83,2333.854319276754,2346.3334859414026
67416383,38,84,2347.2987637189217,2360.5487521416508
67699049,10,27,1569.4379882598296,1581.771321593318
67699049,10,28,1582.771321593318,1595.667143351864
67699049,11,29,1596.7713100183755,1609.6879766830243
67699049,11,30,1610.7921433495358,1623.875465106219
67699049,64,135,3041.108636408113,3048.1132544633
67699049,64,135,3048.3239026116207,3054.752143351827
67699049,64,135,3054.754458166659,3055.078532240819
67699049,64,136,3055.289180388674,3062.21742112888
67699049,64,136,3062.428069277201,3068.029921127949
67768165,42,91,2447.687606282532,2460.3056502612308
67768165,42,92,2461.2362058167346,2473.159816926345
67768181,43,93,2474.166761370376,2486.1250831289217
67768181,43,94,2487.180638684425,2498.888972017914
67768181,44,95,2500.1875831289217,2511.7223053518683
67768181,44,96,2513.2014604443684,2519.4167382232845
67768181,44,96,2519.4236826677807,2524.4375715572387
67768229,44,95,2500.1875831289217,2511.7223053518683
67768229,44,96,2513.2014604443684,2519.4167382232845
67768229,44,96,2519.4236826677807,2524.4375715572387
67768258,44,95,2500.1875831289217,2511.7223053518683
67768258,44,96,2513.2014604443684,2519.4167382232845
67768258,44,96,2519.4236826677807,2524.4375715572387
67768260,44,95,2500.1875831289217,2511.7223053518683
67768260,44,96,2513.2014604443684,2519.4167382232845
67768260,44,96,2519.4236826677807,2524.4375715572387
67768262,43,93,2474.166761370376,2486.1250831289217
67768262,43,94,2487.180638684425,2498.888972017914
67768296,43,93,2474.166761370376,2486.1250831289217
67768296,43,94,2487.180638684425,2498.888972017914
67768296,44,95,2500.1875831289217,2511.7223053518683
67768296,44,96,2513.2014604443684,2519.4167382232845
67768296,44,96,2519.4236826677807,2524.4375715572387
67768398,42,91,2447.687606282532,2460.3056502612308
67768398,42,92,2461.2362058167346,2473.159816926345
67768398,43,93,2474.166761370376,2486.1250831289217
67768398,43,94,2487.180638684425,2498.888972017914
67768459,42,91,2447.687606282532,2460.3056502612308
67768459,42,92,2461.2362058167346,2473.159816926345
67768459,43,93,2474.166761370376,2486.1250831289217
67768459,43,94,2487.180638684425,2498.888972017914
67769031,44,95,2500.1875831289217,2511.7223053518683
67769031,44,96,2513.2014604443684,2519.4167382232845
67769031,44,96,2519.4236826677807,2524.4375715572387
67769172,42,91,2447.687606282532,2460.3056502612308
67769172,42,92,2461.2362058167346,2473.159816926345
67769172,43,93,2474.166761370376,2486.1250831289217
67769172,43,94,2487.180638684425,2498.888972017914
67769172,44,95,2500.1875831289217,2511.7223053518683
67769172,44,96,2513.2014604443684,2519.4167382232845
67769172,44,96,2519.4236826677807,2524.4375715572387
67785558,42,91,2447.687606282532,2460.3056502612308
67785558,42,92,2461.2362058167346,2473.159816926345
67785558,43,93,2474.166761370376,2486.1250831289217
67785558,43,94,2487.180638684425,2498.888972017914
67785558,44,95,2500.1875831289217,2511.7223053518683
67785558,44,96,2513.2014604443684,2519.4167382232845
67785558,44,96,2519.4236826677807,2524.4375715572387
67785604,42,91,2447.687606282532,2460.3056502612308
67785604,42,92,2461.2362058167346,2473.159816926345
67785604,43,93,2474.166761370376,2486.1250831289217
67785604,43,94,2487.180638684425,2498.888972017914
67785604,44,95,2500.1875831289217,2511.7223053518683
67785604,44,96,2513.2014604443684,2519.4167382232845
67785604,44,96,2519.4236826677807,2524.4375715572387
67786361,44,95,2500.1875831289217,2511.7223053518683
67786361,44,96,2513.2014604443684,2519.4167382232845
67786361,44,96,2519.4236826677807,2524.4375715572387
67787123,42,91,2447.687606282532,2460.3056502612308
67787123,42,92,2461.2362058167346,2473.159816926345
67787123,44,95,2500.1875831289217,2511.7223053518683
67787123,44,96,2513.2014604443684,2519.4167382232845
67787123,44,96,2519.4236826677807,2524.4375715572387
67787155,42,91,2447.687606282532,2460.3056502612308
67787155,42,92,2461.2362058167346,2473.159816926345
67787155,44,95,2500.1875831289217,2511.7223053518683
67787155,44,96,2513.2014604443684,2519.4167382232845
67787155,44,96,2519.4236826677807,2524.4375715572387
67787249,42,91,2447.687606282532,2460.3056502612308
67787249,42,92,2461.2362058167346,2473.159816926345
67787249,43,93,2474.166761370376,2486.1250831289217
67787249,43,94,2487.180638684425,2498.888972017914
67787249,44,95,2500.1875831289217,2511.7223053518683
67787249,44,96,2513.2014604443684,2519.4167382232845
67787249,44,96,2519.4236826677807,2524.4375715572387
67787307,42,91,2447.687606282532,2460.3056502612308
67787307,42,92,2461.2362058167346,2473.159816926345
67787307,43,93,2474.166761370376,2486.1250831289217
67787307,43,94,2487.180638684425,2498.888972017914
67787319,44,95,2500.1875831289217,2511.7223053518683
67787319,44,96,2513.2014604443684,2519.4167382232845
67787319,44,96,2519.4236826677807,2524.4375715572387
67787333,42,91,2447.687606282532,2460.3056502612308
67787333,42,92,2461.2362058167346,2473.159816926345
67787333,44,95,2500.1875831289217,2511.7223053518683
67787333,44,96,2513.2014604443684,2519.4167382232845
67787333,44,96,2519.4236826677807,2524.4375715572387
67787604,42,91,2447.687606282532,2460.3056502612308
67787604,42,92,2461.2362058167346,2473.159816926345
67787604,44,95,2500.1875831289217,2511.7223053518683
67787604,44,96,2513.2014604443684,2519.4167382232845
67787604,44,96,2519.4236826677807,2524.4375715572387
67787656,42,91,2447.687606282532,2460.3056502612308
67787656,42,92,2461.2362058167346,2473.159816926345
67787656,43,93,2474.166761370376,2486.1250831289217
67787656,43,94,2487.180638684425,2498.888972017914
67787656,44,95,2500.1875831289217,2511.7223053518683
67787656,44,96,2513.2014604443684,2519.4167382232845
67787656,44,96,2519.4236826677807,2524.4375715572387
67787704,44,95,2500.1875831289217,2511.7223053518683
67787704,44,96,2513.2014604443684,2519.4167382232845
67787704,44,96,2519.4236826677807,2524.4375715572387
67787715,42,91,2447.687606282532,2460.3056502612308
67787715,42,92,2461.2362058167346,2473.159816926345
67787866,43,93,2474.166761370376,2486.1250831289217
67787866,43,94,2487.180638684425,2498.888972017914
67787912,42,91,2447.687606282532,2460.3056502612308
67787912,42,92,2461.2362058167346,2473.159816926345
67787912,43,93,2474.166761370376,2486.1250831289217
67787912,43,94,2487.180638684425,2498.888972017914
67787912,44,95,2500.1875831289217,2511.7223053518683
67787912,44,96,2513.2014604443684,2519.4167382232845
67787912,44,96,2519.4236826677807,2524.4375715572387
67788486,42,91,2447.687606282532,2460.3056502612308
67788486,42,92,2461.2362058167346,2473.159816926345
67788486,43,93,2474.166761370376,2486.1250831289217
67788486,43,94,2487.180638684425,2498.888972017914
67789125,44,95,2500.1875831289217,2511.7223053518683
67789125,44,96,2513.2014604443684,2519.4167382232845
67789125,44,96,2519.4236826677807,2524.4375715572387
67829254,42,91,2447.687606282532,2460.3056502612308
67829254,42,92,2461.2362058167346,2473.159816926345
67829254,43,93,2474.166761370376,2486.1250831289217
67829254,43,94,2487.180638684425,2498.888972017914
67829254,44,95,2500.1875831289217,2511.7223053518683
67829254,44,96,2513.2014604443684,2519.4167382232845
67829254,44,96,2519.4236826677807,2524.4375715572387
67829298,42,91,2447.687606282532,2460.3056502612308
67829298,42,92,2461.2362058167346,2473.159816926345
67829298,43,93,2474.166761370376,2486.1250831289217
67829298,43,94,2487.180638684425,2498.888972017914
67829298,44,95,2500.1875831289217,2511.7223053518683
67829298,44,96,2513.2014604443684,2519.4167382232845
67829298,44,96,2519.4236826677807,2524.4375715572387
67829329,42,91,2447.687606282532,2460.3056502612308
67829329,42,92,2461.2362058167346,2473.159816926345
67829329,43,93,2474.166761370376,2486.1250831289217
67829329,43,94,2487.180638684425,2498.888972017914
67829329,44,95,2500.1875831289217,2511.7223053518683
67829329,44,96,2513.2014604443684,2519.4167382232845
67829329,44,96,2519.4236826677807,2524.4375715572387
67829472,43,93,2474.166761370376,2486.1250831289217
67829472,43,94,2487.180638684425,2498.888972017914
67829596,42,91,2447.687606282532,2460.3056502612308
67829596,42,92,2461.2362058167346,2473.159816926345
67829596,43,93,2474.166761370376,2486.1250831289217
67829596,43,94,2487.180638684425,2498.888972017914
67829596,44,95,2500.1875831289217,2511.7223053518683
67829596,44,96,2513.2014604443684,2519.4167382232845
67829596,44,96,2519.4236826677807,2524.4375715572387
67829613,43,93,2474.166761370376,2486.1250831289217
67829613,43,94,2487.180638684425,2498.888972017914
67829619,43,93,2474.166761370376,2486.1250831289217
67829619,43,94,2487.180638684425,2498.888972017914
67829648,42,91,2447.687606282532,2460.3056502612308
67829648,42,92,2461.2362058167346,2473.159816926345
67829648,43,93,2474.166761370376,2486.1250831289217
67829648,43,94,2487.180638684425,2498.888972017914
67829648,44,95,2500.1875831289217,2511.7223053518683
67829648,44,96,2513.2014604443684,2519.4167382232845
67829648,44,96,2519.4236826677807,2524.4375715572387
67829685,42,91,2447.687606282532,2460.3056502612308
67829685,42,92,2461.2362058167346,2473.159816926345
67829732,42,91,2447.687606282532,2460.3056502612308
67829732,42,92,2461.2362058167346,2473.159816926345
67829732,43,93,2474.166761370376,2486.1250831289217
67829732,43,94,2487.180638684425,2498.888972017914
67829849,42,91,2447.687606282532,2460.3056502612308
67829849,42,92,2461.2362058167346,2473.159816926345
67829849,44,95,2500.1875831289217,2511.7223053518683
67829849,44,96,2513.2014604443684,2519.4167382232845
67829849,44,96,2519.4236826677807,2524.4375715572387
67829906,44,95,2500.1875831289217,2511.7223053518683
67829906,44,96,2513.2014604443684,2519.4167382232845
67829906,44,96,2519.4236826677807,2524.4375715572387
67830039,43,93,2474.166761370376,2486.1250831289217
67830039,43,94,2487.180638684425,2498.888972017914
67830039,44,95,2500.1875831289217,2511.7223053518683
67830039,44,96,2513.2014604443684,2519.4167382232845
67830039,44,96,2519.4236826677807,2524.4375715572387
67830071,43,93,2474.166761370376,2486.1250831289217
67830071,43,94,2487.180638684425,2498.888972017914
67830071,44,95,2500.1875831289217,2511.7223053518683
67830071,44,96,2513.2014604443684,2519.4167382232845
67830071,44,96,2519.4236826677807,2524.4375715572387
67830207,43,93,2474.166761370376,2486.1250831289217
67830207,43,94,2487.180638684425,2498.888972017914
67830207,44,95,2500.1875831289217,2511.7223053518683
67830207,44,96,2513.2014604443684,2519.4167382232845
67830207,44,96,2519.4236826677807,2524.4375715572387
67830608,44,95,2500.1875831289217,2511.7223053518683
67830608,44,96,2513.2014604443684,2519.4167382232845
67830608,44,96,2519.4236826677807,2524.4375715572387
67868078,38,83,2333.854319276754,2346.3334859414026
67868078,38,84,2347.2987637189217,2360.5487521416508
68000003,58,123,2882.323983593378,2889.4235206316225
68000003,58,123,2889.634168779477,2896.0554535030387
68000003,58,124,2896.26610165136,2903.38415720826
68000003,58,124,2903.5948053565808,2910.048509061802
68256696,65,137,3068.7336248317733,3075.9674095525406
68256696,65,137,3076.178057700861,3083.47435399564
68256696,65,138,3083.685002143495,3087.4674095502123
68256696,65,138,3087.4697243650444,3090.252131771762
68256696,65,138,3090.462779919617,3096.58777991822
68416596,12,31,1624.958798439242,1638.9796317690052
68416596,12,32,1640.0421317685395,1652.875453523826
68418284,11,29,1596.7713100183755,1609.6879766830243
68418284,11,30,1610.7921433495358,1623.875465106219
68418284,38,83,2333.854319276754,2346.3334859414026
68418284,38,84,2347.2987637189217,2360.5487521416508
68811545,43,93,2474.166761370376,2486.1250831289217
68811545,43,94,2487.180638684425,2498.888972017914
68811545,44,95,2500.1875831289217,2511.7223053518683
68811545,44,96,2513.2014604443684,2519.4167382232845
68811545,44,96,2519.4236826677807,2524.4375715572387
69420071,12,31,1624.958798439242,1638.9796317690052
69420071,12,32,1640.0421317685395,1652.875453523826
69420071,65,137,3068.7336248317733,3075.9674095525406
69420071,65,137,3076.178057700861,3083.47435399564
69420071,65,138,3083.685002143495,3087.4674095502123
69420071,65,138,3087.4697243650444,3090.252131771762
69420071,65,138,3090.462779919617,3096.58777991822
69474391,43,93,2474.166761370376,2486.1250831289217
69474391,43,94,2487.180638684425,2498.888972017914
69474391,44,95,2500.1875831289217,2511.7223053518683
69474391,44,96,2513.2014604443684,2519.4167382232845
69474391,44,96,2519.4236826677807,2524.4375715572387
69530507,43,93,2474.166761370376,2486.1250831289217
69530507,43,94,2487.180638684425,2498.888972017914
69530507,44,95,2500.1875831289217,2511.7223053518683
69530507,44,96,2513.2014604443684,2519.4167382232845
69530507,44,96,2519.4236826677807,2524.4375715572387
69598131,44,95,2500.1875831289217,2511.7223053518683
69598131,44,96,2513.2014604443684,2519.4167382232845
69598131,44,96,2519.4236826677807,2524.4375715572387
69874547,39,85,2361.770974363666,2374.8543076934293
69874547,39,86,2375.86125213746,2389.715407225769
70105749,43,93,2474.166761370376,2486.1250831289217
70105749,43,94,2487.180638684425,2498.888972017914
70105749,44,95,2500.1875831289217,2511.7223053518683
70105749,44,96,2513.2014604443684,2519.4167382232845
70105749,44,96,2519.4236826677807,2524.4375715572387
70742059,2,11,1354.1047474853694,1367.1464141495526
70742059,2,12,1368.6047359085642,1381.5005692406558
70742090,2,11,1354.1047474853694,1367.1464141495526
70742090,2,12,1368.6047359085642,1381.5005692406558
70742090,29,65,2088.2363794292323,2101.375256741885
70742090,29,66,2102.326645630412,2114.430812295992
70742150,29,65,2088.2363794292323,2101.375256741885
70742150,29,66,2102.326645630412,2114.430812295992
70742156,2,11,1354.1047474853694,1367.1464141495526
70742156,2,12,1368.6047359085642,1381.5005692406558
70744011,29,65,2088.2363794292323,2101.375256741885
70744011,29,66,2102.326645630412,2114.430812295992
70744127,2,11,1354.1047474853694,1367.1464141495526
70744127,2,12,1368.6047359085642,1381.5005692406558
70744127,29,65,2088.2363794292323,2101.375256741885
70744127,29,66,2102.326645630412,2114.430812295992
70744161,29,65,2088.2363794292323,2101.375256741885
70744161,29,66,2102.326645630412,2114.430812295992
70744184,29,65,2088.2363794292323,2101.375256741885
70744184,29,66,2102.326645630412,2114.430812295992
70744199,2,11,1354.1047474853694,1367.1464141495526
70744199,2,12,1368.6047359085642,1381.5005692406558
70744201,2,11,1354.1047474853694,1367.1464141495526
70744201,2,12,1368.6047359085642,1381.5005692406558
70744244,29,65,2088.2363794292323,2101.375256741885
70744244,29,66,2102.326645630412,2114.430812295992
70744245,29,65,2088.2363794292323,2101.375256741885
70744245,29,66,2102.326645630412,2114.430812295992
70744265,2,11,1354.1047474853694,1367.1464141495526
70744265,2,12,1368.6047359085642,1381.5005692406558
70744273,2,11,1354.1047474853694,1367.1464141495526
70744273,2,12,1368.6047359085642,1381.5005692406558
70744273,29,65,2088.2363794292323,2101.375256741885
70744273,29,66,2102.326645630412,2114.430812295992
70762916,29,65,2088.2363794292323,2101.375256741885
70762916,29,66,2102.326645630412,2114.430812295992
70762958,29,65,2088.2363794292323,2101.375256741885
70762958,29,66,2102.326645630412,2114.430812295992
70763040,29,65,2088.2363794292323,2101.375256741885
70763040,29,66,2102.326645630412,2114.430812295992
70763118,29,65,2088.2363794292323,2101.375256741885
70763118,29,66,2102.326645630412,2114.430812295992
70763119,29,65,2088.2363794292323,2101.375256741885
70763119,29,66,2102.326645630412,2114.430812295992
70763143,29,65,2088.2363794292323,2101.375256741885
70763143,29,66,2102.326645630412,2114.430812295992
70763144,29,65,2088.2363794292323,2101.375256741885
70763144,29,66,2102.326645630412,2114.430812295992
70763181,29,65,2088.2363794292323,2101.375256741885
70763181,29,66,2102.326645630412,2114.430812295992
70763182,29,65,2088.2363794292323,2101.375256741885
70763182,29,66,2102.326645630412,2114.430812295992
70775324,29,65,2088.2363794292323,2101.375256741885
70775324,29,66,2102.326645630412,2114.430812295992
70785639,29,65,2088.2363794292323,2101.375256741885
70785639,29,66,2102.326645630412,2114.430812295992
70785748,29,65,2088.2363794292323,2101.375256741885
70785748,29,66,2102.326645630412,2114.430812295992
70785786,29,65,2088.2363794292323,2101.375256741885
70785786,29,66,2102.326645630412,2114.430812295992
70785920,2,11,1354.1047474853694,1367.1464141495526
70785920,2,12,1368.6047359085642,1381.5005692406558
70787967,29,65,2088.2363794292323,2101.375256741885
70787967,29,66,2102.326645630412,2114.430812295992
70788010,2,11,1354.1047474853694,1367.1464141495526
70788010,2,12,1368.6047359085642,1381.5005692406558
70788050,29,65,2088.2363794292323,2101.375256741885
70788050,29,66,2102.326645630412,2114.430812295992
70788212,29,65,2088.2363794292323,2101.375256741885
70788212,29,66,2102.326645630412,2114.430812295992
70797852,29,65,2088.2363794292323,2101.375256741885
70797852,29,66,2102.326645630412,2114.430812295992
71304330,9,25,1543.2296664975584,1555.542166499421
71304330,9,26,1556.729666499421,1568.458821593318
71304330,62,131,2988.435048438143,2994.881807698868
71304330,62,131,2995.092455847189,3000.9234627927653
71304330,62,132,3001.134110941086,3007.53457390517
71304330,62,132,3007.7452220534906,3014.152629461605
72178247,10,27,1569.4379882598296,1581.771321593318
72178247,10,28,1582.771321593318,1595.667143351864
72178247,64,135,3041.108636408113,3048.1132544633
72178247,64,135,3048.3239026116207,3054.752143351827
72178247,64,135,3054.754458166659,3055.078532240819
72178247,64,136,3055.289180388674,3062.21742112888
72178247,64,136,3062.428069277201,3068.029921127949
72445399,10,27,1569.4379882598296,1581.771321593318
72445399,10,28,1582.771321593318,1595.667143351864
72445399,64,135,3041.108636408113,3048.1132544633
72445399,64,135,3048.3239026116207,3054.752143351827
72445399,64,135,3054.754458166659,3055.078532240819
72445399,64,136,3055.289180388674,3062.21742112888
72445399,64,136,3062.428069277201,3068.029921127949
72499619,10,27,1569.4379882598296,1581.771321593318
72499619,10,28,1582.771321593318,1595.667143351864
72499619,37,81,2307.2362868711352,2319.0279419636354
72499619,37,82,2320.222386407666,2332.576553073246
72499619,64,135,3041.108636408113,3048.1132544633
72499619,64,135,3048.3239026116207,3054.752143351827
72499619,64,135,3054.754458166659,3055.078532240819
72499619,64,136,3055.289180388674,3062.21742112888
72499619,64,136,3062.428069277201,3068.029921127949
72499657,10,27,1569.4379882598296,1581.771321593318
72499657,10,28,1582.771321593318,1595.667143351864
72499657,64,135,3041.108636408113,3048.1132544633
72499657,64,135,3048.3239026116207,3054.752143351827
72499657,64,135,3054.754458166659,3055.078532240819
72499657,64,136,3055.289180388674,3062.21742112888
72499657,64,136,3062.428069277201,3068.029921127949
72858760,10,27,1569.4379882598296,1581.771321593318
72858760,10,28,1582.771321593318,1595.667143351864
72858760,37,81,2307.2362868711352,2319.0279419636354
72858760,37,82,2320.222386407666,2332.576553073246
72858760,64,135,3041.108636408113,3048.1132544633
72858760,64,135,3048.3239026116207,3054.752143351827
72858760,64,135,3054.754458166659,3055.078532240819
72858760,64,136,3055.289180388674,3062.21742112888
72858760,64,136,3062.428069277201,3068.029921127949
73303344,10,27,1569.4379882598296,1581.771321593318
73303344,10,28,1582.771321593318,1595.667143351864
73303344,37,81,2307.2362868711352,2319.0279419636354
73303344,37,82,2320.222386407666,2332.576553073246
73303344,64,135,3041.108636408113,3048.1132544633
73303344,64,135,3048.3239026116207,3054.752143351827
73303344,64,135,3054.754458166659,3055.078532240819
73303344,64,136,3055.289180388674,3062.21742112888
73303344,64,136,3062.428069277201,3068.029921127949
73308879,10,27,1569.4379882598296,1581.771321593318
73308879,10,28,1582.771321593318,1595.667143351864
73308879,11,29,1596.7713100183755,1609.6879766830243
73308879,11,30,1610.7921433495358,1623.875465106219
73650567,10,27,1569.4379882598296,1581.771321593318
73650567,10,28,1582.771321593318,1595.667143351864
73650567,37,81,2307.2362868711352,2319.0279419636354
73650567,37,82,2320.222386407666,2332.576553073246
73956616,43,93,2474.166761370376,2486.1250831289217
73956616,43,94,2487.180638684425,2498.888972017914
73956616,45,97,2525.507016001735,2537.979226652533
73956616,45,98,2539.1389488750137,2550.625059989281
74073928,43,93,2474.166761370376,2486.1250831289217
74073928,43,94,2487.180638684425,2498.888972017914
74073928,44,95,2500.1875831289217,2511.7223053518683
74073928,44,96,2513.2014604443684,2519.4167382232845
74073928,44,96,2519.4236826677807,2524.4375715572387
74073928,45,97,2525.507016001735,2537.979226652533
74073928,45,98,2539.1389488750137,2550.625059989281
74075325,43,93,2474.166761370376,2486.1250831289217
74075325,43,94,2487.180638684425,2498.888972017914
74279530,35,77,2254.9863100117072,2266.1043539959937
74279530,35,77,2266.3751873290166,2267.146020662505
74279530,35,78,2268.583520662971,2279.979353998322
74279530,36,79,2280.902965109796,2292.8543424261734
74279530,36,80,2293.7918424261734,2305.9862868711352
74279548,36,79,2280.902965109796,2292.8543424261734
74279548,36,80,2293.7918424261734,2305.9862868711352
74716767,8,23,1517.354678065516,1529.0630114017986
74716767,8,24,1530.2713447352871,1531.7296780692411
74716767,8,24,1535.0005114031956,1542.0004998305812
74716767,9,25,1543.2296664975584,1555.542166499421
74716767,9,26,1556.729666499421,1568.458821593318
74716767,36,79,2280.902965109796,2292.8543424261734
74716767,36,80,2293.7918424261734,2305.9862868711352
74729837,43,93,2474.166761370376,2486.1250831289217
74729837,43,94,2487.180638684425,2498.888972017914
74729837,45,97,2525.507016001735,2537.979226652533
74729837,45,98,2539.1389488750137,2550.625059989281
74890216,62,131,2988.435048438143,2994.881807698868
74890216,62,131,2995.092455847189,3000.9234627927653
74890216,62,132,3001.134110941086,3007.53457390517
74890216,62,132,3007.7452220534906,3014.152629461605
74972034,62,131,2988.435048438143,2994.881807698868
74972034,62,131,2995.092455847189,3000.9234627927653
74972034,62,132,3001.134110941086,3007.53457390517
74972034,62,132,3007.7452220534906,3014.152629461605
74972034,63,133,3014.3632776099257,3021.187351684552
74972034,63,133,3021.3979998328723,3027.3910438148305
74972034,63,134,3027.601691963151,3034.0901178894565
74972034,63,134,3034.300766037777,3040.8979882597923
75314605,62,131,2988.435048438143,2994.881807698868
75314605,62,131,2995.092455847189,3000.9234627927653
75314605,62,132,3001.134110941086,3007.53457390517
75314605,62,132,3007.7452220534906,3014.152629461605
75399254,62,131,2988.435048438143,2994.881807698868
75399254,62,131,2995.092455847189,3000.9234627927653
75399254,62,132,3001.134110941086,3007.53457390517
75399254,62,132,3007.7452220534906,3014.152629461605
75639216,62,131,2988.435048438143,2994.881807698868
75639216,62,131,2995.092455847189,3000.9234627927653
75639216,62,132,3001.134110941086,3007.53457390517
75639216,62,132,3007.7452220534906,3014.152629461605
75639216,63,133,3014.3632776099257,3021.187351684552
75639216,63,133,3021.3979998328723,3027.3910438148305
75639216,63,134,3027.601691963151,3034.0901178894565
75639216,63,134,3034.300766037777,3040.8979882597923
75639493,63,133,3014.3632776099257,3021.187351684552
75639493,63,133,3021.3979998328723,3027.3910438148305
75639493,63,134,3027.601691963151,3034.0901178894565
75639493,63,134,3034.300766037777,3040.8979882597923
75827390,62,131,2988.435048438143,2994.881807698868
75827390,62,131,2995.092455847189,3000.9234627927653
75827390,62,132,3001.134110941086,3007.53457390517
75827390,62,132,3007.7452220534906,3014.152629461605
76050403,11,29,1596.7713100183755,1609.6879766830243
76050403,11,30,1610.7921433495358,1623.875465106219
76050403,65,137,3068.7336248317733,3075.9674095525406
76050403,65,137,3076.178057700861,3083.47435399564
76050403,65,138,3083.685002143495,3087.4674095502123
76050403,65,138,3087.4697243650444,3090.252131771762
76050403,65,138,3090.462779919617,3096.58777991822
76079120,63,133,3014.3632776099257,3021.187351684552
76079120,63,133,3021.3979998328723,3027.3910438148305
76079120,63,134,3027.601691963151,3034.0901178894565
76079120,63,134,3034.300766037777,3040.8979882597923
76295024,43,93,2474.166761370376,2486.1250831289217
76295024,43,94,2487.180638684425,2498.888972017914
76295024,45,97,2525.507016001735,2537.979226652533
76295024,45,98,2539.1389488750137,2550.625059989281
76397021,11,29,1596.7713100183755,1609.6879766830243
76397021,11,30,1610.7921433495358,1623.875465106219
76397021,65,137,3068.7336248317733,3075.9674095525406
76397021,65,137,3076.178057700861,3083.47435399564
76397021,65,138,3083.685002143495,3087.4674095502123
76397021,65,138,3087.4697243650444,3090.252131771762
76397021,65,138,3090.462779919617,3096.58777991822
76576430,62,131,2988.435048438143,2994.881807698868
76576430,62,131,2995.092455847189,3000.9234627927653
76576430,62,132,3001.134110941086,3007.53457390517
76576430,62,132,3007.7452220534906,3014.152629461605
76576430,63,133,3014.3632776099257,3021.187351684552
76576430,63,133,3021.3979998328723,3027.3910438148305
76576430,63,134,3027.601691963151,3034.0901178894565
76576430,63,134,3034.300766037777,3040.8979882597923
76636271,43,93,2474.166761370376,2486.1250831289217
76636271,43,94,2487.180638684425,2498.888972017914
76636271,44,95,2500.1875831289217,2511.7223053518683
76636271,44,96,2513.2014604443684,2519.4167382232845
76636271,44,96,2519.4236826677807,2524.4375715572387
76636271,45,97,2525.507016001735,2537.979226652533
76636271,45,98,2539.1389488750137,2550.625059989281
76652075,11,29,1596.7713100183755,1609.6879766830243
76652075,11,30,1610.7921433495358,1623.875465106219
76652075,38,83,2333.854319276754,2346.3334859414026
76652075,38,84,2347.2987637189217,2360.5487521416508
76652075,65,137,3068.7336248317733,3075.9674095525406
76652075,65,137,3076.178057700861,3083.47435399564
76652075,65,138,3083.685002143495,3087.4674095502123
76652075,65,138,3087.4697243650444,3090.252131771762
76652075,65,138,3090.462779919617,3096.58777991822
76745867,62,131,2988.435048438143,2994.881807698868
76745867,62,131,2995.092455847189,3000.9234627927653
76745867,62,132,3001.134110941086,3007.53457390517
76745867,62,132,3007.7452220534906,3014.152629461605
76745867,63,133,3014.3632776099257,3021.187351684552
76745867,63,133,3021.3979998328723,3027.3910438148305
76745867,63,134,3027.601691963151,3034.0901178894565
76745867,63,134,3034.300766037777,3040.8979882597923
76906770,62,131,2988.435048438143,2994.881807698868
76906770,62,131,2995.092455847189,3000.9234627927653
76906770,62,132,3001.134110941086,3007.53457390517
76906770,62,132,3007.7452220534906,3014.152629461605
76906770,63,133,3014.3632776099257,3021.187351684552
76906770,63,133,3021.3979998328723,3027.3910438148305
76906770,63,134,3027.601691963151,3034.0901178894565
76906770,63,134,3034.300766037777,3040.8979882597923
77111651,3,13,1381.7089025736786,1382.5214025736786
77111651,3,13,1382.6047359071672,1383.62556924019
77111651,3,13,1383.6672359071672,1384.2714025736786
77111651,3,13,1384.31306924019,1385.87556924019
77111651,3,13,1385.93806924019,1395.4380692397244
77111651,3,13,1395.583902573213,1396.458902573213
77111651,3,13,1396.5005692397244,1396.5630692397244
77111651,3,14,1396.646402573213,1409.3755576661788
77339881,4,15,1410.917224333156,1413.2505576666445
77339881,4,15,1413.2713909996671,1418.4797243336216
77339881,4,15,1421.2297243340872,1423.5005576675758
77339881,4,16,1424.5630576680414,1436.833879429381
77339881,5,17,1437.97971276287,1450.1880460991524
77339881,5,18,1451.563046099618,1464.2713678628206
77339881,31,69,2144.514134055469,2157.451622482855
77339881,31,70,2158.861344705336,2169.944678040687
77339881,32,71,2174.222455819603,2185.9377220263705
77339881,32,72,2186.9446664713323,2200.2293886975385
77452603,58,123,2882.323983593378,2889.4235206316225
77452603,58,123,2889.634168779477,2896.0554535030387
77452603,58,124,2896.26610165136,2903.38415720826
77452603,58,124,2903.5948053565808,2910.048509061802
77517045,62,131,2988.435048438143,2994.881807698868
77517045,62,131,2995.092455847189,3000.9234627927653
77517045,62,132,3001.134110941086,3007.53457390517
77517045,62,132,3007.7452220534906,3014.152629461605
77835048,5,17,1437.97971276287,1450.1880460991524
77835048,5,18,1451.563046099618,1464.2713678628206
77842052,5,17,1437.97971276287,1450.1880460991524
77842052,5,18,1451.563046099618,1464.2713678628206
77842052,32,71,2174.222455819603,2185.9377220263705
77842052,32,72,2186.9446664713323,2200.2293886975385
77849188,62,131,2988.435048438143,2994.881807698868
77849188,62,131,2995.092455847189,3000.9234627927653
77849188,62,132,3001.134110941086,3007.53457390517
77849188,62,132,3007.7452220534906,3014.152629461605
77849188,63,133,3014.3632776099257,3021.187351684552
77849188,63,133,3021.3979998328723,3027.3910438148305
77849188,63,134,3027.601691963151,3034.0901178894565
77849188,63,134,3034.300766037777,3040.8979882597923
77951245,5,17,1437.97971276287,1450.1880460991524
77951245,5,18,1451.563046099618,1464.2713678628206
77954300,5,17,1437.97971276287,1450.1880460991524
77954300,5,18,1451.563046099618,1464.2713678628206
77954300,6,19,1468.2713678642176,1477.0213678670116
77954300,6,20,1478.1047012005,1490.0421896306798
77954300,32,71,2174.222455819603,2185.9377220263705
77954300,32,72,2186.9446664713323,2200.2293886975385
77959225,5,17,1437.97971276287,1450.1880460991524
77959225,5,18,1451.563046099618,1464.2713678628206
77959225,6,19,1468.2713678642176,1477.0213678670116
77959225,6,20,1478.1047012005,1490.0421896306798
77959225,32,71,2174.222455819603,2185.9377220263705
77959225,32,72,2186.9446664713323,2200.2293886975385
77959676,5,17,1437.97971276287,1450.1880460991524
77959676,5,18,1451.563046099618,1464.2713678628206
77959676,6,19,1468.2713678642176,1477.0213678670116
77959676,6,20,1478.1047012005,1490.0421896306798
77959676,32,71,2174.222455819603,2185.9377220263705
77959676,32,72,2186.9446664713323,2200.2293886975385
77996314,6,19,1468.2713678642176,1477.0213678670116
77996314,6,20,1478.1047012005,1490.0421896306798
78009666,62,131,2988.435048438143,2994.881807698868
78009666,62,131,2995.092455847189,3000.9234627927653
78009666,62,132,3001.134110941086,3007.53457390517
78009666,62,132,3007.7452220534906,3014.152629461605
78109730,5,17,1437.97971276287,1450.1880460991524
78109730,5,18,1451.563046099618,1464.2713678628206
78109730,6,19,1468.2713678642176,1477.0213678670116
78109730,6,20,1478.1047012005,1490.0421896306798
78109730,32,71,2174.222455819603,2185.9377220263705
78109730,32,72,2186.9446664713323,2200.2293886975385
78112243,32,71,2174.222455819603,2185.9377220263705
78112243,32,72,2186.9446664713323,2200.2293886975385
78287341,62,131,2988.435048438143,2994.881807698868
78287341,62,131,2995.092455847189,3000.9234627927653
78287341,62,132,3001.134110941086,3007.53457390517
78287341,62,132,3007.7452220534906,3014.152629461605
78287341,63,133,3014.3632776099257,3021.187351684552
78287341,63,133,3021.3979998328723,3027.3910438148305
78287341,63,134,3027.601691963151,3034.0901178894565
78287341,63,134,3034.300766037777,3040.8979882597923
78346654,62,131,2988.435048438143,2994.881807698868
78346654,62,131,2995.092455847189,3000.9234627927653
78346654,62,132,3001.134110941086,3007.53457390517
78346654,62,132,3007.7452220534906,3014.152629461605
78346654,63,133,3014.3632776099257,3021.187351684552
78346654,63,133,3021.3979998328723,3027.3910438148305
78346654,63,134,3027.601691963151,3034.0901178894565
78346654,63,134,3034.300766037777,3040.8979882597923
78774802,62,131,2988.435048438143,2994.881807698868
78774802,62,131,2995.092455847189,3000.9234627927653
78774802,62,132,3001.134110941086,3007.53457390517
78774802,62,132,3007.7452220534906,3014.152629461605
78774802,63,133,3014.3632776099257,3021.187351684552
78774802,63,133,3021.3979998328723,3027.3910438148305
78774802,63,134,3027.601691963151,3034.0901178894565
78774802,63,134,3034.300766037777,3040.8979882597923
78778919,62,131,2988.435048438143,2994.881807698868
78778919,62,131,2995.092455847189,3000.9234627927653
78778919,62,132,3001.134110941086,3007.53457390517
78778919,62,132,3007.7452220534906,3014.152629461605
78778919,63,133,3014.3632776099257,3021.187351684552
78778919,63,133,3021.3979998328723,3027.3910438148305
78778919,63,134,3027.601691963151,3034.0901178894565
78778919,63,134,3034.300766037777,3040.8979882597923
79358659,12,31,1624.958798439242,1638.9796317690052
79358659,12,32,1640.0421317685395,1652.875453523826
79358659,39,85,2361.770974363666,2374.8543076934293
79358659,39,86,2375.86125213746,2389.715407225769
80453023,2,11,1354.1047474853694,1367.1464141495526
80453023,2,12,1368.6047359085642,1381.5005692406558
81314580,36,79,2280.902965109796,2292.8543424261734
81314580,36,80,2293.7918424261734,2305.9862868711352
81314580,37,81,2307.2362868711352,2319.0279419636354
81314580,37,82,2320.222386407666,2332.576553073246
81314580,64,135,3041.108636408113,3048.1132544633
81314580,64,135,3048.3239026116207,3054.752143351827
81314580,64,135,3054.754458166659,3055.078532240819
81314580,64,136,3055.289180388674,3062.21742112888
81314580,64,136,3062.428069277201,3068.029921127949
81314581,36,79,2280.902965109796,2292.8543424261734
81314581,36,80,2293.7918424261734,2305.9862868711352
81314581,37,81,2307.2362868711352,2319.0279419636354
81314581,37,82,2320.222386407666,2332.576553073246
81314581,64,135,3041.108636408113,3048.1132544633
81314581,64,135,3048.3239026116207,3054.752143351827
81314581,64,135,3054.754458166659,3055.078532240819
81314581,64,136,3055.289180388674,3062.21742112888
81314581,64,136,3062.428069277201,3068.029921127949
81829004,58,123,2882.323983593378,2889.4235206316225
81829004,58,123,2889.634168779477,2896.0554535030387
81829004,58,124,2896.26610165136,2903.38415720826
81829004,58,124,2903.5948053565808,2910.048509061802
81829004,59,125,2910.259157210123,2916.742953508161
81829004,59,125,2916.9536016564816,2917.7707312861457
81829004,59,125,2917.77536091581,2923.347108602524
81829004,59,126,2923.5577567508444,2930.277664160356
81829004,59,126,2930.4883123086765,2936.6873863846995
82171017,59,125,2910.259157210123,2916.742953508161
82171017,59,125,2916.9536016564816,2917.7707312861457
82171017,59,125,2917.77536091581,2923.347108602524
82171017,59,126,2923.5577567508444,2930.277664160356
82171017,59,126,2930.4883123086765,2936.6873863846995
83576016,39,85,2361.770974363666,2374.8543076934293
83576016,39,86,2375.86125213746,2389.715407225769
83757147,38,83,2333.854319276754,2346.3334859414026
83757147,38,84,2347.2987637189217,2360.5487521416508
83969142,58,123,2882.323983593378,2889.4235206316225
83969142,58,123,2889.634168779477,2896.0554535030387
83969142,58,124,2896.26610165136,2903.38415720826
83969142,58,124,2903.5948053565808,2910.048509061802
84331094,43,93,2474.166761370376,2486.1250831289217
84331094,43,94,2487.180638684425,2498.888972017914
84331094,44,95,2500.1875831289217,2511.7223053518683
84331094,44,96,2513.2014604443684,2519.4167382232845
84331094,44,96,2519.4236826677807,2524.4375715572387
84331196,42,91,2447.687606282532,2460.3056502612308
84331196,42,92,2461.2362058167346,2473.159816926345
84331196,43,93,2474.166761370376,2486.1250831289217
84331196,43,94,2487.180638684425,2498.888972017914
84331196,44,95,2500.1875831289217,2511.7223053518683
84331196,44,96,2513.2014604443684,2519.4167382232845
84331196,44,96,2519.4236826677807,2524.4375715572387
84331297,42,91,2447.687606282532,2460.3056502612308
84331297,42,92,2461.2362058167346,2473.159816926345
84331297,43,93,2474.166761370376,2486.1250831289217
84331297,43,94,2487.180638684425,2498.888972017914
84331297,44,95,2500.1875831289217,2511.7223053518683
84331297,44,96,2513.2014604443684,2519.4167382232845
84331297,44,96,2519.4236826677807,2524.4375715572387
84331366,42,91,2447.687606282532,2460.3056502612308
84331366,42,92,2461.2362058167346,2473.159816926345
84331366,43,93,2474.166761370376,2486.1250831289217
84331366,43,94,2487.180638684425,2498.888972017914
84331366,44,95,2500.1875831289217,2511.7223053518683
84331366,44,96,2513.2014604443684,2519.4167382232845
84331366,44,96,2519.4236826677807,2524.4375715572387
84331442,42,91,2447.687606282532,2460.3056502612308
84331442,42,92,2461.2362058167346,2473.159816926345
84331442,44,95,2500.1875831289217,2511.7223053518683
84331442,44,96,2513.2014604443684,2519.4167382232845
84331442,44,96,2519.4236826677807,2524.4375715572387
84331463,42,91,2447.687606282532,2460.3056502612308
84331463,42,92,2461.2362058167346,2473.159816926345
84331463,43,93,2474.166761370376,2486.1250831289217
84331463,43,94,2487.180638684425,2498.888972017914
84331463,44,95,2500.1875831289217,2511.7223053518683
84331463,44,96,2513.2014604443684,2519.4167382232845
84331463,44,96,2519.4236826677807,2524.4375715572387
84331621,43,93,2474.166761370376,2486.1250831289217
84331621,43,94,2487.180638684425,2498.888972017914
84331621,44,95,2500.1875831289217,2511.7223053518683
84331621,44,96,2513.2014604443684,2519.4167382232845
84331621,44,96,2519.4236826677807,2524.4375715572387
84331755,42,91,2447.687606282532,2460.3056502612308
84331755,42,92,2461.2362058167346,2473.159816926345
84331755,43,93,2474.166761370376,2486.1250831289217
84331755,43,94,2487.180638684425,2498.888972017914
84331755,44,95,2500.1875831289217,2511.7223053518683
84331755,44,96,2513.2014604443684,2519.4167382232845
84331755,44,96,2519.4236826677807,2524.4375715572387
84332051,43,93,2474.166761370376,2486.1250831289217
84332051,43,94,2487.180638684425,2498.888972017914
84332051,44,95,2500.1875831289217,2511.7223053518683
84332051,44,96,2513.2014604443684,2519.4167382232845
84332051,44,96,2519.4236826677807,2524.4375715572387
84332064,42,91,2447.687606282532,2460.3056502612308
84332064,42,92,2461.2362058167346,2473.159816926345
84332064,43,93,2474.166761370376,2486.1250831289217
84332064,43,94,2487.180638684425,2498.888972017914
84332363,44,95,2500.1875831289217,2511.7223053518683
84332363,44,96,2513.2014604443684,2519.4167382232845
84332363,44,96,2519.4236826677807,2524.4375715572387
84336253,42,91,2447.687606282532,2460.3056502612308
84336253,42,92,2461.2362058167346,2473.159816926345
84336253,43,93,2474.166761370376,2486.1250831289217
84336253,43,94,2487.180638684425,2498.888972017914
84336401,43,93,2474.166761370376,2486.1250831289217
84336401,43,94,2487.180638684425,2498.888972017914
84336401,44,95,2500.1875831289217,2511.7223053518683
84336401,44,96,2513.2014604443684,2519.4167382232845
84336401,44,96,2519.4236826677807,2524.4375715572387
84336600,42,91,2447.687606282532,2460.3056502612308
84336600,42,92,2461.2362058167346,2473.159816926345
84336600,44,95,2500.1875831289217,2511.7223053518683
84336600,44,96,2513.2014604443684,2519.4167382232845
84336600,44,96,2519.4236826677807,2524.4375715572387
84336649,44,95,2500.1875831289217,2511.7223053518683
84336649,44,96,2513.2014604443684,2519.4167382232845
84336649,44,96,2519.4236826677807,2524.4375715572387
84336651,43,93,2474.166761370376,2486.1250831289217
84336651,43,94,2487.180638684425,2498.888972017914
84336819,42,91,2447.687606282532,2460.3056502612308
84336819,42,92,2461.2362058167346,2473.159816926345
84336819,43,93,2474.166761370376,2486.1250831289217
84336819,43,94,2487.180638684425,2498.888972017914
84336819,44,95,2500.1875831289217,2511.7223053518683
84336819,44,96,2513.2014604443684,2519.4167382232845
84336819,44,96,2519.4236826677807,2524.4375715572387
84336821,42,91,2447.687606282532,2460.3056502612308
84336821,42,92,2461.2362058167346,2473.159816926345
84336821,43,93,2474.166761370376,2486.1250831289217
84336821,43,94,2487.180638684425,2498.888972017914
84336821,44,95,2500.1875831289217,2511.7223053518683
84336821,44,96,2513.2014604443684,2519.4167382232845
84336821,44,96,2519.4236826677807,2524.4375715572387
84336854,44,95,2500.1875831289217,2511.7223053518683
84336854,44,96,2513.2014604443684,2519.4167382232845
84336854,44,96,2519.4236826677807,2524.4375715572387
84336870,42,91,2447.687606282532,2460.3056502612308
84336870,42,92,2461.2362058167346,2473.159816926345
84336870,43,93,2474.166761370376,2486.1250831289217
84336870,43,94,2487.180638684425,2498.888972017914
84336870,44,95,2500.1875831289217,2511.7223053518683
84336870,44,96,2513.2014604443684,2519.4167382232845
84336870,44,96,2519.4236826677807,2524.4375715572387
84336941,42,91,2447.687606282532,2460.3056502612308
84336941,42,92,2461.2362058167346,2473.159816926345
84336941,43,93,2474.166761370376,2486.1250831289217
84336941,43,94,2487.180638684425,2498.888972017914
84336941,44,95,2500.1875831289217,2511.7223053518683
84336941,44,96,2513.2014604443684,2519.4167382232845
84336941,44,96,2519.4236826677807,2524.4375715572387
84337145,43,93,2474.166761370376,2486.1250831289217
84337145,43,94,2487.180638684425,2498.888972017914
85590904,58,123,2882.323983593378,2889.4235206316225
85590904,58,123,2889.634168779477,2896.0554535030387
85590904,58,124,2896.26610165136,2903.38415720826
85590904,58,124,2903.5948053565808,2910.048509061802
86912433,19,45,1816.0837173955515,1827.9795507323
86912433,19,46,1828.9587173992768,1838.708705828525
86912433,19,46,1838.7295391620137,1841.1462058294564
86912433,59,125,2910.259157210123,2916.742953508161
86912433,59,125,2916.9536016564816,2917.7707312861457
86912433,59,125,2917.77536091581,2923.347108602524
86912433,59,126,2923.5577567508444,2930.277664160356
86912433,59,126,2930.4883123086765,2936.6873863846995
90505658,14,35,1683.3546086065471,1696.3754419358447
90505658,14,36,1697.3546086023562,1710.187930358108
90571283,42,91,2447.687606282532,2460.3056502612308
90571283,42,92,2461.2362058167346,2473.159816926345
90645203,58,123,2882.323983593378,2889.4235206316225
90645203,58,123,2889.634168779477,2896.0554535030387
90645203,58,124,2896.26610165136,2903.38415720826
90645203,58,124,2903.5948053565808,2910.048509061802
90694662,58,123,2882.323983593378,2889.4235206316225
90694662,58,123,2889.634168779477,2896.0554535030387
90694662,58,124,2896.26610165136,2903.38415720826
90694662,58,124,2903.5948053565808,2910.048509061802
92002749,63,133,3014.3632776099257,3021.187351684552
92002749,63,133,3021.3979998328723,3027.3910438148305
92002749,63,134,3027.601691963151,3034.0901178894565
92002749,63,134,3034.300766037777,3040.8979882597923
92002749,64,135,3041.108636408113,3048.1132544633
92002749,64,135,3048.3239026116207,3054.752143351827
92002749,64,135,3054.754458166659,3055.078532240819
92002749,64,136,3055.289180388674,3062.21742112888
92002749,64,136,3062.428069277201,3068.029921127949
92841571,9,25,1543.2296664975584,1555.542166499421
92841571,9,26,1556.729666499421,1568.458821593318
92841571,36,79,2280.902965109796,2292.8543424261734
92841571,36,80,2293.7918424261734,2305.9862868711352
92841571,61,129,2962.7938563008797,2969.3332081544213
92841571,61,129,2969.543856302742,2975.1966225081123
92841571,61,130,2975.407270656433,2982.1896780659445
92841571,61,130,2982.400326214265,2988.2244002898224
92841571,62,131,2988.435048438143,2994.881807698868
92841571,62,131,2995.092455847189,3000.9234627927653
92841571,62,132,3001.134110941086,3007.53457390517
92841571,62,132,3007.7452220534906,3014.152629461605
92845906,5,17,1437.97971276287,1450.1880460991524
92845906,5,18,1451.563046099618,1464.2713678628206
92845906,6,19,1468.2713678642176,1477.0213678670116
92845906,6,20,1478.1047012005,1490.0421896306798
92845906,32,71,2174.222455819603,2185.9377220263705
92845906,32,72,2186.9446664713323,2200.2293886975385
93125144,6,19,1468.2713678642176,1477.0213678670116
93125144,6,20,1478.1047012005,1490.0421896306798
93125144,32,71,2174.222455819603,2185.9377220263705
93125144,32,72,2186.9446664713323,2200.2293886975385
93125144,33,73,2201.729388698004,2213.86132157268
93125144,33,74,2215.430766017642,2227.5696549103595
93126844,6,19,1468.2713678642176,1477.0213678670116
93126844,6,20,1478.1047012005,1490.0421896306798
93126844,32,71,2174.222455819603,2185.9377220263705
93126844,32,72,2186.9446664713323,2200.2293886975385
93126844,33,73,2201.729388698004,2213.86132157268
93126844,33,74,2215.430766017642,2227.5696549103595
93242288,6,19,1468.2713678642176,1477.0213678670116
93242288,6,20,1478.1047012005,1490.0421896306798
93242288,32,71,2174.222455819603,2185.9377220263705
93242288,32,72,2186.9446664713323,2200.2293886975385
93242288,33,73,2201.729388698004,2213.86132157268
93242288,33,74,2215.430766017642,2227.5696549103595
93280091,6,19,1468.2713678642176,1477.0213678670116
93280091,6,20,1478.1047012005,1490.0421896306798
93327607,33,73,2201.729388698004,2213.86132157268
93327607,33,74,2215.430766017642,2227.5696549103595
93443364,6,19,1468.2713678642176,1477.0213678670116
93443364,6,20,1478.1047012005,1490.0421896306798
93443364,32,71,2174.222455819603,2185.9377220263705
93443364,32,72,2186.9446664713323,2200.2293886975385
93456758,12,31,1624.958798439242,1638.9796317690052
93456758,12,32,1640.0421317685395,1652.875453523826
93779101,12,31,1624.958798439242,1638.9796317690052
93779101,12,32,1640.0421317685395,1652.875453523826
93985722,12,31,1624.958798439242,1638.9796317690052
93985722,12,32,1640.0421317685395,1652.875453523826
93985722,65,137,3068.7336248317733,3075.9674095525406
93985722,65,137,3076.178057700861,3083.47435399564
93985722,65,138,3083.685002143495,3087.4674095502123
93985722,65,138,3087.4697243650444,3090.252131771762
93985722,65,138,3090.462779919617,3096.58777991822
94178492,10,27,1569.4379882598296,1581.771321593318
94178492,10,28,1582.771321593318,1595.667143351864
94178492,64,135,3041.108636408113,3048.1132544633
94178492,64,135,3048.3239026116207,3054.752143351827
94178492,64,135,3054.754458166659,3055.078532240819
94178492,64,136,3055.289180388674,3062.21742112888
94178492,64,136,3062.428069277201,3068.029921127949
94338761,43,93,2474.166761370376,2486.1250831289217
94338761,43,94,2487.180638684425,2498.888972017914
94491270,12,31,1624.958798439242,1638.9796317690052
94491270,12,32,1640.0421317685395,1652.875453523826
94608039,43,93,2474.166761370376,2486.1250831289217
94608039,43,94,2487.180638684425,2498.888972017914
94834179,12,31,1624.958798439242,1638.9796317690052
94834179,12,32,1640.0421317685395,1652.875453523826
94972416,39,85,2361.770974363666,2374.8543076934293
94972416,39,86,2375.86125213746,2389.715407225769
95282711,12,31,1624.958798439242,1638.9796317690052
95282711,12,32,1640.0421317685395,1652.875453523826
95328477,6,19,1468.2713678642176,1477.0213678670116
95328477,6,20,1478.1047012005,1490.0421896306798
95328477,33,73,2201.729388698004,2213.86132157268
95328477,33,74,2215.430766017642,2227.5696549103595
95570747,59,125,2910.259157210123,2916.742953508161
95570747,59,125,2916.9536016564816,2917.7707312861457
95570747,59,125,2917.77536091581,2923.347108602524
95570747,59,126,2923.5577567508444,2930.277664160356
95570747,59,126,2930.4883123086765,2936.6873863846995
96246348,33,73,2201.729388698004,2213.86132157268
96246348,33,74,2215.430766017642,2227.5696549103595
96581445,61,129,2962.7938563008797,2969.3332081544213
96581445,61,129,2969.543856302742,2975.1966225081123
96581445,61,130,2975.407270656433,2982.1896780659445
96581445,61,130,2982.400326214265,2988.2244002898224
96652559,61,129,2962.7938563008797,2969.3332081544213
96652559,61,129,2969.543856302742,2975.1966225081123
96652559,61,130,2975.407270656433,2982.1896780659445
96652559,61,130,2982.400326214265,2988.2244002898224
96740970,33,73,2201.729388698004,2213.86132157268
96740970,33,74,2215.430766017642,2227.5696549103595
96740970,34,75,2228.750210466329,2240.902976674028
96740970,34,76,2241.9863100075163,2254.062698900234
96742895,61,129,2962.7938563008797,2969.3332081544213
96742895,61,129,2969.543856302742,2975.1966225081123
96742895,61,130,2975.407270656433,2982.1896780659445
96742895,61,130,2982.400326214265,2988.2244002898224
96743408,61,129,2962.7938563008797,2969.3332081544213
96743408,61,129,2969.543856302742,2975.1966225081123
96743408,61,130,2975.407270656433,2982.1896780659445
96743408,61,130,2982.400326214265,2988.2244002898224
96744970,61,129,2962.7938563008797,2969.3332081544213
96744970,61,129,2969.543856302742,2975.1966225081123
96744970,61,130,2975.407270656433,2982.1896780659445
96744970,61,130,2982.400326214265,2988.2244002898224
96859149,61,129,2962.7938563008797,2969.3332081544213
96859149,61,129,2969.543856302742,2975.1966225081123
96859149,61,130,2975.407270656433,2982.1896780659445
96859149,61,130,2982.400326214265,2988.2244002898224
97290592,44,95,2500.1875831289217,2511.7223053518683
97290592,44,96,2513.2014604443684,2519.4167382232845
97290592,44,96,2519.4236826677807,2524.4375715572387
98305034,12,31,1624.958798439242,1638.9796317690052
98305034,12,32,1640.0421317685395,1652.875453523826
98305034,65,137,3068.7336248317733,3075.9674095525406
98305034,65,137,3076.178057700861,3083.47435399564
98305034,65,138,3083.685002143495,3087.4674095502123
98305034,65,138,3087.4697243650444,3090.252131771762
98305034,65,138,3090.462779919617,3096.58777991822
98900472,12,31,1624.958798439242,1638.9796317690052
98900472,12,32,1640.0421317685395,1652.875453523826
98900472,65,137,3068.7336248317733,3075.9674095525406
98900472,65,137,3076.178057700861,3083.47435399564
98900472,65,138,3083.685002143495,3087.4674095502123
98900472,65,138,3087.4697243650444,3090.252131771762
98900472,65,138,3090.462779919617,3096.58777991822
99210610,12,31,1624.958798439242,1638.9796317690052
99210610,12,32,1640.0421317685395,1652.875453523826
99210610,38,83,2333.854319276754,2346.3334859414026
99210610,38,84,2347.2987637189217,2360.5487521416508
99324893,12,31,1624.958798439242,1638.9796317690052
99324893,12,32,1640.0421317685395,1652.875453523826
99324893,65,137,3068.7336248317733,3075.9674095525406
99324893,65,137,3076.178057700861,3083.47435399564
99324893,65,138,3083.685002143495,3087.4674095502123
99324893,65,138,3087.4697243650444,3090.252131771762
99324893,65,138,3090.462779919617,3096.58777991822
100100909,2,11,1354.1047474853694,1367.1464141495526
100100909,2,12,1368.6047359085642,1381.5005692406558
100100909,3,13,1381.7089025736786,1382.5214025736786
100100909,3,13,1382.6047359071672,1383.62556924019
100100909,3,13,1383.6672359071672,1384.2714025736786
100100909,3,13,1384.31306924019,1385.87556924019
100100909,3,13,1385.93806924019,1395.4380692397244
100100909,3,13,1395.583902573213,1396.458902573213
100100909,3,13,1396.5005692397244,1396.5630692397244
100100909,3,14,1396.646402573213,1409.3755576661788
100100909,29,65,2088.2363794292323,2101.375256741885
100100909,29,66,2102.326645630412,2114.430812295992
100100909,30,67,2115.882201184518,2129.139134054538
100100909,30,68,2130.208578499034,2143.222467388492
100481123,5,17,1437.97971276287,1450.1880460991524
100481123,5,18,1451.563046099618,1464.2713678628206
100481123,6,19,1468.2713678642176,1477.0213678670116
100481123,6,20,1478.1047012005,1490.0421896306798
100481123,32,71,2174.222455819603,2185.9377220263705
100481123,32,72,2186.9446664713323,2200.2293886975385
100481123,33,73,2201.729388698004,2213.86132157268
100481123,33,74,2215.430766017642,2227.5696549103595
100510452,5,17,1437.97971276287,1450.1880460991524
100510452,5,18,1451.563046099618,1464.2713678628206
100510452,6,19,1468.2713678642176,1477.0213678670116
100510452,6,20,1478.1047012005,1490.0421896306798
100510452,32,71,2174.222455819603,2185.9377220263705
100510452,32,72,2186.9446664713323,2200.2293886975385
100510452,33,73,2201.729388698004,2213.86132157268
100510452,33,74,2215.430766017642,2227.5696549103595
100608178,5,17,1437.97971276287,1450.1880460991524
100608178,5,18,1451.563046099618,1464.2713678628206
100608178,6,19,1468.2713678642176,1477.0213678670116
100608178,6,20,1478.1047012005,1490.0421896306798
100608178,32,71,2174.222455819603,2185.9377220263705
100608178,32,72,2186.9446664713323,2200.2293886975385
100608178,33,73,2201.729388698004,2213.86132157268
100608178,33,74,2215.430766017642,2227.5696549103595
101100599,3,13,1381.7089025736786,1382.5214025736786
101100599,3,13,1382.6047359071672,1383.62556924019
101100599,3,13,1383.6672359071672,1384.2714025736786
101100599,3,13,1384.31306924019,1385.87556924019
101100599,3,13,1385.93806924019,1395.4380692397244
101100599,3,13,1395.583902573213,1396.458902573213
101100599,3,13,1396.5005692397244,1396.5630692397244
101100599,3,14,1396.646402573213,1409.3755576661788
101100599,4,15,1410.917224333156,1413.2505576666445
101100599,4,15,1413.2713909996671,1418.4797243336216
101100599,4,15,1421.2297243340872,1423.5005576675758
101100599,4,16,1424.5630576680414,1436.833879429381
101100599,30,67,2115.882201184518,2129.139134054538
101100599,30,68,2130.208578499034,2143.222467388492
101100599,31,69,2144.514134055469,2157.451622482855
101100599,31,70,2158.861344705336,2169.944678040687
101134075,58,123,2882.323983593378,2889.4235206316225
101134075,58,123,2889.634168779477,2896.0554535030387
101134075,58,124,2896.26610165136,2903.38415720826
101134075,58,124,2903.5948053565808,2910.048509061802
102974776,63,133,3014.3632776099257,3021.187351684552
102974776,63,133,3021.3979998328723,3027.3910438148305
102974776,63,134,3027.601691963151,3034.0901178894565
102974776,63,134,3034.300766037777,3040.8979882597923
103107644,9,25,1543.2296664975584,1555.542166499421
103107644,9,26,1556.729666499421,1568.458821593318
103246633,63,133,3014.3632776099257,3021.187351684552
103246633,63,133,3021.3979998328723,3027.3910438148305
103246633,63,134,3027.601691963151,3034.0901178894565
103246633,63,134,3034.300766037777,3040.8979882597923
103565448,19,45,1816.0837173955515,1827.9795507323
103565448,19,46,1828.9587173992768,1838.708705828525
103565448,19,46,1838.7295391620137,1841.1462058294564
103565448,25,57,1983.6461479780264,1995.6253030677328
103565448,25,58,1996.9169697337784,2009.2919697305188
103565448,26,59,2010.2711363970304,2022.187791485805
103565448,52,111,2718.631935013924,2720.208312328439
103565448,52,111,2720.2152567729354,2730.29859010363
103565448,52,112,2731.444423436653,2743.0763678778894
103565448,53,113,2743.9930229703896,2755.9930229661986
103565448,53,114,2756.90968963271,2768.9791224994697
103565448,59,125,2910.259157210123,2916.742953508161
103565448,59,125,2916.9536016564816,2917.7707312861457
103565448,59,125,2917.77536091581,2923.347108602524
103565448,59,126,2923.5577567508444,2930.277664160356
103565448,59,126,2930.4883123086765,2936.6873863846995
103617858,14,35,1683.3546086065471,1696.3754419358447
103617858,14,36,1697.3546086023562,1710.187930358108
104029867,58,123,2882.323983593378,2889.4235206316225
104029867,58,123,2889.634168779477,2896.0554535030387
104029867,58,124,2896.26610165136,2903.38415720826
104029867,58,124,2903.5948053565808,2910.048509061802
104195810,59,125,2910.259157210123,2916.742953508161
104195810,59,125,2916.9536016564816,2917.7707312861457
104195810,59,125,2917.77536091581,2923.347108602524
104195810,59,126,2923.5577567508444,2930.277664160356
104195810,59,126,2930.4883123086765,2936.6873863846995
105710145,9,25,1543.2296664975584,1555.542166499421
105710145,9,26,1556.729666499421,1568.458821593318
105710145,36,79,2280.902965109796,2292.8543424261734
105710145,36,80,2293.7918424261734,2305.9862868711352
105710145,63,133,3014.3632776099257,3021.187351684552
105710145,63,133,3021.3979998328723,3027.3910438148305
105710145,63,134,3027.601691963151,3034.0901178894565
105710145,63,134,3034.300766037777,3040.8979882597923
112176566,11,29,1596.7713100183755,1609.6879766830243
112176566,11,30,1610.7921433495358,1623.875465106219
112176566,38,83,2333.854319276754,2346.3334859414026
112176566,38,84,2347.2987637189217,2360.5487521416508
112176566,64,135,3041.108636408113,3048.1132544633
112176566,64,135,3048.3239026116207,3054.752143351827
112176566,64,135,3054.754458166659,3055.078532240819
112176566,64,136,3055.289180388674,3062.21742112888
112176566,64,136,3062.428069277201,3068.029921127949
113603123,57,121,2853.349458129145,2860.5763099808246
113603123,57,121,2860.7869581286795,2863.282328499481
113603123,57,121,2866.409643314313,2867.245291462168
113603123,57,122,2867.4559396104887,2874.606391000096
113603123,57,122,2874.8170391479507,2882.1133354450576
113918237,42,91,2447.687606282532,2460.3056502612308
113918237,42,92,2461.2362058167346,2473.159816926345
113922031,42,91,2447.687606282532,2460.3056502612308
113922031,42,92,2461.2362058167346,2473.159816926345
113922821,44,95,2500.1875831289217,2511.7223053518683
113922821,44,96,2513.2014604443684,2519.4167382232845
113922821,44,96,2519.4236826677807,2524.4375715572387
113955012,42,91,2447.687606282532,2460.3056502612308
113955012,42,92,2461.2362058167346,2473.159816926345
113955012,43,93,2474.166761370376,2486.1250831289217
113955012,43,94,2487.180638684425,2498.888972017914
113955012,44,95,2500.1875831289217,2511.7223053518683
113955012,44,96,2513.2014604443684,2519.4167382232845
113955012,44,96,2519.4236826677807,2524.4375715572387
113955775,42,91,2447.687606282532,2460.3056502612308
113955775,42,92,2461.2362058167346,2473.159816926345
113955775,43,93,2474.166761370376,2486.1250831289217
113955775,43,94,2487.180638684425,2498.888972017914
113955775,44,95,2500.1875831289217,2511.7223053518683
113955775,44,96,2513.2014604443684,2519.4167382232845
113955775,44,96,2519.4236826677807,2524.4375715572387
113955896,44,95,2500.1875831289217,2511.7223053518683
113955896,44,96,2513.2014604443684,2519.4167382232845
113955896,44,96,2519.4236826677807,2524.4375715572387
113978010,42,91,2447.687606282532,2460.3056502612308
113978010,42,92,2461.2362058167346,2473.159816926345
113978010,43,93,2474.166761370376,2486.1250831289217
113978010,43,94,2487.180638684425,2498.888972017914
113978010,44,95,2500.1875831289217,2511.7223053518683
113978010,44,96,2513.2014604443684,2519.4167382232845
113978010,44,96,2519.4236826677807,2524.4375715572387
113980856,42,91,2447.687606282532,2460.3056502612308
113980856,42,92,2461.2362058167346,2473.159816926345
113980856,44,95,2500.1875831289217,2511.7223053518683
113980856,44,96,2513.2014604443684,2519.4167382232845
113980856,44,96,2519.4236826677807,2524.4375715572387
113981932,42,91,2447.687606282532,2460.3056502612308
113981932,42,92,2461.2362058167346,2473.159816926345
113981932,44,95,2500.1875831289217,2511.7223053518683
113981932,44,96,2513.2014604443684,2519.4167382232845
113981932,44,96,2519.4236826677807,2524.4375715572387
113981961,42,91,2447.687606282532,2460.3056502612308
113981961,42,92,2461.2362058167346,2473.159816926345
113981991,42,91,2447.687606282532,2460.3056502612308
113981991,42,92,2461.2362058167346,2473.159816926345
113982102,42,91,2447.687606282532,2460.3056502612308
113982102,42,92,2461.2362058167346,2473.159816926345
113982102,44,95,2500.1875831289217,2511.7223053518683
113982102,44,96,2513.2014604443684,2519.4167382232845
113982102,44,96,2519.4236826677807,2524.4375715572387
113982283,44,95,2500.1875831289217,2511.7223053518683
113982283,44,96,2513.2014604443684,2519.4167382232845
113982283,44,96,2519.4236826677807,2524.4375715572387
113982669,44,95,2500.1875831289217,2511.7223053518683
113982669,44,96,2513.2014604443684,2519.4167382232845
113982669,44,96,2519.4236826677807,2524.4375715572387
114028702,42,91,2447.687606282532,2460.3056502612308
114028702,42,92,2461.2362058167346,2473.159816926345
114028702,43,93,2474.166761370376,2486.1250831289217
114028702,43,94,2487.180638684425,2498.888972017914
114029273,44,95,2500.1875831289217,2511.7223053518683
114029273,44,96,2513.2014604443684,2519.4167382232845
114029273,44,96,2519.4236826677807,2524.4375715572387
114029316,43,93,2474.166761370376,2486.1250831289217
114029316,43,94,2487.180638684425,2498.888972017914
114029325,42,91,2447.687606282532,2460.3056502612308
114029325,42,92,2461.2362058167346,2473.159816926345
114029415,42,91,2447.687606282532,2460.3056502612308
114029415,42,92,2461.2362058167346,2473.159816926345
114029415,44,95,2500.1875831289217,2511.7223053518683
114029415,44,96,2513.2014604443684,2519.4167382232845
114029415,44,96,2519.4236826677807,2524.4375715572387
114029855,42,91,2447.687606282532,2460.3056502612308
114029855,42,92,2461.2362058167346,2473.159816926345
114029882,43,93,2474.166761370376,2486.1250831289217
114029882,43,94,2487.180638684425,2498.888972017914
114029882,44,95,2500.1875831289217,2511.7223053518683
114029882,44,96,2513.2014604443684,2519.4167382232845
114029882,44,96,2519.4236826677807,2524.4375715572387
114030043,42,91,2447.687606282532,2460.3056502612308
114030043,42,92,2461.2362058167346,2473.159816926345
114030043,43,93,2474.166761370376,2486.1250831289217
114030043,43,94,2487.180638684425,2498.888972017914
114030043,44,95,2500.1875831289217,2511.7223053518683
114030043,44,96,2513.2014604443684,2519.4167382232845
114030043,44,96,2519.4236826677807,2524.4375715572387
114030226,44,95,2500.1875831289217,2511.7223053518683
114030226,44,96,2513.2014604443684,2519.4167382232845
114030226,44,96,2519.4236826677807,2524.4375715572387
114030453,42,91,2447.687606282532,2460.3056502612308
114030453,42,92,2461.2362058167346,2473.159816926345
114030453,43,93,2474.166761370376,2486.1250831289217
114030453,43,94,2487.180638684425,2498.888972017914
114030453,44,95,2500.1875831289217,2511.7223053518683
114030453,44,96,2513.2014604443684,2519.4167382232845
114030453,44,96,2519.4236826677807,2524.4375715572387
114059158,42,91,2447.687606282532,2460.3056502612308
114059158,42,92,2461.2362058167346,2473.159816926345
114059158,44,95,2500.1875831289217,2511.7223053518683
114059158,44,96,2513.2014604443684,2519.4167382232845
114059158,44,96,2519.4236826677807,2524.4375715572387
114059619,43,93,2474.166761370376,2486.1250831289217
114059619,43,94,2487.180638684425,2498.888972017914
114059619,44,95,2500.1875831289217,2511.7223053518683
114059619,44,96,2513.2014604443684,2519.4167382232845
114059619,44,96,2519.4236826677807,2524.4375715572387
114059821,44,95,2500.1875831289217,2511.7223053518683
114059821,44,96,2513.2014604443684,2519.4167382232845
114059821,44,96,2519.4236826677807,2524.4375715572387
114059861,44,95,2500.1875831289217,2511.7223053518683
114059861,44,96,2513.2014604443684,2519.4167382232845
114059861,44,96,2519.4236826677807,2524.4375715572387
114060078,42,91,2447.687606282532,2460.3056502612308
114060078,42,92,2461.2362058167346,2473.159816926345
114060141,44,95,2500.1875831289217,2511.7223053518683
114060141,44,96,2513.2014604443684,2519.4167382232845
114060141,44,96,2519.4236826677807,2524.4375715572387
114060200,43,93,2474.166761370376,2486.1250831289217
114060200,43,94,2487.180638684425,2498.888972017914
114060387,44,95,2500.1875831289217,2511.7223053518683
114060387,44,96,2513.2014604443684,2519.4167382232845
114060387,44,96,2519.4236826677807,2524.4375715572387
114060454,42,91,2447.687606282532,2460.3056502612308
114060454,42,92,2461.2362058167346,2473.159816926345
114060609,42,91,2447.687606282532,2460.3056502612308
114060609,42,92,2461.2362058167346,2473.159816926345
114060609,43,93,2474.166761370376,2486.1250831289217
114060609,43,94,2487.180638684425,2498.888972017914
114060609,44,95,2500.1875831289217,2511.7223053518683
114060609,44,96,2513.2014604443684,2519.4167382232845
114060609,44,96,2519.4236826677807,2524.4375715572387
114060720,42,91,2447.687606282532,2460.3056502612308
114060720,42,92,2461.2362058167346,2473.159816926345
114060720,43,93,2474.166761370376,2486.1250831289217
114060720,43,94,2487.180638684425,2498.888972017914
114060720,44,95,2500.1875831289217,2511.7223053518683
114060720,44,96,2513.2014604443684,2519.4167382232845
114060720,44,96,2519.4236826677807,2524.4375715572387
114060999,43,93,2474.166761370376,2486.1250831289217
114060999,43,94,2487.180638684425,2498.888972017914
114060999,44,95,2500.1875831289217,2511.7223053518683
114060999,44,96,2513.2014604443684,2519.4167382232845
114060999,44,96,2519.4236826677807,2524.4375715572387
114061043,42,91,2447.687606282532,2460.3056502612308
114061043,42,92,2461.2362058167346,2473.159816926345
114061192,43,93,2474.166761370376,2486.1250831289217
114061192,43,94,2487.180638684425,2498.888972017914
114061203,43,93,2474.166761370376,2486.1250831289217
114061203,43,94,2487.180638684425,2498.888972017914
114061203,44,95,2500.1875831289217,2511.7223053518683
114061203,44,96,2513.2014604443684,2519.4167382232845
114061203,44,96,2519.4236826677807,2524.4375715572387
114083477,43,93,2474.166761370376,2486.1250831289217
114083477,43,94,2487.180638684425,2498.888972017914
114084177,42,91,2447.687606282532,2460.3056502612308
114084177,42,92,2461.2362058167346,2473.159816926345
114084177,43,93,2474.166761370376,2486.1250831289217
114084177,43,94,2487.180638684425,2498.888972017914
114084177,44,95,2500.1875831289217,2511.7223053518683
114084177,44,96,2513.2014604443684,2519.4167382232845
114084177,44,96,2519.4236826677807,2524.4375715572387
114084192,43,93,2474.166761370376,2486.1250831289217
114084192,43,94,2487.180638684425,2498.888972017914
114084192,44,95,2500.1875831289217,2511.7223053518683
114084192,44,96,2513.2014604443684,2519.4167382232845
114084192,44,96,2519.4236826677807,2524.4375715572387
114084199,42,91,2447.687606282532,2460.3056502612308
114084199,42,92,2461.2362058167346,2473.159816926345
114084199,44,95,2500.1875831289217,2511.7223053518683
114084199,44,96,2513.2014604443684,2519.4167382232845
114084199,44,96,2519.4236826677807,2524.4375715572387
114084277,42,91,2447.687606282532,2460.3056502612308
114084277,42,92,2461.2362058167346,2473.159816926345
114084277,43,93,2474.166761370376,2486.1250831289217
114084277,43,94,2487.180638684425,2498.888972017914
114084277,44,95,2500.1875831289217,2511.7223053518683
114084277,44,96,2513.2014604443684,2519.4167382232845
114084277,44,96,2519.4236826677807,2524.4375715572387
114084456,43,93,2474.166761370376,2486.1250831289217
114084456,43,94,2487.180638684425,2498.888972017914
114084456,44,95,2500.1875831289217,2511.7223053518683
114084456,44,96,2513.2014604443684,2519.4167382232845
114084456,44,96,2519.4236826677807,2524.4375715572387
114084814,44,95,2500.1875831289217,2511.7223053518683
114084814,44,96,2513.2014604443684,2519.4167382232845
114084814,44,96,2519.4236826677807,2524.4375715572387
114084989,42,91,2447.687606282532,2460.3056502612308
114084989,42,92,2461.2362058167346,2473.159816926345
114084989,43,93,2474.166761370376,2486.1250831289217
114084989,43,94,2487.180638684425,2498.888972017914
114084989,44,95,2500.1875831289217,2511.7223053518683
114084989,44,96,2513.2014604443684,2519.4167382232845
114084989,44,96,2519.4236826677807,2524.4375715572387
114085193,43,93,2474.166761370376,2486.1250831289217
114085193,43,94,2487.180638684425,2498.888972017914
114085225,42,91,2447.687606282532,2460.3056502612308
114085225,42,92,2461.2362058167346,2473.159816926345
114085225,43,93,2474.166761370376,2486.1250831289217
114085225,43,94,2487.180638684425,2498.888972017914
114085225,44,95,2500.1875831289217,2511.7223053518683
114085225,44,96,2513.2014604443684,2519.4167382232845
114085225,44,96,2519.4236826677807,2524.4375715572387
114085232,44,95,2500.1875831289217,2511.7223053518683
114085232,44,96,2513.2014604443684,2519.4167382232845
114085232,44,96,2519.4236826677807,2524.4375715572387
114085299,43,93,2474.166761370376,2486.1250831289217
114085299,43,94,2487.180638684425,2498.888972017914
114085299,44,95,2500.1875831289217,2511.7223053518683
114085299,44,96,2513.2014604443684,2519.4167382232845
114085299,44,96,2519.4236826677807,2524.4375715572387
114085393,43,93,2474.166761370376,2486.1250831289217
114085393,43,94,2487.180638684425,2498.888972017914
114085393,44,95,2500.1875831289217,2511.7223053518683
114085393,44,96,2513.2014604443684,2519.4167382232845
114085393,44,96,2519.4236826677807,2524.4375715572387
114085414,42,91,2447.687606282532,2460.3056502612308
114085414,42,92,2461.2362058167346,2473.159816926345
114086003,43,93,2474.166761370376,2486.1250831289217
114086003,43,94,2487.180638684425,2498.888972017914
114086003,44,95,2500.1875831289217,2511.7223053518683
114086003,44,96,2513.2014604443684,2519.4167382232845
114086003,44,96,2519.4236826677807,2524.4375715572387
114086074,43,93,2474.166761370376,2486.1250831289217
114086074,43,94,2487.180638684425,2498.888972017914
114086074,44,95,2500.1875831289217,2511.7223053518683
114086074,44,96,2513.2014604443684,2519.4167382232845
114086074,44,96,2519.4236826677807,2524.4375715572387
114165905,44,95,2500.1875831289217,2511.7223053518683
114165905,44,96,2513.2014604443684,2519.4167382232845
114165905,44,96,2519.4236826677807,2524.4375715572387
114166622,44,95,2500.1875831289217,2511.7223053518683
114166622,44,96,2513.2014604443684,2519.4167382232845
114166622,44,96,2519.4236826677807,2524.4375715572387
114166663,42,91,2447.687606282532,2460.3056502612308
114166663,42,92,2461.2362058167346,2473.159816926345
114166663,43,93,2474.166761370376,2486.1250831289217
114166663,43,94,2487.180638684425,2498.888972017914
114166663,44,95,2500.1875831289217,2511.7223053518683
114166663,44,96,2513.2014604443684,2519.4167382232845
114166663,44,96,2519.4236826677807,2524.4375715572387
114167104,43,93,2474.166761370376,2486.1250831289217
114167104,43,94,2487.180638684425,2498.888972017914
114167104,44,95,2500.1875831289217,2511.7223053518683
114167104,44,96,2513.2014604443684,2519.4167382232845
114167104,44,96,2519.4236826677807,2524.4375715572387
114501073,30,67,2115.882201184518,2129.139134054538
114501073,30,68,2130.208578499034,2143.222467388492
115379421,30,67,2115.882201184518,2129.139134054538
115379421,30,68,2130.208578499034,2143.222467388492
116615215,58,123,2882.323983593378,2889.4235206316225
116615215,58,123,2889.634168779477,2896.0554535030387
116615215,58,124,2896.26610165136,2903.38415720826
116615215,58,124,2903.5948053565808,2910.048509061802
116722982,58,123,2882.323983593378,2889.4235206316225
116722982,58,123,2889.634168779477,2896.0554535030387
116722982,58,124,2896.26610165136,2903.38415720826
116722982,58,124,2903.5948053565808,2910.048509061802
116755714,58,123,2882.323983593378,2889.4235206316225
116755714,58,123,2889.634168779477,2896.0554535030387
116755714,58,124,2896.26610165136,2903.38415720826
116755714,58,124,2903.5948053565808,2910.048509061802
116989163,18,43,1790.6670622974634,1791.1045622974634
116989163,18,43,1791.375395630952,1802.4378956332805
116989163,18,44,1803.4587289667688,1815.0212173955515
116989163,58,123,2882.323983593378,2889.4235206316225
116989163,58,123,2889.634168779477,2896.0554535030387
116989163,58,124,2896.26610165136,2903.38415720826
116989163,58,124,2903.5948053565808,2910.048509061802
117118743,58,123,2882.323983593378,2889.4235206316225
117118743,58,123,2889.634168779477,2896.0554535030387
117118743,58,124,2896.26610165136,2903.38415720826
117118743,58,124,2903.5948053565808,2910.048509061802
117261990,58,123,2882.323983593378,2889.4235206316225
117261990,58,123,2889.634168779477,2896.0554535030387
117261990,58,124,2896.26610165136,2903.38415720826
117261990,58,124,2903.5948053565808,2910.048509061802
117264320,58,123,2882.323983593378,2889.4235206316225
117264320,58,123,2889.634168779477,2896.0554535030387
117264320,58,124,2896.26610165136,2903.38415720826
117264320,58,124,2903.5948053565808,2910.048509061802
117399547,58,123,2882.323983593378,2889.4235206316225
117399547,58,123,2889.634168779477,2896.0554535030387
117399547,58,124,2896.26610165136,2903.38415720826
117399547,58,124,2903.5948053565808,2910.048509061802
117400431,58,123,2882.323983593378,2889.4235206316225
117400431,58,123,2889.634168779477,2896.0554535030387
117400431,58,124,2896.26610165136,2903.38415720826
117400431,58,124,2903.5948053565808,2910.048509061802
117615681,58,123,2882.323983593378,2889.4235206316225
117615681,58,123,2889.634168779477,2896.0554535030387
117615681,58,124,2896.26610165136,2903.38415720826
117615681,58,124,2903.5948053565808,2910.048509061802
117615682,58,123,2882.323983593378,2889.4235206316225
117615682,58,123,2889.634168779477,2896.0554535030387
117615682,58,124,2896.26610165136,2903.38415720826
117615682,58,124,2903.5948053565808,2910.048509061802
117619234,58,123,2882.323983593378,2889.4235206316225
117619234,58,123,2889.634168779477,2896.0554535030387
117619234,58,124,2896.26610165136,2903.38415720826
117619234,58,124,2903.5948053565808,2910.048509061802
117620446,58,123,2882.323983593378,2889.4235206316225
117620446,58,123,2889.634168779477,2896.0554535030387
117620446,58,124,2896.26610165136,2903.38415720826
117620446,58,124,2903.5948053565808,2910.048509061802
117621564,58,123,2882.323983593378,2889.4235206316225
117621564,58,123,2889.634168779477,2896.0554535030387
117621564,58,124,2896.26610165136,2903.38415720826
117621564,58,124,2903.5948053565808,2910.048509061802
117664380,58,123,2882.323983593378,2889.4235206316225
117664380,58,123,2889.634168779477,2896.0554535030387
117664380,58,124,2896.26610165136,2903.38415720826
117664380,58,124,2903.5948053565808,2910.048509061802
117751168,58,123,2882.323983593378,2889.4235206316225
117751168,58,123,2889.634168779477,2896.0554535030387
117751168,58,124,2896.26610165136,2903.38415720826
117751168,58,124,2903.5948053565808,2910.048509061802
117756340,18,43,1790.6670622974634,1791.1045622974634
117756340,18,43,1791.375395630952,1802.4378956332805
117756340,18,44,1803.4587289667688,1815.0212173955515
117802134,58,123,2882.323983593378,2889.4235206316225
117802134,58,123,2889.634168779477,2896.0554535030387
117802134,58,124,2896.26610165136,2903.38415720826
117802134,58,124,2903.5948053565808,2910.048509061802
117806121,58,123,2882.323983593378,2889.4235206316225
117806121,58,123,2889.634168779477,2896.0554535030387
117806121,58,124,2896.26610165136,2903.38415720826
117806121,58,124,2903.5948053565808,2910.048509061802
117808121,58,123,2882.323983593378,2889.4235206316225
117808121,58,123,2889.634168779477,2896.0554535030387
117808121,58,124,2896.26610165136,2903.38415720826
117808121,58,124,2903.5948053565808,2910.048509061802
117811471,58,123,2882.323983593378,2889.4235206316225
117811471,58,123,2889.634168779477,2896.0554535030387
117811471,58,124,2896.26610165136,2903.38415720826
117811471,58,124,2903.5948053565808,2910.048509061802
117868990,58,123,2882.323983593378,2889.4235206316225
117868990,58,123,2889.634168779477,2896.0554535030387
117868990,58,124,2896.26610165136,2903.38415720826
117868990,58,124,2903.5948053565808,2910.048509061802
118520413,43,93,2474.166761370376,2486.1250831289217
118520413,43,94,2487.180638684425,2498.888972017914
118520413,44,95,2500.1875831289217,2511.7223053518683
118520413,44,96,2513.2014604443684,2519.4167382232845
118520413,44,96,2519.4236826677807,2524.4375715572387
118521008,43,93,2474.166761370376,2486.1250831289217
118521008,43,94,2487.180638684425,2498.888972017914
118521008,44,95,2500.1875831289217,2511.7223053518683
118521008,44,96,2513.2014604443684,2519.4167382232845
118521008,44,96,2519.4236826677807,2524.4375715572387
118521012,43,93,2474.166761370376,2486.1250831289217
118521012,43,94,2487.180638684425,2498.888972017914
118521012,44,95,2500.1875831289217,2511.7223053518683
118521012,44,96,2513.2014604443684,2519.4167382232845
118521012,44,96,2519.4236826677807,2524.4375715572387
118679163,43,93,2474.166761370376,2486.1250831289217
118679163,43,94,2487.180638684425,2498.888972017914
118679322,44,95,2500.1875831289217,2511.7223053518683
118679322,44,96,2513.2014604443684,2519.4167382232845
118679322,44,96,2519.4236826677807,2524.4375715572387
118679348,43,93,2474.166761370376,2486.1250831289217
118679348,43,94,2487.180638684425,2498.888972017914
118679348,44,95,2500.1875831289217,2511.7223053518683
118679348,44,96,2513.2014604443684,2519.4167382232845
118679348,44,96,2519.4236826677807,2524.4375715572387
118679380,43,93,2474.166761370376,2486.1250831289217
118679380,43,94,2487.180638684425,2498.888972017914
118679380,44,95,2500.1875831289217,2511.7223053518683
118679380,44,96,2513.2014604443684,2519.4167382232845
118679380,44,96,2519.4236826677807,2524.4375715572387
119289797,6,19,1468.2713678642176,1477.0213678670116
119289797,6,20,1478.1047012005,1490.0421896306798
119289797,7,21,1491.625522964634,1503.0213563013822
119289797,7,22,1504.7088563023135,1516.0838447315618
119289797,33,73,2201.729388698004,2213.86132157268
119289797,33,74,2215.430766017642,2227.5696549103595
119289797,34,75,2228.750210466329,2240.902976674028
119289797,34,76,2241.9863100075163,2254.062698900234
119523711,61,129,2962.7938563008797,2969.3332081544213
119523711,61,129,2969.543856302742,2975.1966225081123
119523711,61,130,2975.407270656433,2982.1896780659445
119523711,61,130,2982.400326214265,2988.2244002898224
121007796,4,15,1410.917224333156,1413.2505576666445
121007796,4,15,1413.2713909996671,1418.4797243336216
121007796,4,15,1421.2297243340872,1423.5005576675758
121007796,4,16,1424.5630576680414,1436.833879429381
121007796,31,69,2144.514134055469,2157.451622482855
121007796,31,70,2158.861344705336,2169.944678040687
121049033,4,15,1410.917224333156,1413.2505576666445
121049033,4,15,1413.2713909996671,1418.4797243336216
121049033,4,15,1421.2297243340872,1423.5005576675758
121049033,4,16,1424.5630576680414,1436.833879429381
121049033,31,69,2144.514134055469,2157.451622482855
121049033,31,70,2158.861344705336,2169.944678040687
121102484,11,29,1596.7713100183755,1609.6879766830243
121102484,11,30,1610.7921433495358,1623.875465106219
121196226,11,29,1596.7713100183755,1609.6879766830243
121196226,11,30,1610.7921433495358,1623.875465106219
121196226,65,137,3068.7336248317733,3075.9674095525406
121196226,65,137,3076.178057700861,3083.47435399564
121196226,65,138,3083.685002143495,3087.4674095502123
121196226,65,138,3087.4697243650444,3090.252131771762
121196226,65,138,3090.462779919617,3096.58777991822
121407551,11,29,1596.7713100183755,1609.6879766830243
121407551,11,30,1610.7921433495358,1623.875465106219
121407551,65,137,3068.7336248317733,3075.9674095525406
121407551,65,137,3076.178057700861,3083.47435399564
121407551,65,138,3083.685002143495,3087.4674095502123
121407551,65,138,3087.4697243650444,3090.252131771762
121407551,65,138,3090.462779919617,3096.58777991822
121634766,5,17,1437.97971276287,1450.1880460991524
121634766,5,18,1451.563046099618,1464.2713678628206
121634766,32,71,2174.222455819603,2185.9377220263705
121634766,32,72,2186.9446664713323,2200.2293886975385
121637793,5,17,1437.97971276287,1450.1880460991524
121637793,5,18,1451.563046099618,1464.2713678628206
121637793,32,71,2174.222455819603,2185.9377220263705
121637793,32,72,2186.9446664713323,2200.2293886975385
121672600,11,29,1596.7713100183755,1609.6879766830243
121672600,11,30,1610.7921433495358,1623.875465106219
121711329,32,71,2174.222455819603,2185.9377220263705
121711329,32,72,2186.9446664713323,2200.2293886975385
121779961,11,29,1596.7713100183755,1609.6879766830243
121779961,11,30,1610.7921433495358,1623.875465106219
121779961,65,137,3068.7336248317733,3075.9674095525406
121779961,65,137,3076.178057700861,3083.47435399564
121779961,65,138,3083.685002143495,3087.4674095502123
121779961,65,138,3087.4697243650444,3090.252131771762
121779961,65,138,3090.462779919617,3096.58777991822
122083452,11,29,1596.7713100183755,1609.6879766830243
122083452,11,30,1610.7921433495358,1623.875465106219
122083452,65,137,3068.7336248317733,3075.9674095525406
122083452,65,137,3076.178057700861,3083.47435399564
122083452,65,138,3083.685002143495,3087.4674095502123
122083452,65,138,3087.4697243650444,3090.252131771762
122083452,65,138,3090.462779919617,3096.58777991822
122189102,8,23,1517.354678065516,1529.0630114017986
122189102,8,24,1530.2713447352871,1531.7296780692411
122189102,8,24,1535.0005114031956,1542.0004998305812
122189102,10,27,1569.4379882598296,1581.771321593318
122189102,10,28,1582.771321593318,1595.667143351864
122189102,62,131,2988.435048438143,2994.881807698868
122189102,62,131,2995.092455847189,3000.9234627927653
122189102,62,132,3001.134110941086,3007.53457390517
122189102,62,132,3007.7452220534906,3014.152629461605
122189102,63,133,3014.3632776099257,3021.187351684552
122189102,63,133,3021.3979998328723,3027.3910438148305
122189102,63,134,3027.601691963151,3034.0901178894565
122189102,63,134,3034.300766037777,3040.8979882597923
122250596,11,29,1596.7713100183755,1609.6879766830243
122250596,11,30,1610.7921433495358,1623.875465106219
122250596,65,137,3068.7336248317733,3075.9674095525406
122250596,65,137,3076.178057700861,3083.47435399564
122250596,65,138,3083.685002143495,3087.4674095502123
122250596,65,138,3087.4697243650444,3090.252131771762
122250596,65,138,3090.462779919617,3096.58777991822
122288890,38,83,2333.854319276754,2346.3334859414026
122288890,38,84,2347.2987637189217,2360.5487521416508
122288890,65,137,3068.7336248317733,3075.9674095525406
122288890,65,137,3076.178057700861,3083.47435399564
122288890,65,138,3083.685002143495,3087.4674095502123
122288890,65,138,3087.4697243650444,3090.252131771762
122288890,65,138,3090.462779919617,3096.58777991822
122397232,11,29,1596.7713100183755,1609.6879766830243
122397232,11,30,1610.7921433495358,1623.875465106219
122397232,65,137,3068.7336248317733,3075.9674095525406
122397232,65,137,3076.178057700861,3083.47435399564
122397232,65,138,3083.685002143495,3087.4674095502123
122397232,65,138,3087.4697243650444,3090.252131771762
122397232,65,138,3090.462779919617,3096.58777991822
122495856,35,77,2254.9863100117072,2266.1043539959937
122495856,35,77,2266.3751873290166,2267.146020662505
122495856,35,78,2268.583520662971,2279.979353998322
122495856,36,79,2280.902965109796,2292.8543424261734
122495856,36,80,2293.7918424261734,2305.9862868711352
122495856,37,81,2307.2362868711352,2319.0279419636354
122495856,37,82,2320.222386407666,2332.576553073246
123212059,34,75,2228.750210466329,2240.902976674028
123212059,34,76,2241.9863100075163,2254.062698900234
123212059,35,77,2254.9863100117072,2266.1043539959937
123212059,35,77,2266.3751873290166,2267.146020662505
123212059,35,78,2268.583520662971,2279.979353998322
123642034,7,21,1491.625522964634,1503.0213563013822
123642034,7,22,1504.7088563023135,1516.0838447315618
123642034,35,77,2254.9863100117072,2266.1043539959937
123642034,35,77,2266.3751873290166,2267.146020662505
123642034,35,78,2268.583520662971,2279.979353998322
123642034,61,129,2962.7938563008797,2969.3332081544213
123642034,61,129,2969.543856302742,2975.1966225081123
123642034,61,130,2975.407270656433,2982.1896780659445
123642034,61,130,2982.400326214265,2988.2244002898224
123642034,62,131,2988.435048438143,2994.881807698868
123642034,62,131,2995.092455847189,3000.9234627927653
123642034,62,132,3001.134110941086,3007.53457390517
123642034,62,132,3007.7452220534906,3014.152629461605
125735913,42,91,2447.687606282532,2460.3056502612308
125735913,42,92,2461.2362058167346,2473.159816926345
125735913,43,93,2474.166761370376,2486.1250831289217
125735913,43,94,2487.180638684425,2498.888972017914
125736254,42,91,2447.687606282532,2460.3056502612308
125736254,42,92,2461.2362058167346,2473.159816926345
125736254,44,95,2500.1875831289217,2511.7223053518683
125736254,44,96,2513.2014604443684,2519.4167382232845
125736254,44,96,2519.4236826677807,2524.4375715572387
125736380,43,93,2474.166761370376,2486.1250831289217
125736380,43,94,2487.180638684425,2498.888972017914
125736426,42,91,2447.687606282532,2460.3056502612308
125736426,42,92,2461.2362058167346,2473.159816926345
125736623,42,91,2447.687606282532,2460.3056502612308
125736623,42,92,2461.2362058167346,2473.159816926345
125736701,43,93,2474.166761370376,2486.1250831289217
125736701,43,94,2487.180638684425,2498.888972017914
125736701,44,95,2500.1875831289217,2511.7223053518683
125736701,44,96,2513.2014604443684,2519.4167382232845
125736701,44,96,2519.4236826677807,2524.4375715572387
125736833,42,91,2447.687606282532,2460.3056502612308
125736833,42,92,2461.2362058167346,2473.159816926345
125736848,42,91,2447.687606282532,2460.3056502612308
125736848,42,92,2461.2362058167346,2473.159816926345
125736848,43,93,2474.166761370376,2486.1250831289217
125736848,43,94,2487.180638684425,2498.888972017914
125736848,44,95,2500.1875831289217,2511.7223053518683
125736848,44,96,2513.2014604443684,2519.4167382232845
125736848,44,96,2519.4236826677807,2524.4375715572387
125736974,43,93,2474.166761370376,2486.1250831289217
125736974,43,94,2487.180638684425,2498.888972017914
125736974,44,95,2500.1875831289217,2511.7223053518683
125736974,44,96,2513.2014604443684,2519.4167382232845
125736974,44,96,2519.4236826677807,2524.4375715572387
125736987,42,91,2447.687606282532,2460.3056502612308
125736987,42,92,2461.2362058167346,2473.159816926345
125736987,43,93,2474.166761370376,2486.1250831289217
125736987,43,94,2487.180638684425,2498.888972017914
125736987,44,95,2500.1875831289217,2511.7223053518683
125736987,44,96,2513.2014604443684,2519.4167382232845
125736987,44,96,2519.4236826677807,2524.4375715572387
125737018,43,93,2474.166761370376,2486.1250831289217
125737018,43,94,2487.180638684425,2498.888972017914
125737018,44,95,2500.1875831289217,2511.7223053518683
125737018,44,96,2513.2014604443684,2519.4167382232845
125737018,44,96,2519.4236826677807,2524.4375715572387
125737030,44,95,2500.1875831289217,2511.7223053518683
125737030,44,96,2513.2014604443684,2519.4167382232845
125737030,44,96,2519.4236826677807,2524.4375715572387
125737046,44,95,2500.1875831289217,2511.7223053518683
125737046,44,96,2513.2014604443684,2519.4167382232845
125737046,44,96,2519.4236826677807,2524.4375715572387
125738769,42,91,2447.687606282532,2460.3056502612308
125738769,42,92,2461.2362058167346,2473.159816926345
125738769,43,93,2474.166761370376,2486.1250831289217
125738769,43,94,2487.180638684425,2498.888972017914
125738769,44,95,2500.1875831289217,2511.7223053518683
125738769,44,96,2513.2014604443684,2519.4167382232845
125738769,44,96,2519.4236826677807,2524.4375715572387
125738848,42,91,2447.687606282532,2460.3056502612308
125738848,42,92,2461.2362058167346,2473.159816926345
125738848,44,95,2500.1875831289217,2511.7223053518683
125738848,44,96,2513.2014604443684,2519.4167382232845
125738848,44,96,2519.4236826677807,2524.4375715572387
125738887,42,91,2447.687606282532,2460.3056502612308
125738887,42,92,2461.2362058167346,2473.159816926345
125738887,43,93,2474.166761370376,2486.1250831289217
125738887,43,94,2487.180638684425,2498.888972017914
125739049,42,91,2447.687606282532,2460.3056502612308
125739049,42,92,2461.2362058167346,2473.159816926345
125739049,43,93,2474.166761370376,2486.1250831289217
125739049,43,94,2487.180638684425,2498.888972017914
125739049,44,95,2500.1875831289217,2511.7223053518683
125739049,44,96,2513.2014604443684,2519.4167382232845
125739049,44,96,2519.4236826677807,2524.4375715572387
125754284,42,91,2447.687606282532,2460.3056502612308
125754284,42,92,2461.2362058167346,2473.159816926345
125754284,43,93,2474.166761370376,2486.1250831289217
125754284,43,94,2487.180638684425,2498.888972017914
125754284,44,95,2500.1875831289217,2511.7223053518683
125754284,44,96,2513.2014604443684,2519.4167382232845
125754284,44,96,2519.4236826677807,2524.4375715572387
125754322,43,93,2474.166761370376,2486.1250831289217
125754322,43,94,2487.180638684425,2498.888972017914
125754322,44,95,2500.1875831289217,2511.7223053518683
125754322,44,96,2513.2014604443684,2519.4167382232845
125754322,44,96,2519.4236826677807,2524.4375715572387
125754428,43,93,2474.166761370376,2486.1250831289217
125754428,43,94,2487.180638684425,2498.888972017914
125754428,44,95,2500.1875831289217,2511.7223053518683
125754428,44,96,2513.2014604443684,2519.4167382232845
125754428,44,96,2519.4236826677807,2524.4375715572387
125754485,43,93,2474.166761370376,2486.1250831289217
125754485,43,94,2487.180638684425,2498.888972017914
125754525,42,91,2447.687606282532,2460.3056502612308
125754525,42,92,2461.2362058167346,2473.159816926345
125754525,43,93,2474.166761370376,2486.1250831289217
125754525,43,94,2487.180638684425,2498.888972017914
125754563,42,91,2447.687606282532,2460.3056502612308
125754563,42,92,2461.2362058167346,2473.159816926345
125754563,43,93,2474.166761370376,2486.1250831289217
125754563,43,94,2487.180638684425,2498.888972017914
125754671,42,91,2447.687606282532,2460.3056502612308
125754671,42,92,2461.2362058167346,2473.159816926345
125754671,43,93,2474.166761370376,2486.1250831289217
125754671,43,94,2487.180638684425,2498.888972017914
125754671,44,95,2500.1875831289217,2511.7223053518683
125754671,44,96,2513.2014604443684,2519.4167382232845
125754671,44,96,2519.4236826677807,2524.4375715572387
125754683,44,95,2500.1875831289217,2511.7223053518683
125754683,44,96,2513.2014604443684,2519.4167382232845
125754683,44,96,2519.4236826677807,2524.4375715572387
125754697,42,91,2447.687606282532,2460.3056502612308
125754697,42,92,2461.2362058167346,2473.159816926345
125754697,43,93,2474.166761370376,2486.1250831289217
125754697,43,94,2487.180638684425,2498.888972017914
125754697,44,95,2500.1875831289217,2511.7223053518683
125754697,44,96,2513.2014604443684,2519.4167382232845
125754697,44,96,2519.4236826677807,2524.4375715572387
125754781,42,91,2447.687606282532,2460.3056502612308
125754781,42,92,2461.2362058167346,2473.159816926345
125754781,43,93,2474.166761370376,2486.1250831289217
125754781,43,94,2487.180638684425,2498.888972017914
125754781,44,95,2500.1875831289217,2511.7223053518683
125754781,44,96,2513.2014604443684,2519.4167382232845
125754781,44,96,2519.4236826677807,2524.4375715572387
125754869,42,91,2447.687606282532,2460.3056502612308
125754869,42,92,2461.2362058167346,2473.159816926345
125754869,43,93,2474.166761370376,2486.1250831289217
125754869,43,94,2487.180638684425,2498.888972017914
125754869,44,95,2500.1875831289217,2511.7223053518683
125754869,44,96,2513.2014604443684,2519.4167382232845
125754869,44,96,2519.4236826677807,2524.4375715572387
125754895,43,93,2474.166761370376,2486.1250831289217
125754895,43,94,2487.180638684425,2498.888972017914
125754921,44,95,2500.1875831289217,2511.7223053518683
125754921,44,96,2513.2014604443684,2519.4167382232845
125754921,44,96,2519.4236826677807,2524.4375715572387
125754923,43,93,2474.166761370376,2486.1250831289217
125754923,43,94,2487.180638684425,2498.888972017914
125754942,42,91,2447.687606282532,2460.3056502612308
125754942,42,92,2461.2362058167346,2473.159816926345
125754942,44,95,2500.1875831289217,2511.7223053518683
125754942,44,96,2513.2014604443684,2519.4167382232845
125754942,44,96,2519.4236826677807,2524.4375715572387
125754985,42,91,2447.687606282532,2460.3056502612308
125754985,42,92,2461.2362058167346,2473.159816926345
125755046,42,91,2447.687606282532,2460.3056502612308
125755046,42,92,2461.2362058167346,2473.159816926345
125755093,42,91,2447.687606282532,2460.3056502612308
125755093,42,92,2461.2362058167346,2473.159816926345
125755093,43,93,2474.166761370376,2486.1250831289217
125755093,43,94,2487.180638684425,2498.888972017914
125755093,44,95,2500.1875831289217,2511.7223053518683
125755093,44,96,2513.2014604443684,2519.4167382232845
125755093,44,96,2519.4236826677807,2524.4375715572387
125755094,43,93,2474.166761370376,2486.1250831289217
125755094,43,94,2487.180638684425,2498.888972017914
125755094,44,95,2500.1875831289217,2511.7223053518683
125755094,44,96,2513.2014604443684,2519.4167382232845
125755094,44,96,2519.4236826677807,2524.4375715572387
125755099,42,91,2447.687606282532,2460.3056502612308
125755099,42,92,2461.2362058167346,2473.159816926345
125783029,43,93,2474.166761370376,2486.1250831289217
125783029,43,94,2487.180638684425,2498.888972017914
125843782,44,95,2500.1875831289217,2511.7223053518683
125843782,44,96,2513.2014604443684,2519.4167382232845
125843782,44,96,2519.4236826677807,2524.4375715572387
125881335,44,95,2500.1875831289217,2511.7223053518683
125881335,44,96,2513.2014604443684,2519.4167382232845
125881335,44,96,2519.4236826677807,2524.4375715572387
125914458,43,93,2474.166761370376,2486.1250831289217
125914458,43,94,2487.180638684425,2498.888972017914
125977598,43,93,2474.166761370376,2486.1250831289217
125977598,43,94,2487.180638684425,2498.888972017914
125977598,44,95,2500.1875831289217,2511.7223053518683
125977598,44,96,2513.2014604443684,2519.4167382232845
125977598,44,96,2519.4236826677807,2524.4375715572387
126026661,58,123,2882.323983593378,2889.4235206316225
126026661,58,123,2889.634168779477,2896.0554535030387
126026661,58,124,2896.26610165136,2903.38415720826
126026661,58,124,2903.5948053565808,2910.048509061802
126027667,58,123,2882.323983593378,2889.4235206316225
126027667,58,123,2889.634168779477,2896.0554535030387
126027667,58,124,2896.26610165136,2903.38415720826
126027667,58,124,2903.5948053565808,2910.048509061802
127089264,11,29,1596.7713100183755,1609.6879766830243
127089264,11,30,1610.7921433495358,1623.875465106219
127089264,38,83,2333.854319276754,2346.3334859414026
127089264,38,84,2347.2987637189217,2360.5487521416508
127089264,65,137,3068.7336248317733,3075.9674095525406
127089264,65,137,3076.178057700861,3083.47435399564
127089264,65,138,3083.685002143495,3087.4674095502123
127089264,65,138,3087.4697243650444,3090.252131771762
127089264,65,138,3090.462779919617,3096.58777991822
127249954,11,29,1596.7713100183755,1609.6879766830243
127249954,11,30,1610.7921433495358,1623.875465106219
127249954,38,83,2333.854319276754,2346.3334859414026
127249954,38,84,2347.2987637189217,2360.5487521416508
127249954,65,137,3068.7336248317733,3075.9674095525406
127249954,65,137,3076.178057700861,3083.47435399564
127249954,65,138,3083.685002143495,3087.4674095502123
127249954,65,138,3087.4697243650444,3090.252131771762
127249954,65,138,3090.462779919617,3096.58777991822
127311608,11,29,1596.7713100183755,1609.6879766830243
127311608,11,30,1610.7921433495358,1623.875465106219
127311608,38,83,2333.854319276754,2346.3334859414026
127311608,38,84,2347.2987637189217,2360.5487521416508
127311608,65,137,3068.7336248317733,3075.9674095525406
127311608,65,137,3076.178057700861,3083.47435399564
127311608,65,138,3083.685002143495,3087.4674095502123
127311608,65,138,3087.4697243650444,3090.252131771762
127311608,65,138,3090.462779919617,3096.58777991822
129116176,11,29,1596.7713100183755,1609.6879766830243
129116176,11,30,1610.7921433495358,1623.875465106219
129116176,38,83,2333.854319276754,2346.3334859414026
129116176,38,84,2347.2987637189217,2360.5487521416508
129116176,65,137,3068.7336248317733,3075.9674095525406
129116176,65,137,3076.178057700861,3083.47435399564
129116176,65,138,3083.685002143495,3087.4674095502123
129116176,65,138,3087.4697243650444,3090.252131771762
129116176,65,138,3090.462779919617,3096.58777991822
129419398,65,137,3068.7336248317733,3075.9674095525406
129419398,65,137,3076.178057700861,3083.47435399564
129419398,65,138,3083.685002143495,3087.4674095502123
129419398,65,138,3087.4697243650444,3090.252131771762
129419398,65,138,3090.462779919617,3096.58777991822
130292176,61,129,2962.7938563008797,2969.3332081544213
130292176,61,129,2969.543856302742,2975.1966225081123
130292176,61,130,2975.407270656433,2982.1896780659445
130292176,61,130,2982.400326214265,2988.2244002898224
130293719,61,129,2962.7938563008797,2969.3332081544213
130293719,61,129,2969.543856302742,2975.1966225081123
130293719,61,130,2975.407270656433,2982.1896780659445
130293719,61,130,2982.400326214265,2988.2244002898224
130297425,6,19,1468.2713678642176,1477.0213678670116
130297425,6,20,1478.1047012005,1490.0421896306798
130297425,7,21,1491.625522964634,1503.0213563013822
130297425,7,22,1504.7088563023135,1516.0838447315618
130297425,8,23,1517.354678065516,1529.0630114017986
130297425,8,24,1530.2713447352871,1531.7296780692411
130297425,8,24,1535.0005114031956,1542.0004998305812
130297425,33,73,2201.729388698004,2213.86132157268
130297425,33,74,2215.430766017642,2227.5696549103595
130297425,34,75,2228.750210466329,2240.902976674028
130297425,34,76,2241.9863100075163,2254.062698900234
130297425,61,129,2962.7938563008797,2969.3332081544213
130297425,61,129,2969.543856302742,2975.1966225081123
130297425,61,130,2975.407270656433,2982.1896780659445
130297425,61,130,2982.400326214265,2988.2244002898224
130332778,61,129,2962.7938563008797,2969.3332081544213
130332778,61,129,2969.543856302742,2975.1966225081123
130332778,61,130,2975.407270656433,2982.1896780659445
130332778,61,130,2982.400326214265,2988.2244002898224
130513139,6,19,1468.2713678642176,1477.0213678670116
130513139,6,20,1478.1047012005,1490.0421896306798
130513139,7,21,1491.625522964634,1503.0213563013822
130513139,7,22,1504.7088563023135,1516.0838447315618
130513139,33,73,2201.729388698004,2213.86132157268
130513139,33,74,2215.430766017642,2227.5696549103595
130513139,34,75,2228.750210466329,2240.902976674028
130513139,34,76,2241.9863100075163,2254.062698900234
130515595,61,129,2962.7938563008797,2969.3332081544213
130515595,61,129,2969.543856302742,2975.1966225081123
130515595,61,130,2975.407270656433,2982.1896780659445
130515595,61,130,2982.400326214265,2988.2244002898224
130575241,61,129,2962.7938563008797,2969.3332081544213
130575241,61,129,2969.543856302742,2975.1966225081123
130575241,61,130,2975.407270656433,2982.1896780659445
130575241,61,130,2982.400326214265,2988.2244002898224
130579414,61,129,2962.7938563008797,2969.3332081544213
130579414,61,129,2969.543856302742,2975.1966225081123
130579414,61,130,2975.407270656433,2982.1896780659445
130579414,61,130,2982.400326214265,2988.2244002898224
130648886,61,129,2962.7938563008797,2969.3332081544213
130648886,61,129,2969.543856302742,2975.1966225081123
130648886,61,130,2975.407270656433,2982.1896780659445
130648886,61,130,2982.400326214265,2988.2244002898224
130797034,34,75,2228.750210466329,2240.902976674028
130797034,34,76,2241.9863100075163,2254.062698900234
130797034,35,77,2254.9863100117072,2266.1043539959937
130797034,35,77,2266.3751873290166,2267.146020662505
130797034,35,78,2268.583520662971,2279.979353998322
130797038,34,75,2228.750210466329,2240.902976674028
130797038,34,76,2241.9863100075163,2254.062698900234
130797038,35,77,2254.9863100117072,2266.1043539959937
130797038,35,77,2266.3751873290166,2267.146020662505
130797038,35,78,2268.583520662971,2279.979353998322
133010063,12,31,1624.958798439242,1638.9796317690052
133010063,12,32,1640.0421317685395,1652.875453523826
134316394,61,129,2962.7938563008797,2969.3332081544213
134316394,61,129,2969.543856302742,2975.1966225081123
134316394,61,130,2975.407270656433,2982.1896780659445
134316394,61,130,2982.400326214265,2988.2244002898224
134361283,61,129,2962.7938563008797,2969.3332081544213
134361283,61,129,2969.543856302742,2975.1966225081123
134361283,61,130,2975.407270656433,2982.1896780659445
134361283,61,130,2982.400326214265,2988.2244002898224
134468359,61,129,2962.7938563008797,2969.3332081544213
134468359,61,129,2969.543856302742,2975.1966225081123
134468359,61,130,2975.407270656433,2982.1896780659445
134468359,61,130,2982.400326214265,2988.2244002898224
134540869,61,129,2962.7938563008797,2969.3332081544213
134540869,61,129,2969.543856302742,2975.1966225081123
134540869,61,130,2975.407270656433,2982.1896780659445
134540869,61,130,2982.400326214265,2988.2244002898224
134628183,61,129,2962.7938563008797,2969.3332081544213
134628183,61,129,2969.543856302742,2975.1966225081123
134628183,61,130,2975.407270656433,2982.1896780659445
134628183,61,130,2982.400326214265,2988.2244002898224
137759349,40,87,2390.652907225769,2404.395962776616
137759349,40,88,2405.3265183316544,2418.854284531437
137759349,54,115,2769.8957891655155,2782.33328916179
137759349,54,116,2783.5277336058207,2796.1249442501
137886595,58,123,2882.323983593378,2889.4235206316225
137886595,58,123,2889.634168779477,2896.0554535030387
137886595,58,124,2896.26610165136,2903.38415720826
137886595,58,124,2903.5948053565808,2910.048509061802
138799692,5,17,1437.97971276287,1450.1880460991524
138799692,5,18,1451.563046099618,1464.2713678628206
138799692,32,71,2174.222455819603,2185.9377220263705
138799692,32,72,2186.9446664713323,2200.2293886975385
140209922,5,17,1437.97971276287,1450.1880460991524
140209922,5,18,1451.563046099618,1464.2713678628206
140209922,6,19,1468.2713678642176,1477.0213678670116
140209922,6,20,1478.1047012005,1490.0421896306798
140209922,32,71,2174.222455819603,2185.9377220263705
140209922,32,72,2186.9446664713323,2200.2293886975385
140209922,33,73,2201.729388698004,2213.86132157268
140209922,33,74,2215.430766017642,2227.5696549103595
140891597,7,21,1491.625522964634,1503.0213563013822
140891597,7,22,1504.7088563023135,1516.0838447315618
140891597,32,71,2174.222455819603,2185.9377220263705
140891597,32,72,2186.9446664713323,2200.2293886975385
141287580,31,69,2144.514134055469,2157.451622482855
141287580,31,70,2158.861344705336,2169.944678040687
141423634,1,9,1325.3130924007855,1338.5214257300831
141423634,1,10,1339.6672474890947,1353.167247485835
141423634,2,11,1354.1047474853694,1367.1464141495526
141423634,2,12,1368.6047359085642,1381.5005692406558
141423634,4,15,1410.917224333156,1413.2505576666445
141423634,4,15,1413.2713909996671,1418.4797243336216
141423634,4,15,1421.2297243340872,1423.5005576675758
141423634,4,16,1424.5630576680414,1436.833879429381
141423634,7,21,1491.625522964634,1503.0213563013822
141423634,7,22,1504.7088563023135,1516.0838447315618
141423634,11,29,1596.7713100183755,1609.6879766830243
141423634,11,30,1610.7921433495358,1623.875465106219
141423634,27,61,2036.2780692591327,2048.125279903412
141423634,27,62,2049.1530576804653,2060.6391687882133
141423634,32,71,2174.222455819603,2185.9377220263705
141423634,32,72,2186.9446664713323,2200.2293886975385
141423634,34,75,2228.750210466329,2240.902976674028
141423634,34,76,2241.9863100075163,2254.062698900234
141423634,36,79,2280.902965109796,2292.8543424261734
141423634,36,80,2293.7918424261734,2305.9862868711352
141423634,62,131,2988.435048438143,2994.881807698868
141423634,62,131,2995.092455847189,3000.9234627927653
141423634,62,132,3001.134110941086,3007.53457390517
141423634,62,132,3007.7452220534906,3014.152629461605
141423634,63,133,3014.3632776099257,3021.187351684552
141423634,63,133,3021.3979998328723,3027.3910438148305
141423634,63,134,3027.601691963151,3034.0901178894565
141423634,63,134,3034.300766037777,3040.8979882597923
141423634,64,135,3041.108636408113,3048.1132544633
141423634,64,135,3048.3239026116207,3054.752143351827
141423634,64,135,3054.754458166659,3055.078532240819
141423634,64,136,3055.289180388674,3062.21742112888
141423634,64,136,3062.428069277201,3068.029921127949
141423634,66,139,3097.6687868623994,3104.88869426772
141423634,66,139,3105.0993424160406,3111.9743424137123
141423634,66,140,3112.184990562033,3119.076194263529
141423634,66,140,3119.2451757448725,3124.2405345398
141423634,66,140,3124.272941946984,3126.4257197240368
141423634,67,141,3126.6363678723574,3133.1132197217084
141423634,67,141,3133.323867870029,3140.2497937935404
141423634,67,142,3140.460441941861,3147.703497495037
141423634,67,142,3147.91413406888,3154.395615548361
141961374,11,29,1596.7713100183755,1609.6879766830243
141961374,11,30,1610.7921433495358,1623.875465106219
141961374,38,83,2333.854319276754,2346.3334859414026
141961374,38,84,2347.2987637189217,2360.5487521416508
142015852,4,15,1410.917224333156,1413.2505576666445
142015852,4,15,1413.2713909996671,1418.4797243336216
142015852,4,15,1421.2297243340872,1423.5005576675758
142015852,4,16,1424.5630576680414,1436.833879429381
142015852,5,17,1437.97971276287,1450.1880460991524
142015852,5,18,1451.563046099618,1464.2713678628206
142015852,6,19,1468.2713678642176,1477.0213678670116
142015852,6,20,1478.1047012005,1490.0421896306798
142015852,7,21,1491.625522964634,1503.0213563013822
142015852,7,22,1504.7088563023135,1516.0838447315618
142015852,9,25,1543.2296664975584,1555.542166499421
142015852,9,26,1556.729666499421,1568.458821593318
142015852,10,27,1569.4379882598296,1581.771321593318
142015852,10,28,1582.771321593318,1595.667143351864
142015852,11,29,1596.7713100183755,1609.6879766830243
142015852,11,30,1610.7921433495358,1623.875465106219
142015852,27,61,2036.2780692591327,2048.125279903412
142015852,27,62,2049.1530576804653,2060.6391687882133
142015852,28,63,2061.847502121236,2073.958601654973
142015852,28,64,2075.1530460990034,2087.0974905407056
142015852,29,65,2088.2363794292323,2101.375256741885
142015852,29,66,2102.326645630412,2114.430812295992
142015852,30,67,2115.882201184518,2129.139134054538
142015852,30,68,2130.208578499034,2143.222467388492
142015852,31,69,2144.514134055469,2157.451622482855
142015852,31,70,2158.861344705336,2169.944678040687
142015852,32,71,2174.222455819603,2185.9377220263705
142015852,32,72,2186.9446664713323,2200.2293886975385
142015852,33,73,2201.729388698004,2213.86132157268
142015852,33,74,2215.430766017642,2227.5696549103595
142015852,34,75,2228.750210466329,2240.902976674028
142015852,34,76,2241.9863100075163,2254.062698900234
142015852,35,77,2254.9863100117072,2266.1043539959937
142015852,35,77,2266.3751873290166,2267.146020662505
142015852,35,78,2268.583520662971,2279.979353998322
142015852,36,79,2280.902965109796,2292.8543424261734
142015852,36,80,2293.7918424261734,2305.9862868711352
142015852,37,81,2307.2362868711352,2319.0279419636354
142015852,37,82,2320.222386407666,2332.576553073246
142015852,38,83,2333.854319276754,2346.3334859414026
142015852,38,84,2347.2987637189217,2360.5487521416508
142015852,61,129,2962.7938563008797,2969.3332081544213
142015852,61,129,2969.543856302742,2975.1966225081123
142015852,61,130,2975.407270656433,2982.1896780659445
142015852,61,130,2982.400326214265,2988.2244002898224
142015852,62,131,2988.435048438143,2994.881807698868
142015852,62,131,2995.092455847189,3000.9234627927653
142015852,62,132,3001.134110941086,3007.53457390517
142015852,62,132,3007.7452220534906,3014.152629461605
142015852,63,133,3014.3632776099257,3021.187351684552
142015852,63,133,3021.3979998328723,3027.3910438148305
142015852,63,134,3027.601691963151,3034.0901178894565
142015852,63,134,3034.300766037777,3040.8979882597923
142015852,64,135,3041.108636408113,3048.1132544633
142015852,64,135,3048.3239026116207,3054.752143351827
142015852,64,135,3054.754458166659,3055.078532240819
142015852,64,136,3055.289180388674,3062.21742112888
142015852,64,136,3062.428069277201,3068.029921127949
142015852,65,137,3068.7336248317733,3075.9674095525406
142015852,65,137,3076.178057700861,3083.47435399564
142015852,65,138,3083.685002143495,3087.4674095502123
142015852,65,138,3087.4697243650444,3090.252131771762
142015852,65,138,3090.462779919617,3096.58777991822
142015852,66,139,3097.6687868623994,3104.88869426772
142015852,66,139,3105.0993424160406,3111.9743424137123
142015852,66,140,3112.184990562033,3119.076194263529
142015852,66,140,3119.2451757448725,3124.2405345398
142015852,66,140,3124.272941946984,3126.4257197240368
142015852,67,141,3126.6363678723574,3133.1132197217084
142015852,67,141,3133.323867870029,3140.2497937935404
142015852,67,142,3140.460441941861,3147.703497495037
142015852,67,142,3147.91413406888,3154.395615548361
142387735,10,27,1569.4379882598296,1581.771321593318
142387735,10,28,1582.771321593318,1595.667143351864
142387735,37,81,2307.2362868711352,2319.0279419636354
142387735,37,82,2320.222386407666,2332.576553073246
142513032,11,29,1596.7713100183755,1609.6879766830243
142513032,11,30,1610.7921433495358,1623.875465106219
142513032,65,137,3068.7336248317733,3075.9674095525406
142513032,65,137,3076.178057700861,3083.47435399564
142513032,65,138,3083.685002143495,3087.4674095502123
142513032,65,138,3087.4697243650444,3090.252131771762
142513032,65,138,3090.462779919617,3096.58777991822
143141922,6,19,1468.2713678642176,1477.0213678670116
143141922,6,20,1478.1047012005,1490.0421896306798
143141922,32,71,2174.222455819603,2185.9377220263705
143141922,32,72,2186.9446664713323,2200.2293886975385
143141922,33,73,2201.729388698004,2213.86132157268
143141922,33,74,2215.430766017642,2227.5696549103595
144071902,35,77,2254.9863100117072,2266.1043539959937
144071902,35,77,2266.3751873290166,2267.146020662505
144071902,35,78,2268.583520662971,2279.979353998322
144126052,5,17,1437.97971276287,1450.1880460991524
144126052,5,18,1451.563046099618,1464.2713678628206
144126052,31,69,2144.514134055469,2157.451622482855
144126052,31,70,2158.861344705336,2169.944678040687
144126053,4,15,1410.917224333156,1413.2505576666445
144126053,4,15,1413.2713909996671,1418.4797243336216
144126053,4,15,1421.2297243340872,1423.5005576675758
144126053,4,16,1424.5630576680414,1436.833879429381
144126053,5,17,1437.97971276287,1450.1880460991524
144126053,5,18,1451.563046099618,1464.2713678628206
144126053,31,69,2144.514134055469,2157.451622482855
144126053,31,70,2158.861344705336,2169.944678040687
144162567,4,15,1410.917224333156,1413.2505576666445
144162567,4,15,1413.2713909996671,1418.4797243336216
144162567,4,15,1421.2297243340872,1423.5005576675758
144162567,4,16,1424.5630576680414,1436.833879429381
144162567,5,17,1437.97971276287,1450.1880460991524
144162567,5,18,1451.563046099618,1464.2713678628206
144486791,33,73,2201.729388698004,2213.86132157268
144486791,33,74,2215.430766017642,2227.5696549103595
145092212,10,27,1569.4379882598296,1581.771321593318
145092212,10,28,1582.771321593318,1595.667143351864
146307240,5,17,1437.97971276287,1450.1880460991524
146307240,5,18,1451.563046099618,1464.2713678628206
146307240,32,71,2174.222455819603,2185.9377220263705
146307240,32,72,2186.9446664713323,2200.2293886975385
146420492,5,17,1437.97971276287,1450.1880460991524
146420492,5,18,1451.563046099618,1464.2713678628206
146420492,32,71,2174.222455819603,2185.9377220263705
146420492,32,72,2186.9446664713323,2200.2293886975385
146522418,5,17,1437.97971276287,1450.1880460991524
146522418,5,18,1451.563046099618,1464.2713678628206
146522418,32,71,2174.222455819603,2185.9377220263705
146522418,32,72,2186.9446664713323,2200.2293886975385
146536188,5,17,1437.97971276287,1450.1880460991524
146536188,5,18,1451.563046099618,1464.2713678628206
146559012,5,17,1437.97971276287,1450.1880460991524
146559012,5,18,1451.563046099618,1464.2713678628206
146559012,32,71,2174.222455819603,2185.9377220263705
146559012,32,72,2186.9446664713323,2200.2293886975385
147793409,60,127,2936.89803453302,2943.703590090852
147793409,60,127,2943.914238238707,2949.766078518704
147793409,60,128,2949.9767266665585,2949.992930370383
147793409,60,128,2955.039226668421,2956.2429303727117
147793409,60,128,2956.453578520566,2962.5832081525587
147949155,61,129,2962.7938563008797,2969.3332081544213
147949155,61,129,2969.543856302742,2975.1966225081123
147949155,61,130,2975.407270656433,2982.1896780659445
147949155,61,130,2982.400326214265,2988.2244002898224
147973432,61,129,2962.7938563008797,2969.3332081544213
147973432,61,129,2969.543856302742,2975.1966225081123
147973432,61,130,2975.407270656433,2982.1896780659445
147973432,61,130,2982.400326214265,2988.2244002898224
148087359,11,29,1596.7713100183755,1609.6879766830243
148087359,11,30,1610.7921433495358,1623.875465106219
148087359,65,137,3068.7336248317733,3075.9674095525406
148087359,65,137,3076.178057700861,3083.47435399564
148087359,65,138,3083.685002143495,3087.4674095502123
148087359,65,138,3087.4697243650444,3090.252131771762
148087359,65,138,3090.462779919617,3096.58777991822
148128489,61,129,2962.7938563008797,2969.3332081544213
148128489,61,129,2969.543856302742,2975.1966225081123
148128489,61,130,2975.407270656433,2982.1896780659445
148128489,61,130,2982.400326214265,2988.2244002898224
148158169,11,29,1596.7713100183755,1609.6879766830243
148158169,11,30,1610.7921433495358,1623.875465106219
148158169,38,83,2333.854319276754,2346.3334859414026
148158169,38,84,2347.2987637189217,2360.5487521416508
148158374,65,137,3068.7336248317733,3075.9674095525406
148158374,65,137,3076.178057700861,3083.47435399564
148158374,65,138,3083.685002143495,3087.4674095502123
148158374,65,138,3087.4697243650444,3090.252131771762
148158374,65,138,3090.462779919617,3096.58777991822
148184837,61,129,2962.7938563008797,2969.3332081544213
148184837,61,129,2969.543856302742,2975.1966225081123
148184837,61,130,2975.407270656433,2982.1896780659445
148184837,61,130,2982.400326214265,2988.2244002898224
148185952,61,129,2962.7938563008797,2969.3332081544213
148185952,61,129,2969.543856302742,2975.1966225081123
148185952,61,130,2975.407270656433,2982.1896780659445
148185952,61,130,2982.400326214265,2988.2244002898224
148230302,61,129,2962.7938563008797,2969.3332081544213
148230302,61,129,2969.543856302742,2975.1966225081123
148230302,61,130,2975.407270656433,2982.1896780659445
148230302,61,130,2982.400326214265,2988.2244002898224
148270291,6,19,1468.2713678642176,1477.0213678670116
148270291,6,20,1478.1047012005,1490.0421896306798
148270291,7,21,1491.625522964634,1503.0213563013822
148270291,7,22,1504.7088563023135,1516.0838447315618
148270291,34,75,2228.750210466329,2240.902976674028
148270291,34,76,2241.9863100075163,2254.062698900234
148319776,61,129,2962.7938563008797,2969.3332081544213
148319776,61,129,2969.543856302742,2975.1966225081123
148319776,61,130,2975.407270656433,2982.1896780659445
148319776,61,130,2982.400326214265,2988.2244002898224
148342995,7,21,1491.625522964634,1503.0213563013822
148342995,7,22,1504.7088563023135,1516.0838447315618
148342995,61,129,2962.7938563008797,2969.3332081544213
148342995,61,129,2969.543856302742,2975.1966225081123
148342995,61,130,2975.407270656433,2982.1896780659445
148342995,61,130,2982.400326214265,2988.2244002898224
148407643,61,129,2962.7938563008797,2969.3332081544213
148407643,61,129,2969.543856302742,2975.1966225081123
148407643,61,130,2975.407270656433,2982.1896780659445
148407643,61,130,2982.400326214265,2988.2244002898224
148772375,11,29,1596.7713100183755,1609.6879766830243
148772375,11,30,1610.7921433495358,1623.875465106219
148772375,38,83,2333.854319276754,2346.3334859414026
148772375,38,84,2347.2987637189217,2360.5487521416508
149021888,29,65,2088.2363794292323,2101.375256741885
149021888,29,66,2102.326645630412,2114.430812295992
149351776,5,17,1437.97971276287,1450.1880460991524
149351776,5,18,1451.563046099618,1464.2713678628206
149351776,7,21,1491.625522964634,1503.0213563013822
149351776,7,22,1504.7088563023135,1516.0838447315618
149351776,11,29,1596.7713100183755,1609.6879766830243
149351776,11,30,1610.7921433495358,1623.875465106219
149365605,38,83,2333.854319276754,2346.3334859414026
149365605,38,84,2347.2987637189217,2360.5487521416508
149365605,65,137,3068.7336248317733,3075.9674095525406
149365605,65,137,3076.178057700861,3083.47435399564
149365605,65,138,3083.685002143495,3087.4674095502123
149365605,65,138,3087.4697243650444,3090.252131771762
149365605,65,138,3090.462779919617,3096.58777991822
149497993,35,77,2254.9863100117072,2266.1043539959937
149497993,35,77,2266.3751873290166,2267.146020662505
149497993,35,78,2268.583520662971,2279.979353998322
149497993,66,139,3097.6687868623994,3104.88869426772
149497993,66,139,3105.0993424160406,3111.9743424137123
149497993,66,140,3112.184990562033,3119.076194263529
149497993,66,140,3119.2451757448725,3124.2405345398
149497993,66,140,3124.272941946984,3126.4257197240368
149640056,12,31,1624.958798439242,1638.9796317690052
149640056,12,32,1640.0421317685395,1652.875453523826
149640056,65,137,3068.7336248317733,3075.9674095525406
149640056,65,137,3076.178057700861,3083.47435399564
149640056,65,138,3083.685002143495,3087.4674095502123
149640056,65,138,3087.4697243650444,3090.252131771762
149640056,65,138,3090.462779919617,3096.58777991822
149771158,12,31,1624.958798439242,1638.9796317690052
149771158,12,32,1640.0421317685395,1652.875453523826
149771158,38,83,2333.854319276754,2346.3334859414026
149771158,38,84,2347.2987637189217,2360.5487521416508
149856292,42,91,2447.687606282532,2460.3056502612308
149856292,42,92,2461.2362058167346,2473.159816926345
149856292,43,93,2474.166761370376,2486.1250831289217
149856292,43,94,2487.180638684425,2498.888972017914
149856569,44,95,2500.1875831289217,2511.7223053518683
149856569,44,96,2513.2014604443684,2519.4167382232845
149856569,44,96,2519.4236826677807,2524.4375715572387
149856915,42,91,2447.687606282532,2460.3056502612308
149856915,42,92,2461.2362058167346,2473.159816926345
149856915,43,93,2474.166761370376,2486.1250831289217
149856915,43,94,2487.180638684425,2498.888972017914
149907172,42,91,2447.687606282532,2460.3056502612308
149907172,42,92,2461.2362058167346,2473.159816926345
149907172,43,93,2474.166761370376,2486.1250831289217
149907172,43,94,2487.180638684425,2498.888972017914
149907172,44,95,2500.1875831289217,2511.7223053518683
149907172,44,96,2513.2014604443684,2519.4167382232845
149907172,44,96,2519.4236826677807,2524.4375715572387
149907206,42,91,2447.687606282532,2460.3056502612308
149907206,42,92,2461.2362058167346,2473.159816926345
149907206,44,95,2500.1875831289217,2511.7223053518683
149907206,44,96,2513.2014604443684,2519.4167382232845
149907206,44,96,2519.4236826677807,2524.4375715572387
149907532,42,91,2447.687606282532,2460.3056502612308
149907532,42,92,2461.2362058167346,2473.159816926345
149907532,44,95,2500.1875831289217,2511.7223053518683
149907532,44,96,2513.2014604443684,2519.4167382232845
149907532,44,96,2519.4236826677807,2524.4375715572387
149907667,42,91,2447.687606282532,2460.3056502612308
149907667,42,92,2461.2362058167346,2473.159816926345
149907667,43,93,2474.166761370376,2486.1250831289217
149907667,43,94,2487.180638684425,2498.888972017914
149907667,44,95,2500.1875831289217,2511.7223053518683
149907667,44,96,2513.2014604443684,2519.4167382232845
149907667,44,96,2519.4236826677807,2524.4375715572387
149907927,44,95,2500.1875831289217,2511.7223053518683
149907927,44,96,2513.2014604443684,2519.4167382232845
149907927,44,96,2519.4236826677807,2524.4375715572387
149908035,43,93,2474.166761370376,2486.1250831289217
149908035,43,94,2487.180638684425,2498.888972017914
149921970,43,93,2474.166761370376,2486.1250831289217
149921970,43,94,2487.180638684425,2498.888972017914
149921970,44,95,2500.1875831289217,2511.7223053518683
149921970,44,96,2513.2014604443684,2519.4167382232845
149921970,44,96,2519.4236826677807,2524.4375715572387
149922231,43,93,2474.166761370376,2486.1250831289217
149922231,43,94,2487.180638684425,2498.888972017914
149923419,42,91,2447.687606282532,2460.3056502612308
149923419,42,92,2461.2362058167346,2473.159816926345
149923419,44,95,2500.1875831289217,2511.7223053518683
149923419,44,96,2513.2014604443684,2519.4167382232845
149923419,44,96,2519.4236826677807,2524.4375715572387
149923544,43,93,2474.166761370376,2486.1250831289217
149923544,43,94,2487.180638684425,2498.888972017914
149923544,44,95,2500.1875831289217,2511.7223053518683
149923544,44,96,2513.2014604443684,2519.4167382232845
149923544,44,96,2519.4236826677807,2524.4375715572387
149979913,44,95,2500.1875831289217,2511.7223053518683
149979913,44,96,2513.2014604443684,2519.4167382232845
149979913,44,96,2519.4236826677807,2524.4375715572387
149980751,42,91,2447.687606282532,2460.3056502612308
149980751,42,92,2461.2362058167346,2473.159816926345
149980751,43,93,2474.166761370376,2486.1250831289217
149980751,43,94,2487.180638684425,2498.888972017914
149980751,44,95,2500.1875831289217,2511.7223053518683
149980751,44,96,2513.2014604443684,2519.4167382232845
149980751,44,96,2519.4236826677807,2524.4375715572387
150002984,43,93,2474.166761370376,2486.1250831289217
150002984,43,94,2487.180638684425,2498.888972017914
150002984,44,95,2500.1875831289217,2511.7223053518683
150002984,44,96,2513.2014604443684,2519.4167382232845
150002984,44,96,2519.4236826677807,2524.4375715572387
150002985,43,93,2474.166761370376,2486.1250831289217
150002985,43,94,2487.180638684425,2498.888972017914
150002985,44,95,2500.1875831289217,2511.7223053518683
150002985,44,96,2513.2014604443684,2519.4167382232845
150002985,44,96,2519.4236826677807,2524.4375715572387
150005829,43,93,2474.166761370376,2486.1250831289217
150005829,43,94,2487.180638684425,2498.888972017914
150005829,44,95,2500.1875831289217,2511.7223053518683
150005829,44,96,2513.2014604443684,2519.4167382232845
150005829,44,96,2519.4236826677807,2524.4375715572387
150058659,43,93,2474.166761370376,2486.1250831289217
150058659,43,94,2487.180638684425,2498.888972017914
150068381,4,15,1410.917224333156,1413.2505576666445
150068381,4,15,1413.2713909996671,1418.4797243336216
150068381,4,15,1421.2297243340872,1423.5005576675758
150068381,4,16,1424.5630576680414,1436.833879429381
150068381,5,17,1437.97971276287,1450.1880460991524
150068381,5,18,1451.563046099618,1464.2713678628206
150068381,6,19,1468.2713678642176,1477.0213678670116
150068381,6,20,1478.1047012005,1490.0421896306798
150068381,7,21,1491.625522964634,1503.0213563013822
150068381,7,22,1504.7088563023135,1516.0838447315618
150068381,8,23,1517.354678065516,1529.0630114017986
150068381,8,24,1530.2713447352871,1531.7296780692411
150068381,8,24,1535.0005114031956,1542.0004998305812
150068381,9,25,1543.2296664975584,1555.542166499421
150068381,9,26,1556.729666499421,1568.458821593318
150068381,11,29,1596.7713100183755,1609.6879766830243
150068381,11,30,1610.7921433495358,1623.875465106219
150068381,12,31,1624.958798439242,1638.9796317690052
150068381,12,32,1640.0421317685395,1652.875453523826
150068381,28,63,2061.847502121236,2073.958601654973
150068381,28,64,2075.1530460990034,2087.0974905407056
150068381,29,65,2088.2363794292323,2101.375256741885
150068381,29,66,2102.326645630412,2114.430812295992
150068381,31,69,2144.514134055469,2157.451622482855
150068381,31,70,2158.861344705336,2169.944678040687
150068381,32,71,2174.222455819603,2185.9377220263705
150068381,32,72,2186.9446664713323,2200.2293886975385
150068381,33,73,2201.729388698004,2213.86132157268
150068381,33,74,2215.430766017642,2227.5696549103595
150068381,34,75,2228.750210466329,2240.902976674028
150068381,34,76,2241.9863100075163,2254.062698900234
150068381,35,77,2254.9863100117072,2266.1043539959937
150068381,35,77,2266.3751873290166,2267.146020662505
150068381,35,78,2268.583520662971,2279.979353998322
150068381,36,79,2280.902965109796,2292.8543424261734
150068381,36,80,2293.7918424261734,2305.9862868711352
150068381,38,83,2333.854319276754,2346.3334859414026
150068381,38,84,2347.2987637189217,2360.5487521416508
150068381,39,85,2361.770974363666,2374.8543076934293
150068381,39,86,2375.86125213746,2389.715407225769
150068381,61,129,2962.7938563008797,2969.3332081544213
150068381,61,129,2969.543856302742,2975.1966225081123
150068381,61,130,2975.407270656433,2982.1896780659445
150068381,61,130,2982.400326214265,2988.2244002898224
150068381,62,131,2988.435048438143,2994.881807698868
150068381,62,131,2995.092455847189,3000.9234627927653
150068381,62,132,3001.134110941086,3007.53457390517
150068381,62,132,3007.7452220534906,3014.152629461605
150068381,63,133,3014.3632776099257,3021.187351684552
150068381,63,133,3021.3979998328723,3027.3910438148305
150068381,63,134,3027.601691963151,3034.0901178894565
150068381,63,134,3034.300766037777,3040.8979882597923
150068381,64,135,3041.108636408113,3048.1132544633
150068381,64,135,3048.3239026116207,3054.752143351827
150068381,64,135,3054.754458166659,3055.078532240819
150068381,64,136,3055.289180388674,3062.21742112888
150068381,64,136,3062.428069277201,3068.029921127949
150068381,66,139,3097.6687868623994,3104.88869426772
150068381,66,139,3105.0993424160406,3111.9743424137123
150068381,66,140,3112.184990562033,3119.076194263529
150068381,66,140,3119.2451757448725,3124.2405345398
150068381,66,140,3124.272941946984,3126.4257197240368
150068381,67,141,3126.6363678723574,3133.1132197217084
150068381,67,141,3133.323867870029,3140.2497937935404
150068381,67,142,3140.460441941861,3147.703497495037
150068381,67,142,3147.91413406888,3154.395615548361
150094956,43,93,2474.166761370376,2486.1250831289217
150094956,43,94,2487.180638684425,2498.888972017914
150095585,43,93,2474.166761370376,2486.1250831289217
150095585,43,94,2487.180638684425,2498.888972017914
150173438,44,95,2500.1875831289217,2511.7223053518683
150173438,44,96,2513.2014604443684,2519.4167382232845
150173438,44,96,2519.4236826677807,2524.4375715572387
151584725,5,17,1437.97971276287,1450.1880460991524
151584725,5,18,1451.563046099618,1464.2713678628206
151584725,6,19,1468.2713678642176,1477.0213678670116
151584725,6,20,1478.1047012005,1490.0421896306798
151584725,7,21,1491.625522964634,1503.0213563013822
151584725,7,22,1504.7088563023135,1516.0838447315618
151584725,32,71,2174.222455819603,2185.9377220263705
151584725,32,72,2186.9446664713323,2200.2293886975385
151584725,33,73,2201.729388698004,2213.86132157268
151584725,33,74,2215.430766017642,2227.5696549103595
151628056,5,17,1437.97971276287,1450.1880460991524
151628056,5,18,1451.563046099618,1464.2713678628206
152370762,5,17,1437.97971276287,1450.1880460991524
152370762,5,18,1451.563046099618,1464.2713678628206
152370762,31,69,2144.514134055469,2157.451622482855
152370762,31,70,2158.861344705336,2169.944678040687
152370762,32,71,2174.222455819603,2185.9377220263705
152370762,32,72,2186.9446664713323,2200.2293886975385
152377452,12,31,1624.958798439242,1638.9796317690052
152377452,12,32,1640.0421317685395,1652.875453523826
152560209,3,13,1381.7089025736786,1382.5214025736786
152560209,3,13,1382.6047359071672,1383.62556924019
152560209,3,13,1383.6672359071672,1384.2714025736786
152560209,3,13,1384.31306924019,1385.87556924019
152560209,3,13,1385.93806924019,1395.4380692397244
152560209,3,13,1395.583902573213,1396.458902573213
152560209,3,13,1396.5005692397244,1396.5630692397244
152560209,3,14,1396.646402573213,1409.3755576661788
152560209,4,15,1410.917224333156,1413.2505576666445
152560209,4,15,1413.2713909996671,1418.4797243336216
152560209,4,15,1421.2297243340872,1423.5005576675758
152560209,4,16,1424.5630576680414,1436.833879429381
152560209,5,17,1437.97971276287,1450.1880460991524
152560209,5,18,1451.563046099618,1464.2713678628206
152560209,32,71,2174.222455819603,2185.9377220263705
152560209,32,72,2186.9446664713323,2200.2293886975385
153710618,4,15,1410.917224333156,1413.2505576666445
153710618,4,15,1413.2713909996671,1418.4797243336216
153710618,4,15,1421.2297243340872,1423.5005576675758
153710618,4,16,1424.5630576680414,1436.833879429381
153710618,5,17,1437.97971276287,1450.1880460991524
153710618,5,18,1451.563046099618,1464.2713678628206
153710618,31,69,2144.514134055469,2157.451622482855
153710618,31,70,2158.861344705336,2169.944678040687
153713422,4,15,1410.917224333156,1413.2505576666445
153713422,4,15,1413.2713909996671,1418.4797243336216
153713422,4,15,1421.2297243340872,1423.5005576675758
153713422,4,16,1424.5630576680414,1436.833879429381
153713422,5,17,1437.97971276287,1450.1880460991524
153713422,5,18,1451.563046099618,1464.2713678628206
153713422,31,69,2144.514134055469,2157.451622482855
153713422,31,70,2158.861344705336,2169.944678040687
153713422,32,71,2174.222455819603,2185.9377220263705
153713422,32,72,2186.9446664713323,2200.2293886975385
153713427,4,15,1410.917224333156,1413.2505576666445
153713427,4,15,1413.2713909996671,1418.4797243336216
153713427,4,15,1421.2297243340872,1423.5005576675758
153713427,4,16,1424.5630576680414,1436.833879429381
153713427,5,17,1437.97971276287,1450.1880460991524
153713427,5,18,1451.563046099618,1464.2713678628206
153713427,31,69,2144.514134055469,2157.451622482855
153713427,31,70,2158.861344705336,2169.944678040687
153713427,32,71,2174.222455819603,2185.9377220263705
153713427,32,72,2186.9446664713323,2200.2293886975385
153781478,12,31,1624.958798439242,1638.9796317690052
153781478,12,32,1640.0421317685395,1652.875453523826
153797977,4,15,1410.917224333156,1413.2505576666445
153797977,4,15,1413.2713909996671,1418.4797243336216
153797977,4,15,1421.2297243340872,1423.5005576675758
153797977,4,16,1424.5630576680414,1436.833879429381
153797977,5,17,1437.97971276287,1450.1880460991524
153797977,5,18,1451.563046099618,1464.2713678628206
153797977,31,69,2144.514134055469,2157.451622482855
153797977,31,70,2158.861344705336,2169.944678040687
153834085,5,17,1437.97971276287,1450.1880460991524
153834085,5,18,1451.563046099618,1464.2713678628206
153834085,31,69,2144.514134055469,2157.451622482855
153834085,31,70,2158.861344705336,2169.944678040687
153834085,32,71,2174.222455819603,2185.9377220263705
153834085,32,72,2186.9446664713323,2200.2293886975385
153835701,4,15,1410.917224333156,1413.2505576666445
153835701,4,15,1413.2713909996671,1418.4797243336216
153835701,4,15,1421.2297243340872,1423.5005576675758
153835701,4,16,1424.5630576680414,1436.833879429381
153835701,5,17,1437.97971276287,1450.1880460991524
153835701,5,18,1451.563046099618,1464.2713678628206
155662476,59,125,2910.259157210123,2916.742953508161
155662476,59,125,2916.9536016564816,2917.7707312861457
155662476,59,125,2917.77536091581,2923.347108602524
155662476,59,126,2923.5577567508444,2930.277664160356
155662476,59,126,2930.4883123086765,2936.6873863846995
155973055,59,125,2910.259157210123,2916.742953508161
155973055,59,125,2916.9536016564816,2917.7707312861457
155973055,59,125,2917.77536091581,2923.347108602524
155973055,59,126,2923.5577567508444,2930.277664160356
155973055,59,126,2930.4883123086765,2936.6873863846995
156710937,61,129,2962.7938563008797,2969.3332081544213
156710937,61,129,2969.543856302742,2975.1966225081123
156710937,61,130,2975.407270656433,2982.1896780659445
156710937,61,130,2982.400326214265,2988.2244002898224
156758257,6,19,1468.2713678642176,1477.0213678670116
156758257,6,20,1478.1047012005,1490.0421896306798
156810164,61,129,2962.7938563008797,2969.3332081544213
156810164,61,129,2969.543856302742,2975.1966225081123
156810164,61,130,2975.407270656433,2982.1896780659445
156810164,61,130,2982.400326214265,2988.2244002898224
156831398,61,129,2962.7938563008797,2969.3332081544213
156831398,61,129,2969.543856302742,2975.1966225081123
156831398,61,130,2975.407270656433,2982.1896780659445
156831398,61,130,2982.400326214265,2988.2244002898224
156836091,61,129,2962.7938563008797,2969.3332081544213
156836091,61,129,2969.543856302742,2975.1966225081123
156836091,61,130,2975.407270656433,2982.1896780659445
156836091,61,130,2982.400326214265,2988.2244002898224
156836265,61,129,2962.7938563008797,2969.3332081544213
156836265,61,129,2969.543856302742,2975.1966225081123
156836265,61,130,2975.407270656433,2982.1896780659445
156836265,61,130,2982.400326214265,2988.2244002898224
156843167,61,129,2962.7938563008797,2969.3332081544213
156843167,61,129,2969.543856302742,2975.1966225081123
156843167,61,130,2975.407270656433,2982.1896780659445
156843167,61,130,2982.400326214265,2988.2244002898224
156846362,61,129,2962.7938563008797,2969.3332081544213
156846362,61,129,2969.543856302742,2975.1966225081123
156846362,61,130,2975.407270656433,2982.1896780659445
156846362,61,130,2982.400326214265,2988.2244002898224
156933657,6,19,1468.2713678642176,1477.0213678670116
156933657,6,20,1478.1047012005,1490.0421896306798
156933657,7,21,1491.625522964634,1503.0213563013822
156933657,7,22,1504.7088563023135,1516.0838447315618
156933657,33,73,2201.729388698004,2213.86132157268
156933657,33,74,2215.430766017642,2227.5696549103595
156933657,34,75,2228.750210466329,2240.902976674028
156933657,34,76,2241.9863100075163,2254.062698900234
156943923,61,129,2962.7938563008797,2969.3332081544213
156943923,61,129,2969.543856302742,2975.1966225081123
156943923,61,130,2975.407270656433,2982.1896780659445
156943923,61,130,2982.400326214265,2988.2244002898224
156948827,61,129,2962.7938563008797,2969.3332081544213
156948827,61,129,2969.543856302742,2975.1966225081123
156948827,61,130,2975.407270656433,2982.1896780659445
156948827,61,130,2982.400326214265,2988.2244002898224
156989166,61,129,2962.7938563008797,2969.3332081544213
156989166,61,129,2969.543856302742,2975.1966225081123
156989166,61,130,2975.407270656433,2982.1896780659445
156989166,61,130,2982.400326214265,2988.2244002898224
156990832,61,129,2962.7938563008797,2969.3332081544213
156990832,61,129,2969.543856302742,2975.1966225081123
156990832,61,130,2975.407270656433,2982.1896780659445
156990832,61,130,2982.400326214265,2988.2244002898224
157007338,61,129,2962.7938563008797,2969.3332081544213
157007338,61,129,2969.543856302742,2975.1966225081123
157007338,61,130,2975.407270656433,2982.1896780659445
157007338,61,130,2982.400326214265,2988.2244002898224
157008175,61,129,2962.7938563008797,2969.3332081544213
157008175,61,129,2969.543856302742,2975.1966225081123
157008175,61,130,2975.407270656433,2982.1896780659445
157008175,61,130,2982.400326214265,2988.2244002898224
157039362,61,129,2962.7938563008797,2969.3332081544213
157039362,61,129,2969.543856302742,2975.1966225081123
157039362,61,130,2975.407270656433,2982.1896780659445
157039362,61,130,2982.400326214265,2988.2244002898224
157091587,61,129,2962.7938563008797,2969.3332081544213
157091587,61,129,2969.543856302742,2975.1966225081123
157091587,61,130,2975.407270656433,2982.1896780659445
157091587,61,130,2982.400326214265,2988.2244002898224
157126706,61,129,2962.7938563008797,2969.3332081544213
157126706,61,129,2969.543856302742,2975.1966225081123
157126706,61,130,2975.407270656433,2982.1896780659445
157126706,61,130,2982.400326214265,2988.2244002898224
157212164,7,21,1491.625522964634,1503.0213563013822
157212164,7,22,1504.7088563023135,1516.0838447315618
157212164,61,129,2962.7938563008797,2969.3332081544213
157212164,61,129,2969.543856302742,2975.1966225081123
157212164,61,130,2975.407270656433,2982.1896780659445
157212164,61,130,2982.400326214265,2988.2244002898224
157309606,61,129,2962.7938563008797,2969.3332081544213
157309606,61,129,2969.543856302742,2975.1966225081123
157309606,61,130,2975.407270656433,2982.1896780659445
157309606,61,130,2982.400326214265,2988.2244002898224
157316453,33,73,2201.729388698004,2213.86132157268
157316453,33,74,2215.430766017642,2227.5696549103595
157459952,34,75,2228.750210466329,2240.902976674028
157459952,34,76,2241.9863100075163,2254.062698900234
157460158,61,129,2962.7938563008797,2969.3332081544213
157460158,61,129,2969.543856302742,2975.1966225081123
157460158,61,130,2975.407270656433,2982.1896780659445
157460158,61,130,2982.400326214265,2988.2244002898224
157530079,61,129,2962.7938563008797,2969.3332081544213
157530079,61,129,2969.543856302742,2975.1966225081123
157530079,61,130,2975.407270656433,2982.1896780659445
157530079,61,130,2982.400326214265,2988.2244002898224
157571722,33,73,2201.729388698004,2213.86132157268
157571722,33,74,2215.430766017642,2227.5696549103595
158979332,11,29,1596.7713100183755,1609.6879766830243
158979332,11,30,1610.7921433495358,1623.875465106219
158979332,65,137,3068.7336248317733,3075.9674095525406
158979332,65,137,3076.178057700861,3083.47435399564
158979332,65,138,3083.685002143495,3087.4674095502123
158979332,65,138,3087.4697243650444,3090.252131771762
158979332,65,138,3090.462779919617,3096.58777991822
159153860,11,29,1596.7713100183755,1609.6879766830243
159153860,11,30,1610.7921433495358,1623.875465106219
159376787,11,29,1596.7713100183755,1609.6879766830243
159376787,11,30,1610.7921433495358,1623.875465106219
159376787,65,137,3068.7336248317733,3075.9674095525406
159376787,65,137,3076.178057700861,3083.47435399564
159376787,65,138,3083.685002143495,3087.4674095502123
159376787,65,138,3087.4697243650444,3090.252131771762
159376787,65,138,3090.462779919617,3096.58777991822
159421340,11,29,1596.7713100183755,1609.6879766830243
159421340,11,30,1610.7921433495358,1623.875465106219
159421340,38,83,2333.854319276754,2346.3334859414026
159421340,38,84,2347.2987637189217,2360.5487521416508
159537293,11,29,1596.7713100183755,1609.6879766830243
159537293,11,30,1610.7921433495358,1623.875465106219
160142472,4,15,1410.917224333156,1413.2505576666445
160142472,4,15,1413.2713909996671,1418.4797243336216
160142472,4,15,1421.2297243340872,1423.5005576675758
160142472,4,16,1424.5630576680414,1436.833879429381
160142472,5,17,1437.97971276287,1450.1880460991524
160142472,5,18,1451.563046099618,1464.2713678628206
160142472,31,69,2144.514134055469,2157.451622482855
160142472,31,70,2158.861344705336,2169.944678040687
160204059,10,27,1569.4379882598296,1581.771321593318
160204059,10,28,1582.771321593318,1595.667143351864
160204059,11,29,1596.7713100183755,1609.6879766830243
160204059,11,30,1610.7921433495358,1623.875465106219
160328683,32,71,2174.222455819603,2185.9377220263705
160328683,32,72,2186.9446664713323,2200.2293886975385
160328683,33,73,2201.729388698004,2213.86132157268
160328683,33,74,2215.430766017642,2227.5696549103595
160404487,11,29,1596.7713100183755,1609.6879766830243
160404487,11,30,1610.7921433495358,1623.875465106219
160404487,65,137,3068.7336248317733,3075.9674095525406
160404487,65,137,3076.178057700861,3083.47435399564
160404487,65,138,3083.685002143495,3087.4674095502123
160404487,65,138,3087.4697243650444,3090.252131771762
160404487,65,138,3090.462779919617,3096.58777991822
160417246,11,29,1596.7713100183755,1609.6879766830243
160417246,11,30,1610.7921433495358,1623.875465106219
160417246,38,83,2333.854319276754,2346.3334859414026
160417246,38,84,2347.2987637189217,2360.5487521416508
160444470,11,29,1596.7713100183755,1609.6879766830243
160444470,11,30,1610.7921433495358,1623.875465106219
160502580,11,29,1596.7713100183755,1609.6879766830243
160502580,11,30,1610.7921433495358,1623.875465106219
160502580,65,137,3068.7336248317733,3075.9674095525406
160502580,65,137,3076.178057700861,3083.47435399564
160502580,65,138,3083.685002143495,3087.4674095502123
160502580,65,138,3087.4697243650444,3090.252131771762
160502580,65,138,3090.462779919617,3096.58777991822
160504689,11,29,1596.7713100183755,1609.6879766830243
160504689,11,30,1610.7921433495358,1623.875465106219
160523545,64,135,3041.108636408113,3048.1132544633
160523545,64,135,3048.3239026116207,3054.752143351827
160523545,64,135,3054.754458166659,3055.078532240819
160523545,64,136,3055.289180388674,3062.21742112888
160523545,64,136,3062.428069277201,3068.029921127949
160600404,14,35,1683.3546086065471,1696.3754419358447
160600404,14,36,1697.3546086023562,1710.187930358108
160600404,15,37,1711.3754303576425,1723.85459702136
160600404,15,38,1724.9379303548485,1737.3962521119977
160600404,18,43,1790.6670622974634,1791.1045622974634
160600404,18,43,1791.375395630952,1802.4378956332805
160600404,18,44,1803.4587289667688,1815.0212173955515
160600404,19,45,1816.0837173955515,1827.9795507323
160600404,19,46,1828.9587173992768,1838.708705828525
160600404,19,46,1838.7295391620137,1841.1462058294564
160600404,20,47,1842.5003724964336,1854.854539167136
160600404,20,48,1856.3962058345787,1865.47952759685
160600404,20,48,1865.5003609303385,1868.8128609312696
160600404,21,49,1870.4378609317357,1883.9795276024377
160600404,21,50,1884.9170276029035,1892.5003493642437
160600404,21,50,1892.521182697732,1897.7711826986636
160600404,22,51,1899.312849366106,1909.4378493679687
160600404,22,51,1909.4795160349456,1911.9170160354115
160600404,22,51,1911.9378493684344,1912.5003493684344
160600404,22,52,1913.583682701923,1921.0420044623315
160600404,22,52,1921.06283779582,1926.4795044632629
160600404,25,57,1983.6461479780264,1995.6253030677328
160600404,25,58,1996.9169697337784,2009.2919697305188
160600404,26,59,2010.2711363970304,2022.187791485805
160600404,40,87,2390.652907225769,2404.395962776616
160600404,40,88,2405.3265183316544,2418.854284531437
160600404,41,89,2419.9862289754674,2432.5973400827497
160600404,41,90,2433.715395637788,2446.5764951715246
160600404,48,103,2607.930592414923,2621.625025289599
160600404,48,104,2623.041691956576,2635.986136403866
160600404,49,105,2637.4722475153394,2650.444458165672
160600404,49,106,2651.4166803881526,2664.3125137225725
160600404,52,111,2718.631935013924,2720.208312328439
160600404,52,111,2720.2152567729354,2730.29859010363
160600404,52,112,2731.444423436653,2743.0763678778894
160600404,53,113,2743.9930229703896,2755.9930229661986
160600404,53,114,2756.90968963271,2768.9791224994697
160600404,55,117,2797.0971664721146,2809.9582775798626
160600404,55,118,2810.867999801878,2824.2638215580955
160600404,59,125,2910.259157210123,2916.742953508161
160600404,59,125,2916.9536016564816,2917.7707312861457
160600404,59,125,2917.77536091581,2923.347108602524
160600404,59,126,2923.5577567508444,2930.277664160356
160600404,59,126,2930.4883123086765,2936.6873863846995
160600404,60,127,2936.89803453302,2943.703590090852
160600404,60,127,2943.914238238707,2949.766078518704
160600404,60,128,2949.9767266665585,2949.992930370383
160600404,60,128,2955.039226668421,2956.2429303727117
160600404,60,128,2956.453578520566,2962.5832081525587
161468577,64,135,3041.108636408113,3048.1132544633
161468577,64,135,3048.3239026116207,3054.752143351827
161468577,64,135,3054.754458166659,3055.078532240819
161468577,64,136,3055.289180388674,3062.21742112888
161468577,64,136,3062.428069277201,3068.029921127949
161476008,4,15,1410.917224333156,1413.2505576666445
161476008,4,15,1413.2713909996671,1418.4797243336216
161476008,4,15,1421.2297243340872,1423.5005576675758
161476008,4,16,1424.5630576680414,1436.833879429381
161476008,5,17,1437.97971276287,1450.1880460991524
161476008,5,18,1451.563046099618,1464.2713678628206
161476008,31,69,2144.514134055469,2157.451622482855
161476008,31,70,2158.861344705336,2169.944678040687
161476008,32,71,2174.222455819603,2185.9377220263705
161476008,32,72,2186.9446664713323,2200.2293886975385
161476011,4,15,1410.917224333156,1413.2505576666445
161476011,4,15,1413.2713909996671,1418.4797243336216
161476011,4,15,1421.2297243340872,1423.5005576675758
161476011,4,16,1424.5630576680414,1436.833879429381
161476011,32,71,2174.222455819603,2185.9377220263705
161476011,32,72,2186.9446664713323,2200.2293886975385
161576005,5,17,1437.97971276287,1450.1880460991524
161576005,5,18,1451.563046099618,1464.2713678628206
161576005,6,19,1468.2713678642176,1477.0213678670116
161576005,6,20,1478.1047012005,1490.0421896306798
161576005,31,69,2144.514134055469,2157.451622482855
161576005,31,70,2158.861344705336,2169.944678040687
161612652,4,15,1410.917224333156,1413.2505576666445
161612652,4,15,1413.2713909996671,1418.4797243336216
161612652,4,15,1421.2297243340872,1423.5005576675758
161612652,4,16,1424.5630576680414,1436.833879429381
161612652,6,19,1468.2713678642176,1477.0213678670116
161612652,6,20,1478.1047012005,1490.0421896306798
162024196,36,79,2280.902965109796,2292.8543424261734
162024196,36,80,2293.7918424261734,2305.9862868711352
162143408,10,27,1569.4379882598296,1581.771321593318
162143408,10,28,1582.771321593318,1595.667143351864
162143408,36,79,2280.902965109796,2292.8543424261734
162143408,36,80,2293.7918424261734,2305.9862868711352
162143408,37,81,2307.2362868711352,2319.0279419636354
162143408,37,82,2320.222386407666,2332.576553073246
162143408,63,133,3014.3632776099257,3021.187351684552
162143408,63,133,3021.3979998328723,3027.3910438148305
162143408,63,134,3027.601691963151,3034.0901178894565
162143408,63,134,3034.300766037777,3040.8979882597923
162582602,10,27,1569.4379882598296,1581.771321593318
162582602,10,28,1582.771321593318,1595.667143351864
162582602,63,133,3014.3632776099257,3021.187351684552
162582602,63,133,3021.3979998328723,3027.3910438148305
162582602,63,134,3027.601691963151,3034.0901178894565
162582602,63,134,3034.300766037777,3040.8979882597923
162582602,64,135,3041.108636408113,3048.1132544633
162582602,64,135,3048.3239026116207,3054.752143351827
162582602,64,135,3054.754458166659,3055.078532240819
162582602,64,136,3055.289180388674,3062.21742112888
162582602,64,136,3062.428069277201,3068.029921127949
163042241,10,27,1569.4379882598296,1581.771321593318
163042241,10,28,1582.771321593318,1595.667143351864
163042241,11,29,1596.7713100183755,1609.6879766830243
163042241,11,30,1610.7921433495358,1623.875465106219
163042241,37,81,2307.2362868711352,2319.0279419636354
163042241,37,82,2320.222386407666,2332.576553073246
163042241,64,135,3041.108636408113,3048.1132544633
163042241,64,135,3048.3239026116207,3054.752143351827
163042241,64,135,3054.754458166659,3055.078532240819
163042241,64,136,3055.289180388674,3062.21742112888
163042241,64,136,3062.428069277201,3068.029921127949
164592809,10,27,1569.4379882598296,1581.771321593318
164592809,10,28,1582.771321593318,1595.667143351864
164592809,64,135,3041.108636408113,3048.1132544633
164592809,64,135,3048.3239026116207,3054.752143351827
164592809,64,135,3054.754458166659,3055.078532240819
164592809,64,136,3055.289180388674,3062.21742112888
164592809,64,136,3062.428069277201,3068.029921127949
165124012,3,13,1381.7089025736786,1382.5214025736786
165124012,3,13,1382.6047359071672,1383.62556924019
165124012,3,13,1383.6672359071672,1384.2714025736786
165124012,3,13,1384.31306924019,1385.87556924019
165124012,3,13,1385.93806924019,1395.4380692397244
165124012,3,13,1395.583902573213,1396.458902573213
165124012,3,13,1396.5005692397244,1396.5630692397244
165124012,3,14,1396.646402573213,1409.3755576661788
165124012,4,15,1410.917224333156,1413.2505576666445
165124012,4,15,1413.2713909996671,1418.4797243336216
165124012,4,15,1421.2297243340872,1423.5005576675758
165124012,4,16,1424.5630576680414,1436.833879429381
165124012,30,67,2115.882201184518,2129.139134054538
165124012,30,68,2130.208578499034,2143.222467388492
165124012,31,69,2144.514134055469,2157.451622482855
165124012,31,70,2158.861344705336,2169.944678040687
165590041,64,135,3041.108636408113,3048.1132544633
165590041,64,135,3048.3239026116207,3054.752143351827
165590041,64,135,3054.754458166659,3055.078532240819
165590041,64,136,3055.289180388674,3062.21742112888
165590041,64,136,3062.428069277201,3068.029921127949
165823257,11,29,1596.7713100183755,1609.6879766830243
165823257,11,30,1610.7921433495358,1623.875465106219
165823257,64,135,3041.108636408113,3048.1132544633
165823257,64,135,3048.3239026116207,3054.752143351827
165823257,64,135,3054.754458166659,3055.078532240819
165823257,64,136,3055.289180388674,3062.21742112888
165823257,64,136,3062.428069277201,3068.029921127949
165909066,10,27,1569.4379882598296,1581.771321593318
165909066,10,28,1582.771321593318,1595.667143351864
165909066,11,29,1596.7713100183755,1609.6879766830243
165909066,11,30,1610.7921433495358,1623.875465106219
165909066,37,81,2307.2362868711352,2319.0279419636354
165909066,37,82,2320.222386407666,2332.576553073246
165909066,64,135,3041.108636408113,3048.1132544633
165909066,64,135,3048.3239026116207,3054.752143351827
165909066,64,135,3054.754458166659,3055.078532240819
165909066,64,136,3055.289180388674,3062.21742112888
165909066,64,136,3062.428069277201,3068.029921127949
166302995,38,83,2333.854319276754,2346.3334859414026
166302995,38,84,2347.2987637189217,2360.5487521416508
166527623,11,29,1596.7713100183755,1609.6879766830243
166527623,11,30,1610.7921433495358,1623.875465106219
166527623,38,83,2333.854319276754,2346.3334859414026
166527623,38,84,2347.2987637189217,2360.5487521416508
166527623,64,135,3041.108636408113,3048.1132544633
166527623,64,135,3048.3239026116207,3054.752143351827
166527623,64,135,3054.754458166659,3055.078532240819
166527623,64,136,3055.289180388674,3062.21742112888
166527623,64,136,3062.428069277201,3068.029921127949
166558572,11,29,1596.7713100183755,1609.6879766830243
166558572,11,30,1610.7921433495358,1623.875465106219
166577188,11,29,1596.7713100183755,1609.6879766830243
166577188,11,30,1610.7921433495358,1623.875465106219
166577188,38,83,2333.854319276754,2346.3334859414026
166577188,38,84,2347.2987637189217,2360.5487521416508
167119957,6,19,1468.2713678642176,1477.0213678670116
167119957,6,20,1478.1047012005,1490.0421896306798
167119957,28,63,2061.847502121236,2073.958601654973
167119957,28,64,2075.1530460990034,2087.0974905407056
167119957,31,69,2144.514134055469,2157.451622482855
167119957,31,70,2158.861344705336,2169.944678040687
167119957,32,71,2174.222455819603,2185.9377220263705
167119957,32,72,2186.9446664713323,2200.2293886975385
167119957,33,73,2201.729388698004,2213.86132157268
167119957,33,74,2215.430766017642,2227.5696549103595
167119957,37,81,2307.2362868711352,2319.0279419636354
167119957,37,82,2320.222386407666,2332.576553073246
167123841,9,25,1543.2296664975584,1555.542166499421
167123841,9,26,1556.729666499421,1568.458821593318
167123841,11,29,1596.7713100183755,1609.6879766830243
167123841,11,30,1610.7921433495358,1623.875465106219
167344029,2,11,1354.1047474853694,1367.1464141495526
167344029,2,12,1368.6047359085642,1381.5005692406558
167344029,3,13,1381.7089025736786,1382.5214025736786
167344029,3,13,1382.6047359071672,1383.62556924019
167344029,3,13,1383.6672359071672,1384.2714025736786
167344029,3,13,1384.31306924019,1385.87556924019
167344029,3,13,1385.93806924019,1395.4380692397244
167344029,3,13,1395.583902573213,1396.458902573213
167344029,3,13,1396.5005692397244,1396.5630692397244
167344029,3,14,1396.646402573213,1409.3755576661788
167344029,4,15,1410.917224333156,1413.2505576666445
167344029,4,15,1413.2713909996671,1418.4797243336216
167344029,4,15,1421.2297243340872,1423.5005576675758
167344029,4,16,1424.5630576680414,1436.833879429381
167344029,5,17,1437.97971276287,1450.1880460991524
167344029,5,18,1451.563046099618,1464.2713678628206
167344029,6,19,1468.2713678642176,1477.0213678670116
167344029,6,20,1478.1047012005,1490.0421896306798
167344029,7,21,1491.625522964634,1503.0213563013822
167344029,7,22,1504.7088563023135,1516.0838447315618
167344029,8,23,1517.354678065516,1529.0630114017986
167344029,8,24,1530.2713447352871,1531.7296780692411
167344029,8,24,1535.0005114031956,1542.0004998305812
167344029,9,25,1543.2296664975584,1555.542166499421
167344029,9,26,1556.729666499421,1568.458821593318
167344029,10,27,1569.4379882598296,1581.771321593318
167344029,10,28,1582.771321593318,1595.667143351864
167344029,12,31,1624.958798439242,1638.9796317690052
167344029,12,32,1640.0421317685395,1652.875453523826
167344029,13,33,1653.9171201903373,1667.6879535191692
167344029,13,34,1668.6254535187036,1682.3546086070128
167344029,27,61,2036.2780692591327,2048.125279903412
167344029,27,62,2049.1530576804653,2060.6391687882133
167344029,29,65,2088.2363794292323,2101.375256741885
167344029,29,66,2102.326645630412,2114.430812295992
167344029,30,67,2115.882201184518,2129.139134054538
167344029,30,68,2130.208578499034,2143.222467388492
167344029,31,69,2144.514134055469,2157.451622482855
167344029,31,70,2158.861344705336,2169.944678040687
167344029,32,71,2174.222455819603,2185.9377220263705
167344029,32,72,2186.9446664713323,2200.2293886975385
167344029,33,73,2201.729388698004,2213.86132157268
167344029,33,74,2215.430766017642,2227.5696549103595
167344029,34,75,2228.750210466329,2240.902976674028
167344029,34,76,2241.9863100075163,2254.062698900234
167344029,35,77,2254.9863100117072,2266.1043539959937
167344029,35,77,2266.3751873290166,2267.146020662505
167344029,35,78,2268.583520662971,2279.979353998322
167344029,36,79,2280.902965109796,2292.8543424261734
167344029,36,80,2293.7918424261734,2305.9862868711352
167344029,37,81,2307.2362868711352,2319.0279419636354
167344029,37,82,2320.222386407666,2332.576553073246
167344029,39,85,2361.770974363666,2374.8543076934293
167344029,39,86,2375.86125213746,2389.715407225769
167344029,61,129,2962.7938563008797,2969.3332081544213
167344029,61,129,2969.543856302742,2975.1966225081123
167344029,61,130,2975.407270656433,2982.1896780659445
167344029,61,130,2982.400326214265,2988.2244002898224
167344029,62,131,2988.435048438143,2994.881807698868
167344029,62,131,2995.092455847189,3000.9234627927653
167344029,62,132,3001.134110941086,3007.53457390517
167344029,62,132,3007.7452220534906,3014.152629461605
167344029,63,133,3014.3632776099257,3021.187351684552
167344029,63,133,3021.3979998328723,3027.3910438148305
167344029,63,134,3027.601691963151,3034.0901178894565
167344029,63,134,3034.300766037777,3040.8979882597923
167344029,64,135,3041.108636408113,3048.1132544633
167344029,64,135,3048.3239026116207,3054.752143351827
167344029,64,135,3054.754458166659,3055.078532240819
167344029,64,136,3055.289180388674,3062.21742112888
167344029,64,136,3062.428069277201,3068.029921127949
167344029,65,137,3068.7336248317733,3075.9674095525406
167344029,65,137,3076.178057700861,3083.47435399564
167344029,65,138,3083.685002143495,3087.4674095502123
167344029,65,138,3087.4697243650444,3090.252131771762
167344029,65,138,3090.462779919617,3096.58777991822
167344029,66,139,3097.6687868623994,3104.88869426772
167344029,66,139,3105.0993424160406,3111.9743424137123
167344029,66,140,3112.184990562033,3119.076194263529
167344029,66,140,3119.2451757448725,3124.2405345398
167344029,66,140,3124.272941946984,3126.4257197240368
167344029,67,141,3126.6363678723574,3133.1132197217084
167344029,67,141,3133.323867870029,3140.2497937935404
167344029,67,142,3140.460441941861,3147.703497495037
167344029,67,142,3147.91413406888,3154.395615548361
167439141,5,17,1437.97971276287,1450.1880460991524
167439141,5,18,1451.563046099618,1464.2713678628206
167670025,11,29,1596.7713100183755,1609.6879766830243
167670025,11,30,1610.7921433495358,1623.875465106219
167670025,38,83,2333.854319276754,2346.3334859414026
167670025,38,84,2347.2987637189217,2360.5487521416508
167796747,61,129,2962.7938563008797,2969.3332081544213
167796747,61,129,2969.543856302742,2975.1966225081123
167796747,61,130,2975.407270656433,2982.1896780659445
167796747,61,130,2982.400326214265,2988.2244002898224
167796747,62,131,2988.435048438143,2994.881807698868
167796747,62,131,2995.092455847189,3000.9234627927653
167796747,62,132,3001.134110941086,3007.53457390517
167796747,62,132,3007.7452220534906,3014.152629461605
167796747,63,133,3014.3632776099257,3021.187351684552
167796747,63,133,3021.3979998328723,3027.3910438148305
167796747,63,134,3027.601691963151,3034.0901178894565
167796747,63,134,3034.300766037777,3040.8979882597923
167796747,64,135,3041.108636408113,3048.1132544633
167796747,64,135,3048.3239026116207,3054.752143351827
167796747,64,135,3054.754458166659,3055.078532240819
167796747,64,136,3055.289180388674,3062.21742112888
167796747,64,136,3062.428069277201,3068.029921127949
167796747,65,137,3068.7336248317733,3075.9674095525406
167796747,65,137,3076.178057700861,3083.47435399564
167796747,65,138,3083.685002143495,3087.4674095502123
167796747,65,138,3087.4697243650444,3090.252131771762
167796747,65,138,3090.462779919617,3096.58777991822
167796747,66,139,3097.6687868623994,3104.88869426772
167796747,66,139,3105.0993424160406,3111.9743424137123
167796747,66,140,3112.184990562033,3119.076194263529
167796747,66,140,3119.2451757448725,3124.2405345398
167796747,66,140,3124.272941946984,3126.4257197240368
167796747,67,141,3126.6363678723574,3133.1132197217084
167796747,67,141,3133.323867870029,3140.2497937935404
167796747,67,142,3140.460441941861,3147.703497495037
167796747,67,142,3147.91413406888,3154.395615548361
167815117,6,19,1468.2713678642176,1477.0213678670116
167815117,6,20,1478.1047012005,1490.0421896306798
167815117,7,21,1491.625522964634,1503.0213563013822
167815117,7,22,1504.7088563023135,1516.0838447315618
167815117,10,27,1569.4379882598296,1581.771321593318
167815117,10,28,1582.771321593318,1595.667143351864
167815117,11,29,1596.7713100183755,1609.6879766830243
167815117,11,30,1610.7921433495358,1623.875465106219
167815117,31,69,2144.514134055469,2157.451622482855
167815117,31,70,2158.861344705336,2169.944678040687
167815117,33,73,2201.729388698004,2213.86132157268
167815117,33,74,2215.430766017642,2227.5696549103595
167815117,34,75,2228.750210466329,2240.902976674028
167815117,34,76,2241.9863100075163,2254.062698900234
167815117,63,133,3014.3632776099257,3021.187351684552
167815117,63,133,3021.3979998328723,3027.3910438148305
167815117,63,134,3027.601691963151,3034.0901178894565
167815117,63,134,3034.300766037777,3040.8979882597923
167815117,66,139,3097.6687868623994,3104.88869426772
167815117,66,139,3105.0993424160406,3111.9743424137123
167815117,66,140,3112.184990562033,3119.076194263529
167815117,66,140,3119.2451757448725,3124.2405345398
167815117,66,140,3124.272941946984,3126.4257197240368
167891320,27,61,2036.2780692591327,2048.125279903412
167891320,27,62,2049.1530576804653,2060.6391687882133
167891320,28,63,2061.847502121236,2073.958601654973
167891320,28,64,2075.1530460990034,2087.0974905407056
167891320,29,65,2088.2363794292323,2101.375256741885
167891320,29,66,2102.326645630412,2114.430812295992
167891320,30,67,2115.882201184518,2129.139134054538
167891320,30,68,2130.208578499034,2143.222467388492
167891320,31,69,2144.514134055469,2157.451622482855
167891320,31,70,2158.861344705336,2169.944678040687
167891320,32,71,2174.222455819603,2185.9377220263705
167891320,32,72,2186.9446664713323,2200.2293886975385
167891320,33,73,2201.729388698004,2213.86132157268
167891320,33,74,2215.430766017642,2227.5696549103595
167891320,34,75,2228.750210466329,2240.902976674028
167891320,34,76,2241.9863100075163,2254.062698900234
167891320,36,79,2280.902965109796,2292.8543424261734
167891320,36,80,2293.7918424261734,2305.9862868711352
167891320,37,81,2307.2362868711352,2319.0279419636354
167891320,37,82,2320.222386407666,2332.576553073246
167891320,38,83,2333.854319276754,2346.3334859414026
167891320,38,84,2347.2987637189217,2360.5487521416508
167891320,39,85,2361.770974363666,2374.8543076934293
167891320,39,86,2375.86125213746,2389.715407225769
167891320,61,129,2962.7938563008797,2969.3332081544213
167891320,61,129,2969.543856302742,2975.1966225081123
167891320,61,130,2975.407270656433,2982.1896780659445
167891320,61,130,2982.400326214265,2988.2244002898224
167891320,62,131,2988.435048438143,2994.881807698868
167891320,62,131,2995.092455847189,3000.9234627927653
167891320,62,132,3001.134110941086,3007.53457390517
167891320,62,132,3007.7452220534906,3014.152629461605
167891320,63,133,3014.3632776099257,3021.187351684552
167891320,63,133,3021.3979998328723,3027.3910438148305
167891320,63,134,3027.601691963151,3034.0901178894565
167891320,63,134,3034.300766037777,3040.8979882597923
167891320,64,135,3041.108636408113,3048.1132544633
167891320,64,135,3048.3239026116207,3054.752143351827
167891320,64,135,3054.754458166659,3055.078532240819
167891320,64,136,3055.289180388674,3062.21742112888
167891320,64,136,3062.428069277201,3068.029921127949
167891320,65,137,3068.7336248317733,3075.9674095525406
167891320,65,137,3076.178057700861,3083.47435399564
167891320,65,138,3083.685002143495,3087.4674095502123
167891320,65,138,3087.4697243650444,3090.252131771762
167891320,65,138,3090.462779919617,3096.58777991822
167891320,66,139,3097.6687868623994,3104.88869426772
167891320,66,139,3105.0993424160406,3111.9743424137123
167891320,66,140,3112.184990562033,3119.076194263529
167891320,66,140,3119.2451757448725,3124.2405345398
167891320,66,140,3124.272941946984,3126.4257197240368
167891320,67,141,3126.6363678723574,3133.1132197217084
167891320,67,141,3133.323867870029,3140.2497937935404
167891320,67,142,3140.460441941861,3147.703497495037
167891320,67,142,3147.91413406888,3154.395615548361
167892392,61,129,2962.7938563008797,2969.3332081544213
167892392,61,129,2969.543856302742,2975.1966225081123
167892392,61,130,2975.407270656433,2982.1896780659445
167892392,61,130,2982.400326214265,2988.2244002898224
167892392,62,131,2988.435048438143,2994.881807698868
167892392,62,131,2995.092455847189,3000.9234627927653
167892392,62,132,3001.134110941086,3007.53457390517
167892392,62,132,3007.7452220534906,3014.152629461605
167892392,63,133,3014.3632776099257,3021.187351684552
167892392,63,133,3021.3979998328723,3027.3910438148305
167892392,63,134,3027.601691963151,3034.0901178894565
167892392,63,134,3034.300766037777,3040.8979882597923
167892392,65,137,3068.7336248317733,3075.9674095525406
167892392,65,137,3076.178057700861,3083.47435399564
167892392,65,138,3083.685002143495,3087.4674095502123
167892392,65,138,3087.4697243650444,3090.252131771762
167892392,65,138,3090.462779919617,3096.58777991822
167892392,66,139,3097.6687868623994,3104.88869426772
167892392,66,139,3105.0993424160406,3111.9743424137123
167892392,66,140,3112.184990562033,3119.076194263529
167892392,66,140,3119.2451757448725,3124.2405345398
167892392,66,140,3124.272941946984,3126.4257197240368
167892392,67,141,3126.6363678723574,3133.1132197217084
167892392,67,141,3133.323867870029,3140.2497937935404
167892392,67,142,3140.460441941861,3147.703497495037
167892392,67,142,3147.91413406888,3154.395615548361
168511614,11,29,1596.7713100183755,1609.6879766830243
168511614,11,30,1610.7921433495358,1623.875465106219
168511614,64,135,3041.108636408113,3048.1132544633
168511614,64,135,3048.3239026116207,3054.752143351827
168511614,64,135,3054.754458166659,3055.078532240819
168511614,64,136,3055.289180388674,3062.21742112888
168511614,64,136,3062.428069277201,3068.029921127949
169286118,29,65,2088.2363794292323,2101.375256741885
169286118,29,66,2102.326645630412,2114.430812295992
169475779,11,29,1596.7713100183755,1609.6879766830243
169475779,11,30,1610.7921433495358,1623.875465106219
169475779,37,81,2307.2362868711352,2319.0279419636354
169475779,37,82,2320.222386407666,2332.576553073246
169475779,38,83,2333.854319276754,2346.3334859414026
169475779,38,84,2347.2987637189217,2360.5487521416508
169532460,5,17,1437.97971276287,1450.1880460991524
169532460,5,18,1451.563046099618,1464.2713678628206
169532460,32,71,2174.222455819603,2185.9377220263705
169532460,32,72,2186.9446664713323,2200.2293886975385
170160263,61,129,2962.7938563008797,2969.3332081544213
170160263,61,129,2969.543856302742,2975.1966225081123
170160263,61,130,2975.407270656433,2982.1896780659445
170160263,61,130,2982.400326214265,2988.2244002898224
170222826,61,129,2962.7938563008797,2969.3332081544213
170222826,61,129,2969.543856302742,2975.1966225081123
170222826,61,130,2975.407270656433,2982.1896780659445
170222826,61,130,2982.400326214265,2988.2244002898224
170277600,61,129,2962.7938563008797,2969.3332081544213
170277600,61,129,2969.543856302742,2975.1966225081123
170277600,61,130,2975.407270656433,2982.1896780659445
170277600,61,130,2982.400326214265,2988.2244002898224
170277704,61,129,2962.7938563008797,2969.3332081544213
170277704,61,129,2969.543856302742,2975.1966225081123
170277704,61,130,2975.407270656433,2982.1896780659445
170277704,61,130,2982.400326214265,2988.2244002898224
170324620,64,135,3041.108636408113,3048.1132544633
170324620,64,135,3048.3239026116207,3054.752143351827
170324620,64,135,3054.754458166659,3055.078532240819
170324620,64,136,3055.289180388674,3062.21742112888
170324620,64,136,3062.428069277201,3068.029921127949
170362590,61,129,2962.7938563008797,2969.3332081544213
170362590,61,129,2969.543856302742,2975.1966225081123
170362590,61,130,2975.407270656433,2982.1896780659445
170362590,61,130,2982.400326214265,2988.2244002898224
170364940,61,129,2962.7938563008797,2969.3332081544213
170364940,61,129,2969.543856302742,2975.1966225081123
170364940,61,130,2975.407270656433,2982.1896780659445
170364940,61,130,2982.400326214265,2988.2244002898224
170365121,61,129,2962.7938563008797,2969.3332081544213
170365121,61,129,2969.543856302742,2975.1966225081123
170365121,61,130,2975.407270656433,2982.1896780659445
170365121,61,130,2982.400326214265,2988.2244002898224
170367425,61,129,2962.7938563008797,2969.3332081544213
170367425,61,129,2969.543856302742,2975.1966225081123
170367425,61,130,2975.407270656433,2982.1896780659445
170367425,61,130,2982.400326214265,2988.2244002898224
170403073,61,129,2962.7938563008797,2969.3332081544213
170403073,61,129,2969.543856302742,2975.1966225081123
170403073,61,130,2975.407270656433,2982.1896780659445
170403073,61,130,2982.400326214265,2988.2244002898224
170671853,4,15,1410.917224333156,1413.2505576666445
170671853,4,15,1413.2713909996671,1418.4797243336216
170671853,4,15,1421.2297243340872,1423.5005576675758
170671853,4,16,1424.5630576680414,1436.833879429381
170671853,5,17,1437.97971276287,1450.1880460991524
170671853,5,18,1451.563046099618,1464.2713678628206
170671853,31,69,2144.514134055469,2157.451622482855
170671853,31,70,2158.861344705336,2169.944678040687
170671853,32,71,2174.222455819603,2185.9377220263705
170671853,32,72,2186.9446664713323,2200.2293886975385
170673573,4,15,1410.917224333156,1413.2505576666445
170673573,4,15,1413.2713909996671,1418.4797243336216
170673573,4,15,1421.2297243340872,1423.5005576675758
170673573,4,16,1424.5630576680414,1436.833879429381
170673573,5,17,1437.97971276287,1450.1880460991524
170673573,5,18,1451.563046099618,1464.2713678628206
170673573,31,69,2144.514134055469,2157.451622482855
170673573,31,70,2158.861344705336,2169.944678040687
170673573,32,71,2174.222455819603,2185.9377220263705
170673573,32,72,2186.9446664713323,2200.2293886975385
170674625,31,69,2144.514134055469,2157.451622482855
170674625,31,70,2158.861344705336,2169.944678040687
170674625,32,71,2174.222455819603,2185.9377220263705
170674625,32,72,2186.9446664713323,2200.2293886975385
170698265,4,15,1410.917224333156,1413.2505576666445
170698265,4,15,1413.2713909996671,1418.4797243336216
170698265,4,15,1421.2297243340872,1423.5005576675758
170698265,4,16,1424.5630576680414,1436.833879429381
170698265,31,69,2144.514134055469,2157.451622482855
170698265,31,70,2158.861344705336,2169.944678040687
170698265,32,71,2174.222455819603,2185.9377220263705
170698265,32,72,2186.9446664713323,2200.2293886975385
170699229,5,17,1437.97971276287,1450.1880460991524
170699229,5,18,1451.563046099618,1464.2713678628206
170699229,31,69,2144.514134055469,2157.451622482855
170699229,31,70,2158.861344705336,2169.944678040687
170699229,32,71,2174.222455819603,2185.9377220263705
170699229,32,72,2186.9446664713323,2200.2293886975385
170766490,4,15,1410.917224333156,1413.2505576666445
170766490,4,15,1413.2713909996671,1418.4797243336216
170766490,4,15,1421.2297243340872,1423.5005576675758
170766490,4,16,1424.5630576680414,1436.833879429381
170766490,5,17,1437.97971276287,1450.1880460991524
170766490,5,18,1451.563046099618,1464.2713678628206
170766490,31,69,2144.514134055469,2157.451622482855
170766490,31,70,2158.861344705336,2169.944678040687
170766490,32,71,2174.222455819603,2185.9377220263705
170766490,32,72,2186.9446664713323,2200.2293886975385
170867166,32,71,2174.222455819603,2185.9377220263705
170867166,32,72,2186.9446664713323,2200.2293886975385
170986304,12,31,1624.958798439242,1638.9796317690052
170986304,12,32,1640.0421317685395,1652.875453523826
171088770,43,93,2474.166761370376,2486.1250831289217
171088770,43,94,2487.180638684425,2498.888972017914
171088770,44,95,2500.1875831289217,2511.7223053518683
171088770,44,96,2513.2014604443684,2519.4167382232845
171088770,44,96,2519.4236826677807,2524.4375715572387
172255639,6,19,1468.2713678642176,1477.0213678670116
172255639,6,20,1478.1047012005,1490.0421896306798
172255639,7,21,1491.625522964634,1503.0213563013822
172255639,7,22,1504.7088563023135,1516.0838447315618
172255639,33,73,2201.729388698004,2213.86132157268
172255639,33,74,2215.430766017642,2227.5696549103595
172608996,12,31,1624.958798439242,1638.9796317690052
172608996,12,32,1640.0421317685395,1652.875453523826
172608996,65,137,3068.7336248317733,3075.9674095525406
172608996,65,137,3076.178057700861,3083.47435399564
172608996,65,138,3083.685002143495,3087.4674095502123
172608996,65,138,3087.4697243650444,3090.252131771762
172608996,65,138,3090.462779919617,3096.58777991822
172615355,12,31,1624.958798439242,1638.9796317690052
172615355,12,32,1640.0421317685395,1652.875453523826
173871956,12,31,1624.958798439242,1638.9796317690052
173871956,12,32,1640.0421317685395,1652.875453523826
175081065,34,75,2228.750210466329,2240.902976674028
175081065,34,76,2241.9863100075163,2254.062698900234
175177533,7,21,1491.625522964634,1503.0213563013822
175177533,7,22,1504.7088563023135,1516.0838447315618
175177533,8,23,1517.354678065516,1529.0630114017986
175177533,8,24,1530.2713447352871,1531.7296780692411
175177533,8,24,1535.0005114031956,1542.0004998305812
175177533,34,75,2228.750210466329,2240.902976674028
175177533,34,76,2241.9863100075163,2254.062698900234
175177533,61,129,2962.7938563008797,2969.3332081544213
175177533,61,129,2969.543856302742,2975.1966225081123
175177533,61,130,2975.407270656433,2982.1896780659445
175177533,61,130,2982.400326214265,2988.2244002898224
175182771,34,75,2228.750210466329,2240.902976674028
175182771,34,76,2241.9863100075163,2254.062698900234
175183709,8,23,1517.354678065516,1529.0630114017986
175183709,8,24,1530.2713447352871,1531.7296780692411
175183709,8,24,1535.0005114031956,1542.0004998305812
175385241,35,77,2254.9863100117072,2266.1043539959937
175385241,35,77,2266.3751873290166,2267.146020662505
175385241,35,78,2268.583520662971,2279.979353998322
175491080,3,13,1381.7089025736786,1382.5214025736786
175491080,3,13,1382.6047359071672,1383.62556924019
175491080,3,13,1383.6672359071672,1384.2714025736786
175491080,3,13,1384.31306924019,1385.87556924019
175491080,3,13,1385.93806924019,1395.4380692397244
175491080,3,13,1395.583902573213,1396.458902573213
175491080,3,13,1396.5005692397244,1396.5630692397244
175491080,3,14,1396.646402573213,1409.3755576661788
175491080,4,15,1410.917224333156,1413.2505576666445
175491080,4,15,1413.2713909996671,1418.4797243336216
175491080,4,15,1421.2297243340872,1423.5005576675758
175491080,4,16,1424.5630576680414,1436.833879429381
175491080,30,67,2115.882201184518,2129.139134054538
175491080,30,68,2130.208578499034,2143.222467388492
175491080,31,69,2144.514134055469,2157.451622482855
175491080,31,70,2158.861344705336,2169.944678040687
175493040,31,69,2144.514134055469,2157.451622482855
175493040,31,70,2158.861344705336,2169.944678040687
175526653,7,21,1491.625522964634,1503.0213563013822
175526653,7,22,1504.7088563023135,1516.0838447315618
175526653,8,23,1517.354678065516,1529.0630114017986
175526653,8,24,1530.2713447352871,1531.7296780692411
175526653,8,24,1535.0005114031956,1542.0004998305812
175526653,34,75,2228.750210466329,2240.902976674028
175526653,34,76,2241.9863100075163,2254.062698900234
176463845,12,31,1624.958798439242,1638.9796317690052
176463845,12,32,1640.0421317685395,1652.875453523826
176463845,65,137,3068.7336248317733,3075.9674095525406
176463845,65,137,3076.178057700861,3083.47435399564
176463845,65,138,3083.685002143495,3087.4674095502123
176463845,65,138,3087.4697243650444,3090.252131771762
176463845,65,138,3090.462779919617,3096.58777991822
176873028,1,9,1325.3130924007855,1338.5214257300831
176873028,1,10,1339.6672474890947,1353.167247485835
176873028,2,11,1354.1047474853694,1367.1464141495526
176873028,2,12,1368.6047359085642,1381.5005692406558
176873028,3,13,1381.7089025736786,1382.5214025736786
176873028,3,13,1382.6047359071672,1383.62556924019
176873028,3,13,1383.6672359071672,1384.2714025736786
176873028,3,13,1384.31306924019,1385.87556924019
176873028,3,13,1385.93806924019,1395.4380692397244
176873028,3,13,1395.583902573213,1396.458902573213
176873028,3,13,1396.5005692397244,1396.5630692397244
176873028,3,14,1396.646402573213,1409.3755576661788
176873028,4,15,1410.917224333156,1413.2505576666445
176873028,4,15,1413.2713909996671,1418.4797243336216
176873028,4,15,1421.2297243340872,1423.5005576675758
176873028,4,16,1424.5630576680414,1436.833879429381
176873028,6,19,1468.2713678642176,1477.0213678670116
176873028,6,20,1478.1047012005,1490.0421896306798
176873028,9,25,1543.2296664975584,1555.542166499421
176873028,9,26,1556.729666499421,1568.458821593318
176873028,10,27,1569.4379882598296,1581.771321593318
176873028,10,28,1582.771321593318,1595.667143351864
176873028,12,31,1624.958798439242,1638.9796317690052
176873028,12,32,1640.0421317685395,1652.875453523826
176873028,13,33,1653.9171201903373,1667.6879535191692
176873028,13,34,1668.6254535187036,1682.3546086070128
176873028,27,61,2036.2780692591327,2048.125279903412
176873028,27,62,2049.1530576804653,2060.6391687882133
176873028,28,63,2061.847502121236,2073.958601654973
176873028,28,64,2075.1530460990034,2087.0974905407056
176873028,29,65,2088.2363794292323,2101.375256741885
176873028,29,66,2102.326645630412,2114.430812295992
176873028,30,67,2115.882201184518,2129.139134054538
176873028,30,68,2130.208578499034,2143.222467388492
176873028,31,69,2144.514134055469,2157.451622482855
176873028,31,70,2158.861344705336,2169.944678040687
176873028,32,71,2174.222455819603,2185.9377220263705
176873028,32,72,2186.9446664713323,2200.2293886975385
176873028,33,73,2201.729388698004,2213.86132157268
176873028,33,74,2215.430766017642,2227.5696549103595
176873028,34,75,2228.750210466329,2240.902976674028
176873028,34,76,2241.9863100075163,2254.062698900234
176873028,35,77,2254.9863100117072,2266.1043539959937
176873028,35,77,2266.3751873290166,2267.146020662505
176873028,35,78,2268.583520662971,2279.979353998322
176873028,36,79,2280.902965109796,2292.8543424261734
176873028,36,80,2293.7918424261734,2305.9862868711352
176873028,37,81,2307.2362868711352,2319.0279419636354
176873028,37,82,2320.222386407666,2332.576553073246
176873028,38,83,2333.854319276754,2346.3334859414026
176873028,38,84,2347.2987637189217,2360.5487521416508
176873028,39,85,2361.770974363666,2374.8543076934293
176873028,39,86,2375.86125213746,2389.715407225769
176980970,1,9,1325.3130924007855,1338.5214257300831
176980970,1,10,1339.6672474890947,1353.167247485835
176980970,2,11,1354.1047474853694,1367.1464141495526
176980970,2,12,1368.6047359085642,1381.5005692406558
176980970,5,17,1437.97971276287,1450.1880460991524
176980970,5,18,1451.563046099618,1464.2713678628206
176980970,6,19,1468.2713678642176,1477.0213678670116
176980970,6,20,1478.1047012005,1490.0421896306798
176980970,7,21,1491.625522964634,1503.0213563013822
176980970,7,22,1504.7088563023135,1516.0838447315618
176980970,8,23,1517.354678065516,1529.0630114017986
176980970,8,24,1530.2713447352871,1531.7296780692411
176980970,8,24,1535.0005114031956,1542.0004998305812
176980970,9,25,1543.2296664975584,1555.542166499421
176980970,9,26,1556.729666499421,1568.458821593318
176980970,10,27,1569.4379882598296,1581.771321593318
176980970,10,28,1582.771321593318,1595.667143351864
176980970,12,31,1624.958798439242,1638.9796317690052
176980970,12,32,1640.0421317685395,1652.875453523826
176980970,13,33,1653.9171201903373,1667.6879535191692
176980970,13,34,1668.6254535187036,1682.3546086070128
176980970,29,65,2088.2363794292323,2101.375256741885
176980970,29,66,2102.326645630412,2114.430812295992
176980970,30,67,2115.882201184518,2129.139134054538
176980970,30,68,2130.208578499034,2143.222467388492
176980970,31,69,2144.514134055469,2157.451622482855
176980970,31,70,2158.861344705336,2169.944678040687
176980970,34,75,2228.750210466329,2240.902976674028
176980970,34,76,2241.9863100075163,2254.062698900234
176980970,36,79,2280.902965109796,2292.8543424261734
176980970,36,80,2293.7918424261734,2305.9862868711352
176980970,39,85,2361.770974363666,2374.8543076934293
176980970,39,86,2375.86125213746,2389.715407225769
176980970,61,129,2962.7938563008797,2969.3332081544213
176980970,61,129,2969.543856302742,2975.1966225081123
176980970,61,130,2975.407270656433,2982.1896780659445
176980970,61,130,2982.400326214265,2988.2244002898224
176980970,63,133,3014.3632776099257,3021.187351684552
176980970,63,133,3021.3979998328723,3027.3910438148305
176980970,63,134,3027.601691963151,3034.0901178894565
176980970,63,134,3034.300766037777,3040.8979882597923
176980970,64,135,3041.108636408113,3048.1132544633
176980970,64,135,3048.3239026116207,3054.752143351827
176980970,64,135,3054.754458166659,3055.078532240819
176980970,64,136,3055.289180388674,3062.21742112888
176980970,64,136,3062.428069277201,3068.029921127949
176980970,65,137,3068.7336248317733,3075.9674095525406
176980970,65,137,3076.178057700861,3083.47435399564
176980970,65,138,3083.685002143495,3087.4674095502123
176980970,65,138,3087.4697243650444,3090.252131771762
176980970,65,138,3090.462779919617,3096.58777991822
176980970,66,139,3097.6687868623994,3104.88869426772
176980970,66,139,3105.0993424160406,3111.9743424137123
176980970,66,140,3112.184990562033,3119.076194263529
176980970,66,140,3119.2451757448725,3124.2405345398
176980970,66,140,3124.272941946984,3126.4257197240368
177078973,3,13,1381.7089025736786,1382.5214025736786
177078973,3,13,1382.6047359071672,1383.62556924019
177078973,3,13,1383.6672359071672,1384.2714025736786
177078973,3,13,1384.31306924019,1385.87556924019
177078973,3,13,1385.93806924019,1395.4380692397244
177078973,3,13,1395.583902573213,1396.458902573213
177078973,3,13,1396.5005692397244,1396.5630692397244
177078973,3,14,1396.646402573213,1409.3755576661788
177078973,4,15,1410.917224333156,1413.2505576666445
177078973,4,15,1413.2713909996671,1418.4797243336216
177078973,4,15,1421.2297243340872,1423.5005576675758
177078973,4,16,1424.5630576680414,1436.833879429381
177078973,5,17,1437.97971276287,1450.1880460991524
177078973,5,18,1451.563046099618,1464.2713678628206
177078973,6,19,1468.2713678642176,1477.0213678670116
177078973,6,20,1478.1047012005,1490.0421896306798
177078973,7,21,1491.625522964634,1503.0213563013822
177078973,7,22,1504.7088563023135,1516.0838447315618
177078973,8,23,1517.354678065516,1529.0630114017986
177078973,8,24,1530.2713447352871,1531.7296780692411
177078973,8,24,1535.0005114031956,1542.0004998305812
177078973,9,25,1543.2296664975584,1555.542166499421
177078973,9,26,1556.729666499421,1568.458821593318
177078973,11,29,1596.7713100183755,1609.6879766830243
177078973,11,30,1610.7921433495358,1623.875465106219
177078973,12,31,1624.958798439242,1638.9796317690052
177078973,12,32,1640.0421317685395,1652.875453523826
177078973,13,33,1653.9171201903373,1667.6879535191692
177078973,13,34,1668.6254535187036,1682.3546086070128
177115978,1,9,1325.3130924007855,1338.5214257300831
177115978,1,10,1339.6672474890947,1353.167247485835
177115978,3,13,1381.7089025736786,1382.5214025736786
177115978,3,13,1382.6047359071672,1383.62556924019
177115978,3,13,1383.6672359071672,1384.2714025736786
177115978,3,13,1384.31306924019,1385.87556924019
177115978,3,13,1385.93806924019,1395.4380692397244
177115978,3,13,1395.583902573213,1396.458902573213
177115978,3,13,1396.5005692397244,1396.5630692397244
177115978,3,14,1396.646402573213,1409.3755576661788
177115978,9,25,1543.2296664975584,1555.542166499421
177115978,9,26,1556.729666499421,1568.458821593318
177115978,13,33,1653.9171201903373,1667.6879535191692
177115978,13,34,1668.6254535187036,1682.3546086070128
177115978,31,69,2144.514134055469,2157.451622482855
177115978,31,70,2158.861344705336,2169.944678040687
177115978,32,71,2174.222455819603,2185.9377220263705
177115978,32,72,2186.9446664713323,2200.2293886975385
177115978,34,75,2228.750210466329,2240.902976674028
177115978,34,76,2241.9863100075163,2254.062698900234
177115978,35,77,2254.9863100117072,2266.1043539959937
177115978,35,77,2266.3751873290166,2267.146020662505
177115978,35,78,2268.583520662971,2279.979353998322
177115978,38,83,2333.854319276754,2346.3334859414026
177115978,38,84,2347.2987637189217,2360.5487521416508
177115978,39,85,2361.770974363666,2374.8543076934293
177115978,39,86,2375.86125213746,2389.715407225769
178108104,18,43,1790.6670622974634,1791.1045622974634
178108104,18,43,1791.375395630952,1802.4378956332805
178108104,18,44,1803.4587289667688,1815.0212173955515
178286446,31,69,2144.514134055469,2157.451622482855
178286446,31,70,2158.861344705336,2169.944678040687
178725301,10,27,1569.4379882598296,1581.771321593318
178725301,10,28,1582.771321593318,1595.667143351864
178725301,37,81,2307.2362868711352,2319.0279419636354
178725301,37,82,2320.222386407666,2332.576553073246
178857861,5,17,1437.97971276287,1450.1880460991524
178857861,5,18,1451.563046099618,1464.2713678628206
178857861,31,69,2144.514134055469,2157.451622482855
178857861,31,70,2158.861344705336,2169.944678040687
178857861,32,71,2174.222455819603,2185.9377220263705
178857861,32,72,2186.9446664713323,2200.2293886975385
178969585,5,17,1437.97971276287,1450.1880460991524
178969585,5,18,1451.563046099618,1464.2713678628206
178969585,32,71,2174.222455819603,2185.9377220263705
178969585,32,72,2186.9446664713323,2200.2293886975385
179051609,12,31,1624.958798439242,1638.9796317690052
179051609,12,32,1640.0421317685395,1652.875453523826
179051609,38,83,2333.854319276754,2346.3334859414026
179051609,38,84,2347.2987637189217,2360.5487521416508
179051609,65,137,3068.7336248317733,3075.9674095525406
179051609,65,137,3076.178057700861,3083.47435399564
179051609,65,138,3083.685002143495,3087.4674095502123
179051609,65,138,3087.4697243650444,3090.252131771762
179051609,65,138,3090.462779919617,3096.58777991822
179130687,11,29,1596.7713100183755,1609.6879766830243
179130687,11,30,1610.7921433495358,1623.875465106219
179130687,64,135,3041.108636408113,3048.1132544633
179130687,64,135,3048.3239026116207,3054.752143351827
179130687,64,135,3054.754458166659,3055.078532240819
179130687,64,136,3055.289180388674,3062.21742112888
179130687,64,136,3062.428069277201,3068.029921127949
179234597,4,15,1410.917224333156,1413.2505576666445
179234597,4,15,1413.2713909996671,1418.4797243336216
179234597,4,15,1421.2297243340872,1423.5005576675758
179234597,4,16,1424.5630576680414,1436.833879429381
179234597,7,21,1491.625522964634,1503.0213563013822
179234597,7,22,1504.7088563023135,1516.0838447315618
179234597,28,63,2061.847502121236,2073.958601654973
179234597,28,64,2075.1530460990034,2087.0974905407056
179234597,29,65,2088.2363794292323,2101.375256741885
179234597,29,66,2102.326645630412,2114.430812295992
179234597,32,71,2174.222455819603,2185.9377220263705
179234597,32,72,2186.9446664713323,2200.2293886975385
179234597,33,73,2201.729388698004,2213.86132157268
179234597,33,74,2215.430766017642,2227.5696549103595
179234597,34,75,2228.750210466329,2240.902976674028
179234597,34,76,2241.9863100075163,2254.062698900234
179291515,11,29,1596.7713100183755,1609.6879766830243
179291515,11,30,1610.7921433495358,1623.875465106219
179291515,64,135,3041.108636408113,3048.1132544633
179291515,64,135,3048.3239026116207,3054.752143351827
179291515,64,135,3054.754458166659,3055.078532240819
179291515,64,136,3055.289180388674,3062.21742112888
179291515,64,136,3062.428069277201,3068.029921127949
179315999,1,9,1325.3130924007855,1338.5214257300831
179315999,1,10,1339.6672474890947,1353.167247485835
179315999,2,11,1354.1047474853694,1367.1464141495526
179315999,2,12,1368.6047359085642,1381.5005692406558
179315999,3,13,1381.7089025736786,1382.5214025736786
179315999,3,13,1382.6047359071672,1383.62556924019
179315999,3,13,1383.6672359071672,1384.2714025736786
179315999,3,13,1384.31306924019,1385.87556924019
179315999,3,13,1385.93806924019,1395.4380692397244
179315999,3,13,1395.583902573213,1396.458902573213
179315999,3,13,1396.5005692397244,1396.5630692397244
179315999,3,14,1396.646402573213,1409.3755576661788
179315999,5,17,1437.97971276287,1450.1880460991524
179315999,5,18,1451.563046099618,1464.2713678628206
179315999,6,19,1468.2713678642176,1477.0213678670116
179315999,6,20,1478.1047012005,1490.0421896306798
179315999,7,21,1491.625522964634,1503.0213563013822
179315999,7,22,1504.7088563023135,1516.0838447315618
179315999,9,25,1543.2296664975584,1555.542166499421
179315999,9,26,1556.729666499421,1568.458821593318
179315999,10,27,1569.4379882598296,1581.771321593318
179315999,10,28,1582.771321593318,1595.667143351864
179315999,12,31,1624.958798439242,1638.9796317690052
179315999,12,32,1640.0421317685395,1652.875453523826
179315999,30,67,2115.882201184518,2129.139134054538
179315999,30,68,2130.208578499034,2143.222467388492
179315999,31,69,2144.514134055469,2157.451622482855
179315999,31,70,2158.861344705336,2169.944678040687
179315999,33,73,2201.729388698004,2213.86132157268
179315999,33,74,2215.430766017642,2227.5696549103595
179315999,35,77,2254.9863100117072,2266.1043539959937
179315999,35,77,2266.3751873290166,2267.146020662505
179315999,35,78,2268.583520662971,2279.979353998322
179315999,39,85,2361.770974363666,2374.8543076934293
179315999,39,86,2375.86125213746,2389.715407225769
179367270,38,83,2333.854319276754,2346.3334859414026
179367270,38,84,2347.2987637189217,2360.5487521416508
179410793,11,29,1596.7713100183755,1609.6879766830243
179410793,11,30,1610.7921433495358,1623.875465106219
179413040,11,29,1596.7713100183755,1609.6879766830243
179413040,11,30,1610.7921433495358,1623.875465106219
179413040,65,137,3068.7336248317733,3075.9674095525406
179413040,65,137,3076.178057700861,3083.47435399564
179413040,65,138,3083.685002143495,3087.4674095502123
179413040,65,138,3087.4697243650444,3090.252131771762
179413040,65,138,3090.462779919617,3096.58777991822
179556239,11,29,1596.7713100183755,1609.6879766830243
179556239,11,30,1610.7921433495358,1623.875465106219
179556239,64,135,3041.108636408113,3048.1132544633
179556239,64,135,3048.3239026116207,3054.752143351827
179556239,64,135,3054.754458166659,3055.078532240819
179556239,64,136,3055.289180388674,3062.21742112888
179556239,64,136,3062.428069277201,3068.029921127949
179556239,65,137,3068.7336248317733,3075.9674095525406
179556239,65,137,3076.178057700861,3083.47435399564
179556239,65,138,3083.685002143495,3087.4674095502123
179556239,65,138,3087.4697243650444,3090.252131771762
179556239,65,138,3090.462779919617,3096.58777991822
179622269,12,31,1624.958798439242,1638.9796317690052
179622269,12,32,1640.0421317685395,1652.875453523826
179622269,38,83,2333.854319276754,2346.3334859414026
179622269,38,84,2347.2987637189217,2360.5487521416508
179622269,65,137,3068.7336248317733,3075.9674095525406
179622269,65,137,3076.178057700861,3083.47435399564
179622269,65,138,3083.685002143495,3087.4674095502123
179622269,65,138,3087.4697243650444,3090.252131771762
179622269,65,138,3090.462779919617,3096.58777991822
179715817,11,29,1596.7713100183755,1609.6879766830243
179715817,11,30,1610.7921433495358,1623.875465106219
181358989,62,131,2988.435048438143,2994.881807698868
181358989,62,131,2995.092455847189,3000.9234627927653
181358989,62,132,3001.134110941086,3007.53457390517
181358989,62,132,3007.7452220534906,3014.152629461605
183533586,29,65,2088.2363794292323,2101.375256741885
183533586,29,66,2102.326645630412,2114.430812295992
185343763,56,119,2825.252247483935,2831.724469705019
185343763,56,119,2831.93511785334,2838.513821555767
185343763,56,120,2838.724469704088,2845.87723590713
185343763,56,120,2846.0855692406185,2853.1388099808246
186616851,58,123,2882.323983593378,2889.4235206316225
186616851,58,123,2889.634168779477,2896.0554535030387
186616851,58,124,2896.26610165136,2903.38415720826
186616851,58,124,2903.5948053565808,2910.048509061802
186619918,58,123,2882.323983593378,2889.4235206316225
186619918,58,123,2889.634168779477,2896.0554535030387
186619918,58,124,2896.26610165136,2903.38415720826
186619918,58,124,2903.5948053565808,2910.048509061802
187172355,59,125,2910.259157210123,2916.742953508161
187172355,59,125,2916.9536016564816,2917.7707312861457
187172355,59,125,2917.77536091581,2923.347108602524
187172355,59,126,2923.5577567508444,2930.277664160356
187172355,59,126,2930.4883123086765,2936.6873863846995
187529066,59,125,2910.259157210123,2916.742953508161
187529066,59,125,2916.9536016564816,2917.7707312861457
187529066,59,125,2917.77536091581,2923.347108602524
187529066,59,126,2923.5577567508444,2930.277664160356
187529066,59,126,2930.4883123086765,2936.6873863846995
187936071,56,119,2825.252247483935,2831.724469705019
187936071,56,119,2831.93511785334,2838.513821555767
187936071,56,120,2838.724469704088,2845.87723590713
187936071,56,120,2846.0855692406185,2853.1388099808246
188555157,56,119,2825.252247483935,2831.724469705019
188555157,56,119,2831.93511785334,2838.513821555767
188555157,56,120,2838.724469704088,2845.87723590713
188555157,56,120,2846.0855692406185,2853.1388099808246
188969240,5,17,1437.97971276287,1450.1880460991524
188969240,5,18,1451.563046099618,1464.2713678628206
188969240,32,71,2174.222455819603,2185.9377220263705
188969240,32,72,2186.9446664713323,2200.2293886975385
188969241,5,17,1437.97971276287,1450.1880460991524
188969241,5,18,1451.563046099618,1464.2713678628206
188969241,32,71,2174.222455819603,2185.9377220263705
188969241,32,72,2186.9446664713323,2200.2293886975385
189421351,12,31,1624.958798439242,1638.9796317690052
189421351,12,32,1640.0421317685395,1652.875453523826
190267332,38,83,2333.854319276754,2346.3334859414026
190267332,38,84,2347.2987637189217,2360.5487521416508
190372855,12,31,1624.958798439242,1638.9796317690052
190372855,12,32,1640.0421317685395,1652.875453523826
190372855,39,85,2361.770974363666,2374.8543076934293
190372855,39,86,2375.86125213746,2389.715407225769
190372855,65,137,3068.7336248317733,3075.9674095525406
190372855,65,137,3076.178057700861,3083.47435399564
190372855,65,138,3083.685002143495,3087.4674095502123
190372855,65,138,3087.4697243650444,3090.252131771762
190372855,65,138,3090.462779919617,3096.58777991822
192653406,58,123,2882.323983593378,2889.4235206316225
192653406,58,123,2889.634168779477,2896.0554535030387
192653406,58,124,2896.26610165136,2903.38415720826
192653406,58,124,2903.5948053565808,2910.048509061802
192835056,58,123,2882.323983593378,2889.4235206316225
192835056,58,123,2889.634168779477,2896.0554535030387
192835056,58,124,2896.26610165136,2903.38415720826
192835056,58,124,2903.5948053565808,2910.048509061802
195926788,56,119,2825.252247483935,2831.724469705019
195926788,56,119,2831.93511785334,2838.513821555767
195926788,56,120,2838.724469704088,2845.87723590713
195926788,56,120,2846.0855692406185,2853.1388099808246
197787320,2,11,1354.1047474853694,1367.1464141495526
197787320,2,12,1368.6047359085642,1381.5005692406558
197787320,3,13,1381.7089025736786,1382.5214025736786
197787320,3,13,1382.6047359071672,1383.62556924019
197787320,3,13,1383.6672359071672,1384.2714025736786
197787320,3,13,1384.31306924019,1385.87556924019
197787320,3,13,1385.93806924019,1395.4380692397244
197787320,3,13,1395.583902573213,1396.458902573213
197787320,3,13,1396.5005692397244,1396.5630692397244
197787320,3,14,1396.646402573213,1409.3755576661788
197787320,4,15,1410.917224333156,1413.2505576666445
197787320,4,15,1413.2713909996671,1418.4797243336216
197787320,4,15,1421.2297243340872,1423.5005576675758
197787320,4,16,1424.5630576680414,1436.833879429381
200340257,4,15,1410.917224333156,1413.2505576666445
200340257,4,15,1413.2713909996671,1418.4797243336216
200340257,4,15,1421.2297243340872,1423.5005576675758
200340257,4,16,1424.5630576680414,1436.833879429381
200340257,31,69,2144.514134055469,2157.451622482855
200340257,31,70,2158.861344705336,2169.944678040687
200368439,5,17,1437.97971276287,1450.1880460991524
200368439,5,18,1451.563046099618,1464.2713678628206
200368439,6,19,1468.2713678642176,1477.0213678670116
200368439,6,20,1478.1047012005,1490.0421896306798
200368439,31,69,2144.514134055469,2157.451622482855
200368439,31,70,2158.861344705336,2169.944678040687
200368439,32,71,2174.222455819603,2185.9377220263705
200368439,32,72,2186.9446664713323,2200.2293886975385
200441011,4,15,1410.917224333156,1413.2505576666445
200441011,4,15,1413.2713909996671,1418.4797243336216
200441011,4,15,1421.2297243340872,1423.5005576675758
200441011,4,16,1424.5630576680414,1436.833879429381
200441011,5,17,1437.97971276287,1450.1880460991524
200441011,5,18,1451.563046099618,1464.2713678628206
200740049,3,13,1381.7089025736786,1382.5214025736786
200740049,3,13,1382.6047359071672,1383.62556924019
200740049,3,13,1383.6672359071672,1384.2714025736786
200740049,3,13,1384.31306924019,1385.87556924019
200740049,3,13,1385.93806924019,1395.4380692397244
200740049,3,13,1395.583902573213,1396.458902573213
200740049,3,13,1396.5005692397244,1396.5630692397244
200740049,3,14,1396.646402573213,1409.3755576661788
200740049,4,15,1410.917224333156,1413.2505576666445
200740049,4,15,1413.2713909996671,1418.4797243336216
200740049,4,15,1421.2297243340872,1423.5005576675758
200740049,4,16,1424.5630576680414,1436.833879429381
200740049,30,67,2115.882201184518,2129.139134054538
200740049,30,68,2130.208578499034,2143.222467388492
200740049,31,69,2144.514134055469,2157.451622482855
200740049,31,70,2158.861344705336,2169.944678040687
200806186,3,13,1381.7089025736786,1382.5214025736786
200806186,3,13,1382.6047359071672,1383.62556924019
200806186,3,13,1383.6672359071672,1384.2714025736786
200806186,3,13,1384.31306924019,1385.87556924019
200806186,3,13,1385.93806924019,1395.4380692397244
200806186,3,13,1395.583902573213,1396.458902573213
200806186,3,13,1396.5005692397244,1396.5630692397244
200806186,3,14,1396.646402573213,1409.3755576661788
200806186,4,15,1410.917224333156,1413.2505576666445
200806186,4,15,1413.2713909996671,1418.4797243336216
200806186,4,15,1421.2297243340872,1423.5005576675758
200806186,4,16,1424.5630576680414,1436.833879429381
200806186,30,67,2115.882201184518,2129.139134054538
200806186,30,68,2130.208578499034,2143.222467388492
200806186,31,69,2144.514134055469,2157.451622482855
200806186,31,70,2158.861344705336,2169.944678040687
200938781,58,123,2882.323983593378,2889.4235206316225
200938781,58,123,2889.634168779477,2896.0554535030387
200938781,58,124,2896.26610165136,2903.38415720826
200938781,58,124,2903.5948053565808,2910.048509061802
201391310,32,71,2174.222455819603,2185.9377220263705
201391310,32,72,2186.9446664713323,2200.2293886975385
201391310,33,73,2201.729388698004,2213.86132157268
201391310,33,74,2215.430766017642,2227.5696549103595
201426753,6,19,1468.2713678642176,1477.0213678670116
201426753,6,20,1478.1047012005,1490.0421896306798
201426753,32,71,2174.222455819603,2185.9377220263705
201426753,32,72,2186.9446664713323,2200.2293886975385
201426753,33,73,2201.729388698004,2213.86132157268
201426753,33,74,2215.430766017642,2227.5696549103595
203008491,58,123,2882.323983593378,2889.4235206316225
203008491,58,123,2889.634168779477,2896.0554535030387
203008491,58,124,2896.26610165136,2903.38415720826
203008491,58,124,2903.5948053565808,2910.048509061802
203287049,44,95,2500.1875831289217,2511.7223053518683
203287049,44,96,2513.2014604443684,2519.4167382232845
203287049,44,96,2519.4236826677807,2524.4375715572387
203287049,46,99,2551.5625599897467,2564.6181039749645
203287049,46,100,2566.0139373089187,2578.7014373131096
205106599,12,31,1624.958798439242,1638.9796317690052
205106599,12,32,1640.0421317685395,1652.875453523826
205106599,39,85,2361.770974363666,2374.8543076934293
205106599,39,86,2375.86125213746,2389.715407225769
206069705,39,85,2361.770974363666,2374.8543076934293
206069705,39,86,2375.86125213746,2389.715407225769
206403004,3,13,1381.7089025736786,1382.5214025736786
206403004,3,13,1382.6047359071672,1383.62556924019
206403004,3,13,1383.6672359071672,1384.2714025736786
206403004,3,13,1384.31306924019,1385.87556924019
206403004,3,13,1385.93806924019,1395.4380692397244
206403004,3,13,1395.583902573213,1396.458902573213
206403004,3,13,1396.5005692397244,1396.5630692397244
206403004,3,14,1396.646402573213,1409.3755576661788
206403004,4,15,1410.917224333156,1413.2505576666445
206403004,4,15,1413.2713909996671,1418.4797243336216
206403004,4,15,1421.2297243340872,1423.5005576675758
206403004,4,16,1424.5630576680414,1436.833879429381
206403004,30,67,2115.882201184518,2129.139134054538
206403004,30,68,2130.208578499034,2143.222467388492
206403004,31,69,2144.514134055469,2157.451622482855
206403004,31,70,2158.861344705336,2169.944678040687
207621404,65,137,3068.7336248317733,3075.9674095525406
207621404,65,137,3076.178057700861,3083.47435399564
207621404,65,138,3083.685002143495,3087.4674095502123
207621404,65,138,3087.4697243650444,3090.252131771762
207621404,65,138,3090.462779919617,3096.58777991822
209241947,38,83,2333.854319276754,2346.3334859414026
209241947,38,84,2347.2987637189217,2360.5487521416508
209291266,11,29,1596.7713100183755,1609.6879766830243
209291266,11,30,1610.7921433495358,1623.875465106219
209291266,38,83,2333.854319276754,2346.3334859414026
209291266,38,84,2347.2987637189217,2360.5487521416508
210541258,12,31,1624.958798439242,1638.9796317690052
210541258,12,32,1640.0421317685395,1652.875453523826
210541258,39,85,2361.770974363666,2374.8543076934293
210541258,39,86,2375.86125213746,2389.715407225769
211237621,12,31,1624.958798439242,1638.9796317690052
211237621,12,32,1640.0421317685395,1652.875453523826
211237627,12,31,1624.958798439242,1638.9796317690052
211237627,12,32,1640.0421317685395,1652.875453523826
211459804,12,31,1624.958798439242,1638.9796317690052
211459804,12,32,1640.0421317685395,1652.875453523826
212201942,12,31,1624.958798439242,1638.9796317690052
212201942,12,32,1640.0421317685395,1652.875453523826
212201942,39,85,2361.770974363666,2374.8543076934293
212201942,39,86,2375.86125213746,2389.715407225769
212461524,12,31,1624.958798439242,1638.9796317690052
212461524,12,32,1640.0421317685395,1652.875453523826
212461524,39,85,2361.770974363666,2374.8543076934293
212461524,39,86,2375.86125213746,2389.715407225769
212949811,42,91,2447.687606282532,2460.3056502612308
212949811,42,92,2461.2362058167346,2473.159816926345
212949811,43,93,2474.166761370376,2486.1250831289217
212949811,43,94,2487.180638684425,2498.888972017914
212963433,42,91,2447.687606282532,2460.3056502612308
212963433,42,92,2461.2362058167346,2473.159816926345
214870481,12,31,1624.958798439242,1638.9796317690052
214870481,12,32,1640.0421317685395,1652.875453523826
214870481,39,85,2361.770974363666,2374.8543076934293
214870481,39,86,2375.86125213746,2389.715407225769
214870481,65,137,3068.7336248317733,3075.9674095525406
214870481,65,137,3076.178057700861,3083.47435399564
214870481,65,138,3083.685002143495,3087.4674095502123
214870481,65,138,3087.4697243650444,3090.252131771762
214870481,65,138,3090.462779919617,3096.58777991822
215392772,12,31,1624.958798439242,1638.9796317690052
215392772,12,32,1640.0421317685395,1652.875453523826
217709907,56,119,2825.252247483935,2831.724469705019
217709907,56,119,2831.93511785334,2838.513821555767
217709907,56,120,2838.724469704088,2845.87723590713
217709907,56,120,2846.0855692406185,2853.1388099808246
219151514,61,129,2962.7938563008797,2969.3332081544213
219151514,61,129,2969.543856302742,2975.1966225081123
219151514,61,130,2975.407270656433,2982.1896780659445
219151514,61,130,2982.400326214265,2988.2244002898224
219173124,32,71,2174.222455819603,2185.9377220263705
219173124,32,72,2186.9446664713323,2200.2293886975385
219173124,33,73,2201.729388698004,2213.86132157268
219173124,33,74,2215.430766017642,2227.5696549103595
219198133,61,129,2962.7938563008797,2969.3332081544213
219198133,61,129,2969.543856302742,2975.1966225081123
219198133,61,130,2975.407270656433,2982.1896780659445
219198133,61,130,2982.400326214265,2988.2244002898224
219203763,61,129,2962.7938563008797,2969.3332081544213
219203763,61,129,2969.543856302742,2975.1966225081123
219203763,61,130,2975.407270656433,2982.1896780659445
219203763,61,130,2982.400326214265,2988.2244002898224
219212899,1,9,1325.3130924007855,1338.5214257300831
219212899,1,10,1339.6672474890947,1353.167247485835
219212899,4,15,1410.917224333156,1413.2505576666445
219212899,4,15,1413.2713909996671,1418.4797243336216
219212899,4,15,1421.2297243340872,1423.5005576675758
219212899,4,16,1424.5630576680414,1436.833879429381
219212899,5,17,1437.97971276287,1450.1880460991524
219212899,5,18,1451.563046099618,1464.2713678628206
219212899,6,19,1468.2713678642176,1477.0213678670116
219212899,6,20,1478.1047012005,1490.0421896306798
219212899,7,21,1491.625522964634,1503.0213563013822
219212899,7,22,1504.7088563023135,1516.0838447315618
219212899,8,23,1517.354678065516,1529.0630114017986
219212899,8,24,1530.2713447352871,1531.7296780692411
219212899,8,24,1535.0005114031956,1542.0004998305812
219212899,11,29,1596.7713100183755,1609.6879766830243
219212899,11,30,1610.7921433495358,1623.875465106219
219212899,28,63,2061.847502121236,2073.958601654973
219212899,28,64,2075.1530460990034,2087.0974905407056
219212899,31,69,2144.514134055469,2157.451622482855
219212899,31,70,2158.861344705336,2169.944678040687
219212899,32,71,2174.222455819603,2185.9377220263705
219212899,32,72,2186.9446664713323,2200.2293886975385
219212899,34,75,2228.750210466329,2240.902976674028
219212899,34,76,2241.9863100075163,2254.062698900234
219212899,35,77,2254.9863100117072,2266.1043539959937
219212899,35,77,2266.3751873290166,2267.146020662505
219212899,35,78,2268.583520662971,2279.979353998322
219212899,38,83,2333.854319276754,2346.3334859414026
219212899,38,84,2347.2987637189217,2360.5487521416508
219212899,61,129,2962.7938563008797,2969.3332081544213
219212899,61,129,2969.543856302742,2975.1966225081123
219212899,61,130,2975.407270656433,2982.1896780659445
219212899,61,130,2982.400326214265,2988.2244002898224
219212899,65,137,3068.7336248317733,3075.9674095525406
219212899,65,137,3076.178057700861,3083.47435399564
219212899,65,138,3083.685002143495,3087.4674095502123
219212899,65,138,3087.4697243650444,3090.252131771762
219212899,65,138,3090.462779919617,3096.58777991822
219212899,66,139,3097.6687868623994,3104.88869426772
219212899,66,139,3105.0993424160406,3111.9743424137123
219212899,66,140,3112.184990562033,3119.076194263529
219212899,66,140,3119.2451757448725,3124.2405345398
219212899,66,140,3124.272941946984,3126.4257197240368
219212899,67,141,3126.6363678723574,3133.1132197217084
219212899,67,141,3133.323867870029,3140.2497937935404
219212899,67,142,3140.460441941861,3147.703497495037
219212899,67,142,3147.91413406888,3154.395615548361
219213592,61,129,2962.7938563008797,2969.3332081544213
219213592,61,129,2969.543856302742,2975.1966225081123
219213592,61,130,2975.407270656433,2982.1896780659445
219213592,61,130,2982.400326214265,2988.2244002898224
219219101,5,17,1437.97971276287,1450.1880460991524
219219101,5,18,1451.563046099618,1464.2713678628206
219219101,31,69,2144.514134055469,2157.451622482855
219219101,31,70,2158.861344705336,2169.944678040687
219257563,4,15,1410.917224333156,1413.2505576666445
219257563,4,15,1413.2713909996671,1418.4797243336216
219257563,4,15,1421.2297243340872,1423.5005576675758
219257563,4,16,1424.5630576680414,1436.833879429381
219257563,5,17,1437.97971276287,1450.1880460991524
219257563,5,18,1451.563046099618,1464.2713678628206
219258986,3,13,1381.7089025736786,1382.5214025736786
219258986,3,13,1382.6047359071672,1383.62556924019
219258986,3,13,1383.6672359071672,1384.2714025736786
219258986,3,13,1384.31306924019,1385.87556924019
219258986,3,13,1385.93806924019,1395.4380692397244
219258986,3,13,1395.583902573213,1396.458902573213
219258986,3,13,1396.5005692397244,1396.5630692397244
219258986,3,14,1396.646402573213,1409.3755576661788
219258986,4,15,1410.917224333156,1413.2505576666445
219258986,4,15,1413.2713909996671,1418.4797243336216
219258986,4,15,1421.2297243340872,1423.5005576675758
219258986,4,16,1424.5630576680414,1436.833879429381
219258986,5,17,1437.97971276287,1450.1880460991524
219258986,5,18,1451.563046099618,1464.2713678628206
219258986,30,67,2115.882201184518,2129.139134054538
219258986,30,68,2130.208578499034,2143.222467388492
219258986,32,71,2174.222455819603,2185.9377220263705
219258986,32,72,2186.9446664713323,2200.2293886975385
219396049,4,15,1410.917224333156,1413.2505576666445
219396049,4,15,1413.2713909996671,1418.4797243336216
219396049,4,15,1421.2297243340872,1423.5005576675758
219396049,4,16,1424.5630576680414,1436.833879429381
219396049,5,17,1437.97971276287,1450.1880460991524
219396049,5,18,1451.563046099618,1464.2713678628206
219396049,6,19,1468.2713678642176,1477.0213678670116
219396049,6,20,1478.1047012005,1490.0421896306798
219396049,31,69,2144.514134055469,2157.451622482855
219396049,31,70,2158.861344705336,2169.944678040687
219396049,32,71,2174.222455819603,2185.9377220263705
219396049,32,72,2186.9446664713323,2200.2293886975385
219396049,33,73,2201.729388698004,2213.86132157268
219396049,33,74,2215.430766017642,2227.5696549103595
219790149,14,35,1683.3546086065471,1696.3754419358447
219790149,14,36,1697.3546086023562,1710.187930358108
219790149,15,37,1711.3754303576425,1723.85459702136
219790149,15,38,1724.9379303548485,1737.3962521119977
219790149,16,39,1738.6462521115318,1750.3545854436234
219790149,16,40,1751.6670854436234,1763.312907202635
219790149,17,41,1764.687907202635,1776.2920738700775
219790149,17,42,1777.7295738700775,1789.1670622974634
219790149,17,42,1789.1878956304863,1789.6878956304863
219790149,18,43,1790.6670622974634,1791.1045622974634
219790149,18,43,1791.375395630952,1802.4378956332805
219790149,18,44,1803.4587289667688,1815.0212173955515
219790149,19,45,1816.0837173955515,1827.9795507323
219790149,19,46,1828.9587173992768,1838.708705828525
219790149,19,46,1838.7295391620137,1841.1462058294564
219790149,20,47,1842.5003724964336,1854.854539167136
219790149,20,48,1856.3962058345787,1865.47952759685
219790149,20,48,1865.5003609303385,1868.8128609312696
219790149,21,49,1870.4378609317357,1883.9795276024377
219790149,21,50,1884.9170276029035,1892.5003493642437
219790149,21,50,1892.521182697732,1897.7711826986636
219790149,22,51,1899.312849366106,1909.4378493679687
219790149,22,51,1909.4795160349456,1911.9170160354115
219790149,22,51,1911.9378493684344,1912.5003493684344
219790149,22,52,1913.583682701923,1921.0420044623315
219790149,22,52,1921.06283779582,1926.4795044632629
219790149,24,55,1955.791992889252,1968.333659554832
219790149,24,56,1969.2711479803547,1982.2711479780264
219790149,26,59,2010.2711363970304,2022.187791485805
219790149,40,87,2390.652907225769,2404.395962776616
219790149,40,88,2405.3265183316544,2418.854284531437
219790149,41,89,2419.9862289754674,2432.5973400827497
219790149,41,90,2433.715395637788,2446.5764951715246
219790149,48,103,2607.930592414923,2621.625025289599
219790149,48,104,2623.041691956576,2635.986136403866
219790149,49,105,2637.4722475153394,2650.444458165672
219790149,49,106,2651.4166803881526,2664.3125137225725
219790149,50,107,2665.270847056061,2672.250002149027
219790149,50,107,2672.4236132600345,2678.402779926546
219790149,50,108,2679.3055577045307,2691.506946592592
219790149,51,109,2692.944446592126,2704.6944350167178
219790149,51,110,2705.6805461277254,2717.5347127919085
219790149,52,111,2718.631935013924,2720.208312328439
219790149,52,111,2720.2152567729354,2730.29859010363
219790149,52,112,2731.444423436653,2743.0763678778894
219790149,53,113,2743.9930229703896,2755.9930229661986
219790149,53,114,2756.90968963271,2768.9791224994697
219790149,54,115,2769.8957891655155,2782.33328916179
219790149,54,116,2783.5277336058207,2796.1249442501
219790149,55,117,2797.0971664721146,2809.9582775798626
219790149,55,118,2810.867999801878,2824.2638215580955
219790149,57,121,2853.349458129145,2860.5763099808246
219790149,57,121,2860.7869581286795,2863.282328499481
219790149,57,121,2866.409643314313,2867.245291462168
219790149,57,122,2867.4559396104887,2874.606391000096
219790149,57,122,2874.8170391479507,2882.1133354450576
219790149,58,123,2882.323983593378,2889.4235206316225
219790149,58,123,2889.634168779477,2896.0554535030387
219790149,58,124,2896.26610165136,2903.38415720826
219790149,58,124,2903.5948053565808,2910.048509061802
219790149,59,125,2910.259157210123,2916.742953508161
219790149,59,125,2916.9536016564816,2917.7707312861457
219790149,59,125,2917.77536091581,2923.347108602524
219790149,59,126,2923.5577567508444,2930.277664160356
219790149,59,126,2930.4883123086765,2936.6873863846995
219790149,60,127,2936.89803453302,2943.703590090852
219790149,60,127,2943.914238238707,2949.766078518704
219790149,60,128,2949.9767266665585,2949.992930370383
219790149,60,128,2955.039226668421,2956.2429303727117
219790149,60,128,2956.453578520566,2962.5832081525587
220405105,4,15,1410.917224333156,1413.2505576666445
220405105,4,15,1413.2713909996671,1418.4797243336216
220405105,4,15,1421.2297243340872,1423.5005576675758
220405105,4,16,1424.5630576680414,1436.833879429381
220405105,5,17,1437.97971276287,1450.1880460991524
220405105,5,18,1451.563046099618,1464.2713678628206
220405105,6,19,1468.2713678642176,1477.0213678670116
220405105,6,20,1478.1047012005,1490.0421896306798
220405105,7,21,1491.625522964634,1503.0213563013822
220405105,7,22,1504.7088563023135,1516.0838447315618
220405105,8,23,1517.354678065516,1529.0630114017986
220405105,8,24,1530.2713447352871,1531.7296780692411
220405105,8,24,1535.0005114031956,1542.0004998305812
220405105,9,25,1543.2296664975584,1555.542166499421
220405105,9,26,1556.729666499421,1568.458821593318
220405105,10,27,1569.4379882598296,1581.771321593318
220405105,10,28,1582.771321593318,1595.667143351864
220405105,11,29,1596.7713100183755,1609.6879766830243
220405105,11,30,1610.7921433495358,1623.875465106219
220405105,12,31,1624.958798439242,1638.9796317690052
220405105,12,32,1640.0421317685395,1652.875453523826
220405105,13,33,1653.9171201903373,1667.6879535191692
220405105,13,34,1668.6254535187036,1682.3546086070128
220405105,27,61,2036.2780692591327,2048.125279903412
220405105,27,62,2049.1530576804653,2060.6391687882133
220405105,28,63,2061.847502121236,2073.958601654973
220405105,28,64,2075.1530460990034,2087.0974905407056
220405105,29,65,2088.2363794292323,2101.375256741885
220405105,29,66,2102.326645630412,2114.430812295992
220405105,30,67,2115.882201184518,2129.139134054538
220405105,30,68,2130.208578499034,2143.222467388492
220405105,31,69,2144.514134055469,2157.451622482855
220405105,31,70,2158.861344705336,2169.944678040687
220405105,32,71,2174.222455819603,2185.9377220263705
220405105,32,72,2186.9446664713323,2200.2293886975385
220405105,33,73,2201.729388698004,2213.86132157268
220405105,33,74,2215.430766017642,2227.5696549103595
220405105,34,75,2228.750210466329,2240.902976674028
220405105,34,76,2241.9863100075163,2254.062698900234
220405105,35,77,2254.9863100117072,2266.1043539959937
220405105,35,77,2266.3751873290166,2267.146020662505
220405105,35,78,2268.583520662971,2279.979353998322
220405105,36,79,2280.902965109796,2292.8543424261734
220405105,36,80,2293.7918424261734,2305.9862868711352
220405105,37,81,2307.2362868711352,2319.0279419636354
220405105,37,82,2320.222386407666,2332.576553073246
220405105,38,83,2333.854319276754,2346.3334859414026
220405105,38,84,2347.2987637189217,2360.5487521416508
220405105,39,85,2361.770974363666,2374.8543076934293
220405105,39,86,2375.86125213746,2389.715407225769
220425740,5,17,1437.97971276287,1450.1880460991524
220425740,5,18,1451.563046099618,1464.2713678628206
220425740,6,19,1468.2713678642176,1477.0213678670116
220425740,6,20,1478.1047012005,1490.0421896306798
220425740,7,21,1491.625522964634,1503.0213563013822
220425740,7,22,1504.7088563023135,1516.0838447315618
220425740,8,23,1517.354678065516,1529.0630114017986
220425740,8,24,1530.2713447352871,1531.7296780692411
220425740,8,24,1535.0005114031956,1542.0004998305812
220425740,9,25,1543.2296664975584,1555.542166499421
220425740,9,26,1556.729666499421,1568.458821593318
220425740,10,27,1569.4379882598296,1581.771321593318
220425740,10,28,1582.771321593318,1595.667143351864
220425740,11,29,1596.7713100183755,1609.6879766830243
220425740,11,30,1610.7921433495358,1623.875465106219
220425740,12,31,1624.958798439242,1638.9796317690052
220425740,12,32,1640.0421317685395,1652.875453523826
220425740,13,33,1653.9171201903373,1667.6879535191692
220425740,13,34,1668.6254535187036,1682.3546086070128
220425740,27,61,2036.2780692591327,2048.125279903412
220425740,27,62,2049.1530576804653,2060.6391687882133
220425740,28,63,2061.847502121236,2073.958601654973
220425740,28,64,2075.1530460990034,2087.0974905407056
220425740,29,65,2088.2363794292323,2101.375256741885
220425740,29,66,2102.326645630412,2114.430812295992
220425740,30,67,2115.882201184518,2129.139134054538
220425740,30,68,2130.208578499034,2143.222467388492
220425740,31,69,2144.514134055469,2157.451622482855
220425740,31,70,2158.861344705336,2169.944678040687
220425740,32,71,2174.222455819603,2185.9377220263705
220425740,32,72,2186.9446664713323,2200.2293886975385
220425740,33,73,2201.729388698004,2213.86132157268
220425740,33,74,2215.430766017642,2227.5696549103595
220425740,34,75,2228.750210466329,2240.902976674028
220425740,34,76,2241.9863100075163,2254.062698900234
220425740,35,77,2254.9863100117072,2266.1043539959937
220425740,35,77,2266.3751873290166,2267.146020662505
220425740,35,78,2268.583520662971,2279.979353998322
220425740,36,79,2280.902965109796,2292.8543424261734
220425740,36,80,2293.7918424261734,2305.9862868711352
220425740,37,81,2307.2362868711352,2319.0279419636354
220425740,37,82,2320.222386407666,2332.576553073246
220425740,38,83,2333.854319276754,2346.3334859414026
220425740,38,84,2347.2987637189217,2360.5487521416508
220425740,39,85,2361.770974363666,2374.8543076934293
220425740,39,86,2375.86125213746,2389.715407225769
220425740,62,131,2988.435048438143,2994.881807698868
220425740,62,131,2995.092455847189,3000.9234627927653
220425740,62,132,3001.134110941086,3007.53457390517
220425740,62,132,3007.7452220534906,3014.152629461605
220425740,63,133,3014.3632776099257,3021.187351684552
220425740,63,133,3021.3979998328723,3027.3910438148305
220425740,63,134,3027.601691963151,3034.0901178894565
220425740,63,134,3034.300766037777,3040.8979882597923
220425740,65,137,3068.7336248317733,3075.9674095525406
220425740,65,137,3076.178057700861,3083.47435399564
220425740,65,138,3083.685002143495,3087.4674095502123
220425740,65,138,3087.4697243650444,3090.252131771762
220425740,65,138,3090.462779919617,3096.58777991822
220425740,66,139,3097.6687868623994,3104.88869426772
220425740,66,139,3105.0993424160406,3111.9743424137123
220425740,66,140,3112.184990562033,3119.076194263529
220425740,66,140,3119.2451757448725,3124.2405345398
220425740,66,140,3124.272941946984,3126.4257197240368
220425740,67,141,3126.6363678723574,3133.1132197217084
220425740,67,141,3133.323867870029,3140.2497937935404
220425740,67,142,3140.460441941861,3147.703497495037
220425740,67,142,3147.91413406888,3154.395615548361
220558700,2,11,1354.1047474853694,1367.1464141495526
220558700,2,12,1368.6047359085642,1381.5005692406558
220558700,3,13,1381.7089025736786,1382.5214025736786
220558700,3,13,1382.6047359071672,1383.62556924019
220558700,3,13,1383.6672359071672,1384.2714025736786
220558700,3,13,1384.31306924019,1385.87556924019
220558700,3,13,1385.93806924019,1395.4380692397244
220558700,3,13,1395.583902573213,1396.458902573213
220558700,3,13,1396.5005692397244,1396.5630692397244
220558700,3,14,1396.646402573213,1409.3755576661788
220558700,29,65,2088.2363794292323,2101.375256741885
220558700,29,66,2102.326645630412,2114.430812295992
220622233,5,17,1437.97971276287,1450.1880460991524
220622233,5,18,1451.563046099618,1464.2713678628206
220622233,6,19,1468.2713678642176,1477.0213678670116
220622233,6,20,1478.1047012005,1490.0421896306798
220622233,33,73,2201.729388698004,2213.86132157268
220622233,33,74,2215.430766017642,2227.5696549103595
221355243,12,31,1624.958798439242,1638.9796317690052
221355243,12,32,1640.0421317685395,1652.875453523826
221355243,39,85,2361.770974363666,2374.8543076934293
221355243,39,86,2375.86125213746,2389.715407225769
225700322,11,29,1596.7713100183755,1609.6879766830243
225700322,11,30,1610.7921433495358,1623.875465106219
225957292,11,29,1596.7713100183755,1609.6879766830243
225957292,11,30,1610.7921433495358,1623.875465106219
225957292,65,137,3068.7336248317733,3075.9674095525406
225957292,65,137,3076.178057700861,3083.47435399564
225957292,65,138,3083.685002143495,3087.4674095502123
225957292,65,138,3087.4697243650444,3090.252131771762
225957292,65,138,3090.462779919617,3096.58777991822
228383334,29,65,2088.2363794292323,2101.375256741885
228383334,29,66,2102.326645630412,2114.430812295992
229151691,2,11,1354.1047474853694,1367.1464141495526
229151691,2,12,1368.6047359085642,1381.5005692406558
229151691,3,13,1381.7089025736786,1382.5214025736786
229151691,3,13,1382.6047359071672,1383.62556924019
229151691,3,13,1383.6672359071672,1384.2714025736786
229151691,3,13,1384.31306924019,1385.87556924019
229151691,3,13,1385.93806924019,1395.4380692397244
229151691,3,13,1395.583902573213,1396.458902573213
229151691,3,13,1396.5005692397244,1396.5630692397244
229151691,3,14,1396.646402573213,1409.3755576661788
229151691,29,65,2088.2363794292323,2101.375256741885
229151691,29,66,2102.326645630412,2114.430812295992
229151691,30,67,2115.882201184518,2129.139134054538
229151691,30,68,2130.208578499034,2143.222467388492
230134468,14,35,1683.3546086065471,1696.3754419358447
230134468,14,36,1697.3546086023562,1710.187930358108
230134468,16,39,1738.6462521115318,1750.3545854436234
230134468,16,40,1751.6670854436234,1763.312907202635
230134468,17,41,1764.687907202635,1776.2920738700775
230134468,17,42,1777.7295738700775,1789.1670622974634
230134468,17,42,1789.1878956304863,1789.6878956304863
230134468,18,43,1790.6670622974634,1791.1045622974634
230134468,18,43,1791.375395630952,1802.4378956332805
230134468,18,44,1803.4587289667688,1815.0212173955515
230134468,19,45,1816.0837173955515,1827.9795507323
230134468,19,46,1828.9587173992768,1838.708705828525
230134468,19,46,1838.7295391620137,1841.1462058294564
230134468,20,47,1842.5003724964336,1854.854539167136
230134468,20,48,1856.3962058345787,1865.47952759685
230134468,20,48,1865.5003609303385,1868.8128609312696
230134468,22,51,1899.312849366106,1909.4378493679687
230134468,22,51,1909.4795160349456,1911.9170160354115
230134468,22,51,1911.9378493684344,1912.5003493684344
230134468,22,52,1913.583682701923,1921.0420044623315
230134468,22,52,1921.06283779582,1926.4795044632629
230134468,24,55,1955.791992889252,1968.333659554832
230134468,24,56,1969.2711479803547,1982.2711479780264
230134468,25,57,1983.6461479780264,1995.6253030677328
230134468,25,58,1996.9169697337784,2009.2919697305188
230134468,26,59,2010.2711363970304,2022.187791485805
230134468,47,101,2579.7986595355906,2592.958370188251
230134468,47,102,2593.875036855228,2606.937536859419
230134468,48,103,2607.930592414923,2621.625025289599
230134468,48,104,2623.041691956576,2635.986136403866
230134468,49,105,2637.4722475153394,2650.444458165672
230134468,49,106,2651.4166803881526,2664.3125137225725
230134468,50,107,2665.270847056061,2672.250002149027
230134468,50,107,2672.4236132600345,2678.402779926546
230134468,50,108,2679.3055577045307,2691.506946592592
230134468,52,111,2718.631935013924,2720.208312328439
230134468,52,111,2720.2152567729354,2730.29859010363
230134468,52,112,2731.444423436653,2743.0763678778894
230134468,53,113,2743.9930229703896,2755.9930229661986
230134468,53,114,2756.90968963271,2768.9791224994697
230134468,54,115,2769.8957891655155,2782.33328916179
230134468,54,116,2783.5277336058207,2796.1249442501
230134468,55,117,2797.0971664721146,2809.9582775798626
230134468,55,118,2810.867999801878,2824.2638215580955
230134468,56,119,2825.252247483935,2831.724469705019
230134468,56,119,2831.93511785334,2838.513821555767
230134468,56,120,2838.724469704088,2845.87723590713
230134468,56,120,2846.0855692406185,2853.1388099808246
230134468,57,121,2853.349458129145,2860.5763099808246
230134468,57,121,2860.7869581286795,2863.282328499481
230134468,57,121,2866.409643314313,2867.245291462168
230134468,57,122,2867.4559396104887,2874.606391000096
230134468,57,122,2874.8170391479507,2882.1133354450576
230134468,58,123,2882.323983593378,2889.4235206316225
230134468,58,123,2889.634168779477,2896.0554535030387
230134468,58,124,2896.26610165136,2903.38415720826
230134468,58,124,2903.5948053565808,2910.048509061802
230134468,59,125,2910.259157210123,2916.742953508161
230134468,59,125,2916.9536016564816,2917.7707312861457
230134468,59,125,2917.77536091581,2923.347108602524
230134468,59,126,2923.5577567508444,2930.277664160356
230134468,59,126,2930.4883123086765,2936.6873863846995
230134468,60,127,2936.89803453302,2943.703590090852
230134468,60,127,2943.914238238707,2949.766078518704
230134468,60,128,2949.9767266665585,2949.992930370383
230134468,60,128,2955.039226668421,2956.2429303727117
230134468,60,128,2956.453578520566,2962.5832081525587
231306114,32,71,2174.222455819603,2185.9377220263705
231306114,32,72,2186.9446664713323,2200.2293886975385
231315283,6,19,1468.2713678642176,1477.0213678670116
231315283,6,20,1478.1047012005,1490.0421896306798
231315283,33,73,2201.729388698004,2213.86132157268
231315283,33,74,2215.430766017642,2227.5696549103595
231946900,61,129,2962.7938563008797,2969.3332081544213
231946900,61,129,2969.543856302742,2975.1966225081123
231946900,61,130,2975.407270656433,2982.1896780659445
231946900,61,130,2982.400326214265,2988.2244002898224
231947452,61,129,2962.7938563008797,2969.3332081544213
231947452,61,129,2969.543856302742,2975.1966225081123
231947452,61,130,2975.407270656433,2982.1896780659445
231947452,61,130,2982.400326214265,2988.2244002898224
232030004,61,129,2962.7938563008797,2969.3332081544213
232030004,61,129,2969.543856302742,2975.1966225081123
232030004,61,130,2975.407270656433,2982.1896780659445
232030004,61,130,2982.400326214265,2988.2244002898224
232033605,61,129,2962.7938563008797,2969.3332081544213
232033605,61,129,2969.543856302742,2975.1966225081123
232033605,61,130,2975.407270656433,2982.1896780659445
232033605,61,130,2982.400326214265,2988.2244002898224
232036936,61,129,2962.7938563008797,2969.3332081544213
232036936,61,129,2969.543856302742,2975.1966225081123
232036936,61,130,2975.407270656433,2982.1896780659445
232036936,61,130,2982.400326214265,2988.2244002898224
232048700,61,129,2962.7938563008797,2969.3332081544213
232048700,61,129,2969.543856302742,2975.1966225081123
232048700,61,130,2975.407270656433,2982.1896780659445
232048700,61,130,2982.400326214265,2988.2244002898224
235056185,4,15,1410.917224333156,1413.2505576666445
235056185,4,15,1413.2713909996671,1418.4797243336216
235056185,4,15,1421.2297243340872,1423.5005576675758
235056185,4,16,1424.5630576680414,1436.833879429381
235056185,5,17,1437.97971276287,1450.1880460991524
235056185,5,18,1451.563046099618,1464.2713678628206
235056185,6,19,1468.2713678642176,1477.0213678670116
235056185,6,20,1478.1047012005,1490.0421896306798
235056185,7,21,1491.625522964634,1503.0213563013822
235056185,7,22,1504.7088563023135,1516.0838447315618
235056185,27,61,2036.2780692591327,2048.125279903412
235056185,27,62,2049.1530576804653,2060.6391687882133
235056185,31,69,2144.514134055469,2157.451622482855
235056185,31,70,2158.861344705336,2169.944678040687
235056185,32,71,2174.222455819603,2185.9377220263705
235056185,32,72,2186.9446664713323,2200.2293886975385
235056185,33,73,2201.729388698004,2213.86132157268
235056185,33,74,2215.430766017642,2227.5696549103595
235056185,64,135,3041.108636408113,3048.1132544633
235056185,64,135,3048.3239026116207,3054.752143351827
235056185,64,135,3054.754458166659,3055.078532240819
235056185,64,136,3055.289180388674,3062.21742112888
235056185,64,136,3062.428069277201,3068.029921127949
235074538,33,73,2201.729388698004,2213.86132157268
235074538,33,74,2215.430766017642,2227.5696549103595
237883499,2,11,1354.1047474853694,1367.1464141495526
237883499,2,12,1368.6047359085642,1381.5005692406558
237918270,2,11,1354.1047474853694,1367.1464141495526
237918270,2,12,1368.6047359085642,1381.5005692406558
237918270,4,15,1410.917224333156,1413.2505576666445
237918270,4,15,1413.2713909996671,1418.4797243336216
237918270,4,15,1421.2297243340872,1423.5005576675758
237918270,4,16,1424.5630576680414,1436.833879429381
237918270,11,29,1596.7713100183755,1609.6879766830243
237918270,11,30,1610.7921433495358,1623.875465106219
237918270,28,63,2061.847502121236,2073.958601654973
237918270,28,64,2075.1530460990034,2087.0974905407056
237918270,31,69,2144.514134055469,2157.451622482855
237918270,31,70,2158.861344705336,2169.944678040687
237918270,34,75,2228.750210466329,2240.902976674028
237918270,34,76,2241.9863100075163,2254.062698900234
237918270,38,83,2333.854319276754,2346.3334859414026
237918270,38,84,2347.2987637189217,2360.5487521416508
237918270,64,135,3041.108636408113,3048.1132544633
237918270,64,135,3048.3239026116207,3054.752143351827
237918270,64,135,3054.754458166659,3055.078532240819
237918270,64,136,3055.289180388674,3062.21742112888
237918270,64,136,3062.428069277201,3068.029921127949
237918270,65,137,3068.7336248317733,3075.9674095525406
237918270,65,137,3076.178057700861,3083.47435399564
237918270,65,138,3083.685002143495,3087.4674095502123
237918270,65,138,3087.4697243650444,3090.252131771762
237918270,65,138,3090.462779919617,3096.58777991822
237918271,2,11,1354.1047474853694,1367.1464141495526
237918271,2,12,1368.6047359085642,1381.5005692406558
237918271,4,15,1410.917224333156,1413.2505576666445
237918271,4,15,1413.2713909996671,1418.4797243336216
237918271,4,15,1421.2297243340872,1423.5005576675758
237918271,4,16,1424.5630576680414,1436.833879429381
237918271,11,29,1596.7713100183755,1609.6879766830243
237918271,11,30,1610.7921433495358,1623.875465106219
237918271,28,63,2061.847502121236,2073.958601654973
237918271,28,64,2075.1530460990034,2087.0974905407056
237918271,30,67,2115.882201184518,2129.139134054538
237918271,30,68,2130.208578499034,2143.222467388492
237918271,34,75,2228.750210466329,2240.902976674028
237918271,34,76,2241.9863100075163,2254.062698900234
237918271,38,83,2333.854319276754,2346.3334859414026
237918271,38,84,2347.2987637189217,2360.5487521416508
237918271,61,129,2962.7938563008797,2969.3332081544213
237918271,61,129,2969.543856302742,2975.1966225081123
237918271,61,130,2975.407270656433,2982.1896780659445
237918271,61,130,2982.400326214265,2988.2244002898224
237918271,64,135,3041.108636408113,3048.1132544633
237918271,64,135,3048.3239026116207,3054.752143351827
237918271,64,135,3054.754458166659,3055.078532240819
237918271,64,136,3055.289180388674,3062.21742112888
237918271,64,136,3062.428069277201,3068.029921127949
237918271,65,137,3068.7336248317733,3075.9674095525406
237918271,65,137,3076.178057700861,3083.47435399564
237918271,65,138,3083.685002143495,3087.4674095502123
237918271,65,138,3087.4697243650444,3090.252131771762
237918271,65,138,3090.462779919617,3096.58777991822
237952617,61,129,2962.7938563008797,2969.3332081544213
237952617,61,129,2969.543856302742,2975.1966225081123
237952617,61,130,2975.407270656433,2982.1896780659445
237952617,61,130,2982.400326214265,2988.2244002898224
237971352,61,129,2962.7938563008797,2969.3332081544213
237971352,61,129,2969.543856302742,2975.1966225081123
237971352,61,130,2975.407270656433,2982.1896780659445
237971352,61,130,2982.400326214265,2988.2244002898224
237971352,62,131,2988.435048438143,2994.881807698868
237971352,62,131,2995.092455847189,3000.9234627927653
237971352,62,132,3001.134110941086,3007.53457390517
237971352,62,132,3007.7452220534906,3014.152629461605
237984546,61,129,2962.7938563008797,2969.3332081544213
237984546,61,129,2969.543856302742,2975.1966225081123
237984546,61,130,2975.407270656433,2982.1896780659445
237984546,61,130,2982.400326214265,2988.2244002898224
238010062,61,129,2962.7938563008797,2969.3332081544213
238010062,61,129,2969.543856302742,2975.1966225081123
238010062,61,130,2975.407270656433,2982.1896780659445
238010062,61,130,2982.400326214265,2988.2244002898224
238011901,61,129,2962.7938563008797,2969.3332081544213
238011901,61,129,2969.543856302742,2975.1966225081123
238011901,61,130,2975.407270656433,2982.1896780659445
238011901,61,130,2982.400326214265,2988.2244002898224
238016755,62,131,2988.435048438143,2994.881807698868
238016755,62,131,2995.092455847189,3000.9234627927653
238016755,62,132,3001.134110941086,3007.53457390517
238016755,62,132,3007.7452220534906,3014.152629461605
238016755,66,139,3097.6687868623994,3104.88869426772
238016755,66,139,3105.0993424160406,3111.9743424137123
238016755,66,140,3112.184990562033,3119.076194263529
238016755,66,140,3119.2451757448725,3124.2405345398
238016755,66,140,3124.272941946984,3126.4257197240368
238028383,66,139,3097.6687868623994,3104.88869426772
238028383,66,139,3105.0993424160406,3111.9743424137123
238028383,66,140,3112.184990562033,3119.076194263529
238028383,66,140,3119.2451757448725,3124.2405345398
238028383,66,140,3124.272941946984,3126.4257197240368
238034732,61,129,2962.7938563008797,2969.3332081544213
238034732,61,129,2969.543856302742,2975.1966225081123
238034732,61,130,2975.407270656433,2982.1896780659445
238034732,61,130,2982.400326214265,2988.2244002898224
238035671,61,129,2962.7938563008797,2969.3332081544213
238035671,61,129,2969.543856302742,2975.1966225081123
238035671,61,130,2975.407270656433,2982.1896780659445
238035671,61,130,2982.400326214265,2988.2244002898224
238035671,62,131,2988.435048438143,2994.881807698868
238035671,62,131,2995.092455847189,3000.9234627927653
238035671,62,132,3001.134110941086,3007.53457390517
238035671,62,132,3007.7452220534906,3014.152629461605
238036031,61,129,2962.7938563008797,2969.3332081544213
238036031,61,129,2969.543856302742,2975.1966225081123
238036031,61,130,2975.407270656433,2982.1896780659445
238036031,61,130,2982.400326214265,2988.2244002898224
238036242,61,129,2962.7938563008797,2969.3332081544213
238036242,61,129,2969.543856302742,2975.1966225081123
238036242,61,130,2975.407270656433,2982.1896780659445
238036242,61,130,2982.400326214265,2988.2244002898224
238036242,62,131,2988.435048438143,2994.881807698868
238036242,62,131,2995.092455847189,3000.9234627927653
238036242,62,132,3001.134110941086,3007.53457390517
238036242,62,132,3007.7452220534906,3014.152629461605
238036242,66,139,3097.6687868623994,3104.88869426772
238036242,66,139,3105.0993424160406,3111.9743424137123
238036242,66,140,3112.184990562033,3119.076194263529
238036242,66,140,3119.2451757448725,3124.2405345398
238036242,66,140,3124.272941946984,3126.4257197240368
238036584,8,23,1517.354678065516,1529.0630114017986
238036584,8,24,1530.2713447352871,1531.7296780692411
238036584,8,24,1535.0005114031956,1542.0004998305812
238036584,61,129,2962.7938563008797,2969.3332081544213
238036584,61,129,2969.543856302742,2975.1966225081123
238036584,61,130,2975.407270656433,2982.1896780659445
238036584,61,130,2982.400326214265,2988.2244002898224
238036584,62,131,2988.435048438143,2994.881807698868
238036584,62,131,2995.092455847189,3000.9234627927653
238036584,62,132,3001.134110941086,3007.53457390517
238036584,62,132,3007.7452220534906,3014.152629461605
238037622,61,129,2962.7938563008797,2969.3332081544213
238037622,61,129,2969.543856302742,2975.1966225081123
238037622,61,130,2975.407270656433,2982.1896780659445
238037622,61,130,2982.400326214265,2988.2244002898224
238037622,62,131,2988.435048438143,2994.881807698868
238037622,62,131,2995.092455847189,3000.9234627927653
238037622,62,132,3001.134110941086,3007.53457390517
238037622,62,132,3007.7452220534906,3014.152629461605
238063169,61,129,2962.7938563008797,2969.3332081544213
238063169,61,129,2969.543856302742,2975.1966225081123
238063169,61,130,2975.407270656433,2982.1896780659445
238063169,61,130,2982.400326214265,2988.2244002898224
238078106,61,129,2962.7938563008797,2969.3332081544213
238078106,61,129,2969.543856302742,2975.1966225081123
238078106,61,130,2975.407270656433,2982.1896780659445
238078106,61,130,2982.400326214265,2988.2244002898224
238078106,62,131,2988.435048438143,2994.881807698868
238078106,62,131,2995.092455847189,3000.9234627927653
238078106,62,132,3001.134110941086,3007.53457390517
238078106,62,132,3007.7452220534906,3014.152629461605
238084794,61,129,2962.7938563008797,2969.3332081544213
238084794,61,129,2969.543856302742,2975.1966225081123
238084794,61,130,2975.407270656433,2982.1896780659445
238084794,61,130,2982.400326214265,2988.2244002898224
238086654,62,131,2988.435048438143,2994.881807698868
238086654,62,131,2995.092455847189,3000.9234627927653
238086654,62,132,3001.134110941086,3007.53457390517
238086654,62,132,3007.7452220534906,3014.152629461605
238091678,61,129,2962.7938563008797,2969.3332081544213
238091678,61,129,2969.543856302742,2975.1966225081123
238091678,61,130,2975.407270656433,2982.1896780659445
238091678,61,130,2982.400326214265,2988.2244002898224
238091678,62,131,2988.435048438143,2994.881807698868
238091678,62,131,2995.092455847189,3000.9234627927653
238091678,62,132,3001.134110941086,3007.53457390517
238091678,62,132,3007.7452220534906,3014.152629461605
238091678,66,139,3097.6687868623994,3104.88869426772
238091678,66,139,3105.0993424160406,3111.9743424137123
238091678,66,140,3112.184990562033,3119.076194263529
238091678,66,140,3119.2451757448725,3124.2405345398
238091678,66,140,3124.272941946984,3126.4257197240368
238097299,61,129,2962.7938563008797,2969.3332081544213
238097299,61,129,2969.543856302742,2975.1966225081123
238097299,61,130,2975.407270656433,2982.1896780659445
238097299,61,130,2982.400326214265,2988.2244002898224
238097299,62,131,2988.435048438143,2994.881807698868
238097299,62,131,2995.092455847189,3000.9234627927653
238097299,62,132,3001.134110941086,3007.53457390517
238097299,62,132,3007.7452220534906,3014.152629461605
238123875,61,129,2962.7938563008797,2969.3332081544213
238123875,61,129,2969.543856302742,2975.1966225081123
238123875,61,130,2975.407270656433,2982.1896780659445
238123875,61,130,2982.400326214265,2988.2244002898224
238123875,62,131,2988.435048438143,2994.881807698868
238123875,62,131,2995.092455847189,3000.9234627927653
238123875,62,132,3001.134110941086,3007.53457390517
238123875,62,132,3007.7452220534906,3014.152629461605
238132897,61,129,2962.7938563008797,2969.3332081544213
238132897,61,129,2969.543856302742,2975.1966225081123
238132897,61,130,2975.407270656433,2982.1896780659445
238132897,61,130,2982.400326214265,2988.2244002898224
238132897,62,131,2988.435048438143,2994.881807698868
238132897,62,131,2995.092455847189,3000.9234627927653
238132897,62,132,3001.134110941086,3007.53457390517
238132897,62,132,3007.7452220534906,3014.152629461605
238236508,7,21,1491.625522964634,1503.0213563013822
238236508,7,22,1504.7088563023135,1516.0838447315618
238236508,8,23,1517.354678065516,1529.0630114017986
238236508,8,24,1530.2713447352871,1531.7296780692411
238236508,8,24,1535.0005114031956,1542.0004998305812
238236508,9,25,1543.2296664975584,1555.542166499421
238236508,9,26,1556.729666499421,1568.458821593318
238236508,35,77,2254.9863100117072,2266.1043539959937
238236508,35,77,2266.3751873290166,2267.146020662505
238236508,35,78,2268.583520662971,2279.979353998322
238236508,36,79,2280.902965109796,2292.8543424261734
238236508,36,80,2293.7918424261734,2305.9862868711352
238314110,34,75,2228.750210466329,2240.902976674028
238314110,34,76,2241.9863100075163,2254.062698900234
238314110,35,77,2254.9863100117072,2266.1043539959937
238314110,35,77,2266.3751873290166,2267.146020662505
238314110,35,78,2268.583520662971,2279.979353998322
238314110,36,79,2280.902965109796,2292.8543424261734
238314110,36,80,2293.7918424261734,2305.9862868711352
238314110,61,129,2962.7938563008797,2969.3332081544213
238314110,61,129,2969.543856302742,2975.1966225081123
238314110,61,130,2975.407270656433,2982.1896780659445
238314110,61,130,2982.400326214265,2988.2244002898224
238314110,62,131,2988.435048438143,2994.881807698868
238314110,62,131,2995.092455847189,3000.9234627927653
238314110,62,132,3001.134110941086,3007.53457390517
238314110,62,132,3007.7452220534906,3014.152629461605
238642175,7,21,1491.625522964634,1503.0213563013822
238642175,7,22,1504.7088563023135,1516.0838447315618
238642175,35,77,2254.9863100117072,2266.1043539959937
238642175,35,77,2266.3751873290166,2267.146020662505
238642175,35,78,2268.583520662971,2279.979353998322
238766379,34,75,2228.750210466329,2240.902976674028
238766379,34,76,2241.9863100075163,2254.062698900234
238766379,36,79,2280.902965109796,2292.8543424261734
238766379,36,80,2293.7918424261734,2305.9862868711352
238813187,1,9,1325.3130924007855,1338.5214257300831
238813187,1,10,1339.6672474890947,1353.167247485835
238813187,27,61,2036.2780692591327,2048.125279903412
238813187,27,62,2049.1530576804653,2060.6391687882133
238859798,59,125,2910.259157210123,2916.742953508161
238859798,59,125,2916.9536016564816,2917.7707312861457
238859798,59,125,2917.77536091581,2923.347108602524
238859798,59,126,2923.5577567508444,2930.277664160356
238859798,59,126,2930.4883123086765,2936.6873863846995
238919539,5,17,1437.97971276287,1450.1880460991524
238919539,5,18,1451.563046099618,1464.2713678628206
239224935,14,35,1683.3546086065471,1696.3754419358447
239224935,14,36,1697.3546086023562,1710.187930358108
241289894,11,29,1596.7713100183755,1609.6879766830243
241289894,11,30,1610.7921433495358,1623.875465106219
241289894,64,135,3041.108636408113,3048.1132544633
241289894,64,135,3048.3239026116207,3054.752143351827
241289894,64,135,3054.754458166659,3055.078532240819
241289894,64,136,3055.289180388674,3062.21742112888
241289894,64,136,3062.428069277201,3068.029921127949
241289894,65,137,3068.7336248317733,3075.9674095525406
241289894,65,137,3076.178057700861,3083.47435399564
241289894,65,138,3083.685002143495,3087.4674095502123
241289894,65,138,3087.4697243650444,3090.252131771762
241289894,65,138,3090.462779919617,3096.58777991822
241343119,11,29,1596.7713100183755,1609.6879766830243
241343119,11,30,1610.7921433495358,1623.875465106219
241343119,64,135,3041.108636408113,3048.1132544633
241343119,64,135,3048.3239026116207,3054.752143351827
241343119,64,135,3054.754458166659,3055.078532240819
241343119,64,136,3055.289180388674,3062.21742112888
241343119,64,136,3062.428069277201,3068.029921127949
241343119,65,137,3068.7336248317733,3075.9674095525406
241343119,65,137,3076.178057700861,3083.47435399564
241343119,65,138,3083.685002143495,3087.4674095502123
241343119,65,138,3087.4697243650444,3090.252131771762
241343119,65,138,3090.462779919617,3096.58777991822
241363085,11,29,1596.7713100183755,1609.6879766830243
241363085,11,30,1610.7921433495358,1623.875465106219
241363085,64,135,3041.108636408113,3048.1132544633
241363085,64,135,3048.3239026116207,3054.752143351827
241363085,64,135,3054.754458166659,3055.078532240819
241363085,64,136,3055.289180388674,3062.21742112888
241363085,64,136,3062.428069277201,3068.029921127949
241447466,64,135,3041.108636408113,3048.1132544633
241447466,64,135,3048.3239026116207,3054.752143351827
241447466,64,135,3054.754458166659,3055.078532240819
241447466,64,136,3055.289180388674,3062.21742112888
241447466,64,136,3062.428069277201,3068.029921127949
241467204,38,83,2333.854319276754,2346.3334859414026
241467204,38,84,2347.2987637189217,2360.5487521416508
241467204,65,137,3068.7336248317733,3075.9674095525406
241467204,65,137,3076.178057700861,3083.47435399564
241467204,65,138,3083.685002143495,3087.4674095502123
241467204,65,138,3087.4697243650444,3090.252131771762
241467204,65,138,3090.462779919617,3096.58777991822
241570607,11,29,1596.7713100183755,1609.6879766830243
241570607,11,30,1610.7921433495358,1623.875465106219
241570607,64,135,3041.108636408113,3048.1132544633
241570607,64,135,3048.3239026116207,3054.752143351827
241570607,64,135,3054.754458166659,3055.078532240819
241570607,64,136,3055.289180388674,3062.21742112888
241570607,64,136,3062.428069277201,3068.029921127949
241570607,65,137,3068.7336248317733,3075.9674095525406
241570607,65,137,3076.178057700861,3083.47435399564
241570607,65,138,3083.685002143495,3087.4674095502123
241570607,65,138,3087.4697243650444,3090.252131771762
241570607,65,138,3090.462779919617,3096.58777991822
241579057,42,91,2447.687606282532,2460.3056502612308
241579057,42,92,2461.2362058167346,2473.159816926345
241581808,64,135,3041.108636408113,3048.1132544633
241581808,64,135,3048.3239026116207,3054.752143351827
241581808,64,135,3054.754458166659,3055.078532240819
241581808,64,136,3055.289180388674,3062.21742112888
241581808,64,136,3062.428069277201,3068.029921127949
241581808,65,137,3068.7336248317733,3075.9674095525406
241581808,65,137,3076.178057700861,3083.47435399564
241581808,65,138,3083.685002143495,3087.4674095502123
241581808,65,138,3087.4697243650444,3090.252131771762
241581808,65,138,3090.462779919617,3096.58777991822
241593128,11,29,1596.7713100183755,1609.6879766830243
241593128,11,30,1610.7921433495358,1623.875465106219
241640242,11,29,1596.7713100183755,1609.6879766830243
241640242,11,30,1610.7921433495358,1623.875465106219
241640242,64,135,3041.108636408113,3048.1132544633
241640242,64,135,3048.3239026116207,3054.752143351827
241640242,64,135,3054.754458166659,3055.078532240819
241640242,64,136,3055.289180388674,3062.21742112888
241640242,64,136,3062.428069277201,3068.029921127949
241640242,65,137,3068.7336248317733,3075.9674095525406
241640242,65,137,3076.178057700861,3083.47435399564
241640242,65,138,3083.685002143495,3087.4674095502123
241640242,65,138,3087.4697243650444,3090.252131771762
241640242,65,138,3090.462779919617,3096.58777991822
241661288,11,29,1596.7713100183755,1609.6879766830243
241661288,11,30,1610.7921433495358,1623.875465106219
241661288,38,83,2333.854319276754,2346.3334859414026
241661288,38,84,2347.2987637189217,2360.5487521416508
241739877,11,29,1596.7713100183755,1609.6879766830243
241739877,11,30,1610.7921433495358,1623.875465106219
241739877,38,83,2333.854319276754,2346.3334859414026
241739877,38,84,2347.2987637189217,2360.5487521416508
241739877,65,137,3068.7336248317733,3075.9674095525406
241739877,65,137,3076.178057700861,3083.47435399564
241739877,65,138,3083.685002143495,3087.4674095502123
241739877,65,138,3087.4697243650444,3090.252131771762
241739877,65,138,3090.462779919617,3096.58777991822
242119768,11,29,1596.7713100183755,1609.6879766830243
242119768,11,30,1610.7921433495358,1623.875465106219
242119768,38,83,2333.854319276754,2346.3334859414026
242119768,38,84,2347.2987637189217,2360.5487521416508
242295957,38,83,2333.854319276754,2346.3334859414026
242295957,38,84,2347.2987637189217,2360.5487521416508
242316748,38,83,2333.854319276754,2346.3334859414026
242316748,38,84,2347.2987637189217,2360.5487521416508
242557720,11,29,1596.7713100183755,1609.6879766830243
242557720,11,30,1610.7921433495358,1623.875465106219
242583230,11,29,1596.7713100183755,1609.6879766830243
242583230,11,30,1610.7921433495358,1623.875465106219
242583230,65,137,3068.7336248317733,3075.9674095525406
242583230,65,137,3076.178057700861,3083.47435399564
242583230,65,138,3083.685002143495,3087.4674095502123
242583230,65,138,3087.4697243650444,3090.252131771762
242583230,65,138,3090.462779919617,3096.58777991822
243181433,64,135,3041.108636408113,3048.1132544633
243181433,64,135,3048.3239026116207,3054.752143351827
243181433,64,135,3054.754458166659,3055.078532240819
243181433,64,136,3055.289180388674,3062.21742112888
243181433,64,136,3062.428069277201,3068.029921127949
243192504,11,29,1596.7713100183755,1609.6879766830243
243192504,11,30,1610.7921433495358,1623.875465106219
243192504,38,83,2333.854319276754,2346.3334859414026
243192504,38,84,2347.2987637189217,2360.5487521416508
243192504,64,135,3041.108636408113,3048.1132544633
243192504,64,135,3048.3239026116207,3054.752143351827
243192504,64,135,3054.754458166659,3055.078532240819
243192504,64,136,3055.289180388674,3062.21742112888
243192504,64,136,3062.428069277201,3068.029921127949
243221067,64,135,3041.108636408113,3048.1132544633
243221067,64,135,3048.3239026116207,3054.752143351827
243221067,64,135,3054.754458166659,3055.078532240819
243221067,64,136,3055.289180388674,3062.21742112888
243221067,64,136,3062.428069277201,3068.029921127949
243291790,64,135,3041.108636408113,3048.1132544633
243291790,64,135,3048.3239026116207,3054.752143351827
243291790,64,135,3054.754458166659,3055.078532240819
243291790,64,136,3055.289180388674,3062.21742112888
243291790,64,136,3062.428069277201,3068.029921127949
243296277,64,135,3041.108636408113,3048.1132544633
243296277,64,135,3048.3239026116207,3054.752143351827
243296277,64,135,3054.754458166659,3055.078532240819
243296277,64,136,3055.289180388674,3062.21742112888
243296277,64,136,3062.428069277201,3068.029921127949
243304823,64,135,3041.108636408113,3048.1132544633
243304823,64,135,3048.3239026116207,3054.752143351827
243304823,64,135,3054.754458166659,3055.078532240819
243304823,64,136,3055.289180388674,3062.21742112888
243304823,64,136,3062.428069277201,3068.029921127949
243330489,11,29,1596.7713100183755,1609.6879766830243
243330489,11,30,1610.7921433495358,1623.875465106219
243341756,11,29,1596.7713100183755,1609.6879766830243
243341756,11,30,1610.7921433495358,1623.875465106219
243341756,64,135,3041.108636408113,3048.1132544633
243341756,64,135,3048.3239026116207,3054.752143351827
243341756,64,135,3054.754458166659,3055.078532240819
243341756,64,136,3055.289180388674,3062.21742112888
243341756,64,136,3062.428069277201,3068.029921127949
243343875,64,135,3041.108636408113,3048.1132544633
243343875,64,135,3048.3239026116207,3054.752143351827
243343875,64,135,3054.754458166659,3055.078532240819
243343875,64,136,3055.289180388674,3062.21742112888
243343875,64,136,3062.428069277201,3068.029921127949
243389982,11,29,1596.7713100183755,1609.6879766830243
243389982,11,30,1610.7921433495358,1623.875465106219
243499565,38,83,2333.854319276754,2346.3334859414026
243499565,38,84,2347.2987637189217,2360.5487521416508
243499565,64,135,3041.108636408113,3048.1132544633
243499565,64,135,3048.3239026116207,3054.752143351827
243499565,64,135,3054.754458166659,3055.078532240819
243499565,64,136,3055.289180388674,3062.21742112888
243499565,64,136,3062.428069277201,3068.029921127949
243502815,64,135,3041.108636408113,3048.1132544633
243502815,64,135,3048.3239026116207,3054.752143351827
243502815,64,135,3054.754458166659,3055.078532240819
243502815,64,136,3055.289180388674,3062.21742112888
243502815,64,136,3062.428069277201,3068.029921127949
243510629,64,135,3041.108636408113,3048.1132544633
243510629,64,135,3048.3239026116207,3054.752143351827
243510629,64,135,3054.754458166659,3055.078532240819
243510629,64,136,3055.289180388674,3062.21742112888
243510629,64,136,3062.428069277201,3068.029921127949
243511200,64,135,3041.108636408113,3048.1132544633
243511200,64,135,3048.3239026116207,3054.752143351827
243511200,64,135,3054.754458166659,3055.078532240819
243511200,64,136,3055.289180388674,3062.21742112888
243511200,64,136,3062.428069277201,3068.029921127949
243511383,64,135,3041.108636408113,3048.1132544633
243511383,64,135,3048.3239026116207,3054.752143351827
243511383,64,135,3054.754458166659,3055.078532240819
243511383,64,136,3055.289180388674,3062.21742112888
243511383,64,136,3062.428069277201,3068.029921127949
244175217,42,91,2447.687606282532,2460.3056502612308
244175217,42,92,2461.2362058167346,2473.159816926345
244175217,43,93,2474.166761370376,2486.1250831289217
244175217,43,94,2487.180638684425,2498.888972017914
244862324,64,135,3041.108636408113,3048.1132544633
244862324,64,135,3048.3239026116207,3054.752143351827
244862324,64,135,3054.754458166659,3055.078532240819
244862324,64,136,3055.289180388674,3062.21742112888
244862324,64,136,3062.428069277201,3068.029921127949
244863750,64,135,3041.108636408113,3048.1132544633
244863750,64,135,3048.3239026116207,3054.752143351827
244863750,64,135,3054.754458166659,3055.078532240819
244863750,64,136,3055.289180388674,3062.21742112888
244863750,64,136,3062.428069277201,3068.029921127949
244865631,37,81,2307.2362868711352,2319.0279419636354
244865631,37,82,2320.222386407666,2332.576553073246
244868635,64,135,3041.108636408113,3048.1132544633
244868635,64,135,3048.3239026116207,3054.752143351827
244868635,64,135,3054.754458166659,3055.078532240819
244868635,64,136,3055.289180388674,3062.21742112888
244868635,64,136,3062.428069277201,3068.029921127949
244882956,11,29,1596.7713100183755,1609.6879766830243
244882956,11,30,1610.7921433495358,1623.875465106219
244882956,37,81,2307.2362868711352,2319.0279419636354
244882956,37,82,2320.222386407666,2332.576553073246
244882956,38,83,2333.854319276754,2346.3334859414026
244882956,38,84,2347.2987637189217,2360.5487521416508
244882956,64,135,3041.108636408113,3048.1132544633
244882956,64,135,3048.3239026116207,3054.752143351827
244882956,64,135,3054.754458166659,3055.078532240819
244882956,64,136,3055.289180388674,3062.21742112888
244882956,64,136,3062.428069277201,3068.029921127949
244902151,64,135,3041.108636408113,3048.1132544633
244902151,64,135,3048.3239026116207,3054.752143351827
244902151,64,135,3054.754458166659,3055.078532240819
244902151,64,136,3055.289180388674,3062.21742112888
244902151,64,136,3062.428069277201,3068.029921127949
244943765,11,29,1596.7713100183755,1609.6879766830243
244943765,11,30,1610.7921433495358,1623.875465106219
244943765,37,81,2307.2362868711352,2319.0279419636354
244943765,37,82,2320.222386407666,2332.576553073246
245008998,64,135,3041.108636408113,3048.1132544633
245008998,64,135,3048.3239026116207,3054.752143351827
245008998,64,135,3054.754458166659,3055.078532240819
245008998,64,136,3055.289180388674,3062.21742112888
245008998,64,136,3062.428069277201,3068.029921127949
245026007,11,29,1596.7713100183755,1609.6879766830243
245026007,11,30,1610.7921433495358,1623.875465106219
245026007,64,135,3041.108636408113,3048.1132544633
245026007,64,135,3048.3239026116207,3054.752143351827
245026007,64,135,3054.754458166659,3055.078532240819
245026007,64,136,3055.289180388674,3062.21742112888
245026007,64,136,3062.428069277201,3068.029921127949
245066871,37,81,2307.2362868711352,2319.0279419636354
245066871,37,82,2320.222386407666,2332.576553073246
245066871,38,83,2333.854319276754,2346.3334859414026
245066871,38,84,2347.2987637189217,2360.5487521416508
245066871,64,135,3041.108636408113,3048.1132544633
245066871,64,135,3048.3239026116207,3054.752143351827
245066871,64,135,3054.754458166659,3055.078532240819
245066871,64,136,3055.289180388674,3062.21742112888
245066871,64,136,3062.428069277201,3068.029921127949
245097161,64,135,3041.108636408113,3048.1132544633
245097161,64,135,3048.3239026116207,3054.752143351827
245097161,64,135,3054.754458166659,3055.078532240819
245097161,64,136,3055.289180388674,3062.21742112888
245097161,64,136,3062.428069277201,3068.029921127949
245157924,11,29,1596.7713100183755,1609.6879766830243
245157924,11,30,1610.7921433495358,1623.875465106219
245157924,64,135,3041.108636408113,3048.1132544633
245157924,64,135,3048.3239026116207,3054.752143351827
245157924,64,135,3054.754458166659,3055.078532240819
245157924,64,136,3055.289180388674,3062.21742112888
245157924,64,136,3062.428069277201,3068.029921127949
245226393,64,135,3041.108636408113,3048.1132544633
245226393,64,135,3048.3239026116207,3054.752143351827
245226393,64,135,3054.754458166659,3055.078532240819
245226393,64,136,3055.289180388674,3062.21742112888
245226393,64,136,3062.428069277201,3068.029921127949
245228473,64,135,3041.108636408113,3048.1132544633
245228473,64,135,3048.3239026116207,3054.752143351827
245228473,64,135,3054.754458166659,3055.078532240819
245228473,64,136,3055.289180388674,3062.21742112888
245228473,64,136,3062.428069277201,3068.029921127949
245298317,11,29,1596.7713100183755,1609.6879766830243
245298317,11,30,1610.7921433495358,1623.875465106219
245304994,11,29,1596.7713100183755,1609.6879766830243
245304994,11,30,1610.7921433495358,1623.875465106219
245304994,64,135,3041.108636408113,3048.1132544633
245304994,64,135,3048.3239026116207,3054.752143351827
245304994,64,135,3054.754458166659,3055.078532240819
245304994,64,136,3055.289180388674,3062.21742112888
245304994,64,136,3062.428069277201,3068.029921127949
245339150,38,83,2333.854319276754,2346.3334859414026
245339150,38,84,2347.2987637189217,2360.5487521416508
245431787,11,29,1596.7713100183755,1609.6879766830243
245431787,11,30,1610.7921433495358,1623.875465106219
245454701,64,135,3041.108636408113,3048.1132544633
245454701,64,135,3048.3239026116207,3054.752143351827
245454701,64,135,3054.754458166659,3055.078532240819
245454701,64,136,3055.289180388674,3062.21742112888
245454701,64,136,3062.428069277201,3068.029921127949
245675509,18,43,1790.6670622974634,1791.1045622974634
245675509,18,43,1791.375395630952,1802.4378956332805
245675509,18,44,1803.4587289667688,1815.0212173955515
248187285,64,135,3041.108636408113,3048.1132544633
248187285,64,135,3048.3239026116207,3054.752143351827
248187285,64,135,3054.754458166659,3055.078532240819
248187285,64,136,3055.289180388674,3062.21742112888
248187285,64,136,3062.428069277201,3068.029921127949
248349830,30,67,2115.882201184518,2129.139134054538
248349830,30,68,2130.208578499034,2143.222467388492
248349830,42,91,2447.687606282532,2460.3056502612308
248349830,42,92,2461.2362058167346,2473.159816926345
248349830,43,93,2474.166761370376,2486.1250831289217
248349830,43,94,2487.180638684425,2498.888972017914
248384545,30,67,2115.882201184518,2129.139134054538
248384545,30,68,2130.208578499034,2143.222467388492
248447740,5,17,1437.97971276287,1450.1880460991524
248447740,5,18,1451.563046099618,1464.2713678628206
248447740,32,71,2174.222455819603,2185.9377220263705
248447740,32,72,2186.9446664713323,2200.2293886975385
249899744,58,123,2882.323983593378,2889.4235206316225
249899744,58,123,2889.634168779477,2896.0554535030387
249899744,58,124,2896.26610165136,2903.38415720826
249899744,58,124,2903.5948053565808,2910.048509061802
250091359,11,29,1596.7713100183755,1609.6879766830243
250091359,11,30,1610.7921433495358,1623.875465106219
250091359,65,137,3068.7336248317733,3075.9674095525406
250091359,65,137,3076.178057700861,3083.47435399564
250091359,65,138,3083.685002143495,3087.4674095502123
250091359,65,138,3087.4697243650444,3090.252131771762
250091359,65,138,3090.462779919617,3096.58777991822
250123846,11,29,1596.7713100183755,1609.6879766830243
250123846,11,30,1610.7921433495358,1623.875465106219
250123846,65,137,3068.7336248317733,3075.9674095525406
250123846,65,137,3076.178057700861,3083.47435399564
250123846,65,138,3083.685002143495,3087.4674095502123
250123846,65,138,3087.4697243650444,3090.252131771762
250123846,65,138,3090.462779919617,3096.58777991822
250586846,58,123,2882.323983593378,2889.4235206316225
250586846,58,123,2889.634168779477,2896.0554535030387
250586846,58,124,2896.26610165136,2903.38415720826
250586846,58,124,2903.5948053565808,2910.048509061802
251246113,58,123,2882.323983593378,2889.4235206316225
251246113,58,123,2889.634168779477,2896.0554535030387
251246113,58,124,2896.26610165136,2903.38415720826
251246113,58,124,2903.5948053565808,2910.048509061802
251333851,58,123,2882.323983593378,2889.4235206316225
251333851,58,123,2889.634168779477,2896.0554535030387
251333851,58,124,2896.26610165136,2903.38415720826
251333851,58,124,2903.5948053565808,2910.048509061802
251434330,18,43,1790.6670622974634,1791.1045622974634
251434330,18,43,1791.375395630952,1802.4378956332805
251434330,18,44,1803.4587289667688,1815.0212173955515
251434330,58,123,2882.323983593378,2889.4235206316225
251434330,58,123,2889.634168779477,2896.0554535030387
251434330,58,124,2896.26610165136,2903.38415720826
251434330,58,124,2903.5948053565808,2910.048509061802
251546956,58,123,2882.323983593378,2889.4235206316225
251546956,58,123,2889.634168779477,2896.0554535030387
251546956,58,124,2896.26610165136,2903.38415720826
251546956,58,124,2903.5948053565808,2910.048509061802
251818063,58,123,2882.323983593378,2889.4235206316225
251818063,58,123,2889.634168779477,2896.0554535030387
251818063,58,124,2896.26610165136,2903.38415720826
251818063,58,124,2903.5948053565808,2910.048509061802
252808469,58,123,2882.323983593378,2889.4235206316225
252808469,58,123,2889.634168779477,2896.0554535030387
252808469,58,124,2896.26610165136,2903.38415720826
252808469,58,124,2903.5948053565808,2910.048509061802
252809289,58,123,2882.323983593378,2889.4235206316225
252809289,58,123,2889.634168779477,2896.0554535030387
252809289,58,124,2896.26610165136,2903.38415720826
252809289,58,124,2903.5948053565808,2910.048509061802
252811779,58,123,2882.323983593378,2889.4235206316225
252811779,58,123,2889.634168779477,2896.0554535030387
252811779,58,124,2896.26610165136,2903.38415720826
252811779,58,124,2903.5948053565808,2910.048509061802
252825335,58,123,2882.323983593378,2889.4235206316225
252825335,58,123,2889.634168779477,2896.0554535030387
252825335,58,124,2896.26610165136,2903.38415720826
252825335,58,124,2903.5948053565808,2910.048509061802
252826205,58,123,2882.323983593378,2889.4235206316225
252826205,58,123,2889.634168779477,2896.0554535030387
252826205,58,124,2896.26610165136,2903.38415720826
252826205,58,124,2903.5948053565808,2910.048509061802
252828250,58,123,2882.323983593378,2889.4235206316225
252828250,58,123,2889.634168779477,2896.0554535030387
252828250,58,124,2896.26610165136,2903.38415720826
252828250,58,124,2903.5948053565808,2910.048509061802
252829142,58,123,2882.323983593378,2889.4235206316225
252829142,58,123,2889.634168779477,2896.0554535030387
252829142,58,124,2896.26610165136,2903.38415720826
252829142,58,124,2903.5948053565808,2910.048509061802
252830020,58,123,2882.323983593378,2889.4235206316225
252830020,58,123,2889.634168779477,2896.0554535030387
252830020,58,124,2896.26610165136,2903.38415720826
252830020,58,124,2903.5948053565808,2910.048509061802
252846584,58,123,2882.323983593378,2889.4235206316225
252846584,58,123,2889.634168779477,2896.0554535030387
252846584,58,124,2896.26610165136,2903.38415720826
252846584,58,124,2903.5948053565808,2910.048509061802
252846973,58,123,2882.323983593378,2889.4235206316225
252846973,58,123,2889.634168779477,2896.0554535030387
252846973,58,124,2896.26610165136,2903.38415720826
252846973,58,124,2903.5948053565808,2910.048509061802
252847025,58,123,2882.323983593378,2889.4235206316225
252847025,58,123,2889.634168779477,2896.0554535030387
252847025,58,124,2896.26610165136,2903.38415720826
252847025,58,124,2903.5948053565808,2910.048509061802
252847414,58,123,2882.323983593378,2889.4235206316225
252847414,58,123,2889.634168779477,2896.0554535030387
252847414,58,124,2896.26610165136,2903.38415720826
252847414,58,124,2903.5948053565808,2910.048509061802
252847522,58,123,2882.323983593378,2889.4235206316225
252847522,58,123,2889.634168779477,2896.0554535030387
252847522,58,124,2896.26610165136,2903.38415720826
252847522,58,124,2903.5948053565808,2910.048509061802
252849400,58,123,2882.323983593378,2889.4235206316225
252849400,58,123,2889.634168779477,2896.0554535030387
252849400,58,124,2896.26610165136,2903.38415720826
252849400,58,124,2903.5948053565808,2910.048509061802
252849433,58,123,2882.323983593378,2889.4235206316225
252849433,58,123,2889.634168779477,2896.0554535030387
252849433,58,124,2896.26610165136,2903.38415720826
252849433,58,124,2903.5948053565808,2910.048509061802
252849644,58,123,2882.323983593378,2889.4235206316225
252849644,58,123,2889.634168779477,2896.0554535030387
252849644,58,124,2896.26610165136,2903.38415720826
252849644,58,124,2903.5948053565808,2910.048509061802
252868083,58,123,2882.323983593378,2889.4235206316225
252868083,58,123,2889.634168779477,2896.0554535030387
252868083,58,124,2896.26610165136,2903.38415720826
252868083,58,124,2903.5948053565808,2910.048509061802
253228981,11,29,1596.7713100183755,1609.6879766830243
253228981,11,30,1610.7921433495358,1623.875465106219
253270831,11,29,1596.7713100183755,1609.6879766830243
253270831,11,30,1610.7921433495358,1623.875465106219
253319678,64,135,3041.108636408113,3048.1132544633
253319678,64,135,3048.3239026116207,3054.752143351827
253319678,64,135,3054.754458166659,3055.078532240819
253319678,64,136,3055.289180388674,3062.21742112888
253319678,64,136,3062.428069277201,3068.029921127949
253360354,11,29,1596.7713100183755,1609.6879766830243
253360354,11,30,1610.7921433495358,1623.875465106219
253501247,11,29,1596.7713100183755,1609.6879766830243
253501247,11,30,1610.7921433495358,1623.875465106219
253501247,38,83,2333.854319276754,2346.3334859414026
253501247,38,84,2347.2987637189217,2360.5487521416508
253517149,11,29,1596.7713100183755,1609.6879766830243
253517149,11,30,1610.7921433495358,1623.875465106219
254322223,12,31,1624.958798439242,1638.9796317690052
254322223,12,32,1640.0421317685395,1652.875453523826
254322223,65,137,3068.7336248317733,3075.9674095525406
254322223,65,137,3076.178057700861,3083.47435399564
254322223,65,138,3083.685002143495,3087.4674095502123
254322223,65,138,3087.4697243650444,3090.252131771762
254322223,65,138,3090.462779919617,3096.58777991822
254365686,12,31,1624.958798439242,1638.9796317690052
254365686,12,32,1640.0421317685395,1652.875453523826
254597659,12,31,1624.958798439242,1638.9796317690052
254597659,12,32,1640.0421317685395,1652.875453523826
254740868,12,31,1624.958798439242,1638.9796317690052
254740868,12,32,1640.0421317685395,1652.875453523826
254844960,12,31,1624.958798439242,1638.9796317690052
254844960,12,32,1640.0421317685395,1652.875453523826
254901458,12,31,1624.958798439242,1638.9796317690052
254901458,12,32,1640.0421317685395,1652.875453523826
254901458,65,137,3068.7336248317733,3075.9674095525406
254901458,65,137,3076.178057700861,3083.47435399564
254901458,65,138,3083.685002143495,3087.4674095502123
254901458,65,138,3087.4697243650444,3090.252131771762
254901458,65,138,3090.462779919617,3096.58777991822
255255899,12,31,1624.958798439242,1638.9796317690052
255255899,12,32,1640.0421317685395,1652.875453523826
255472458,39,85,2361.770974363666,2374.8543076934293
255472458,39,86,2375.86125213746,2389.715407225769
255547254,5,17,1437.97971276287,1450.1880460991524
255547254,5,18,1451.563046099618,1464.2713678628206
255559790,65,137,3068.7336248317733,3075.9674095525406
255559790,65,137,3076.178057700861,3083.47435399564
255559790,65,138,3083.685002143495,3087.4674095502123
255559790,65,138,3087.4697243650444,3090.252131771762
255559790,65,138,3090.462779919617,3096.58777991822
255559790,66,139,3097.6687868623994,3104.88869426772
255559790,66,139,3105.0993424160406,3111.9743424137123
255559790,66,140,3112.184990562033,3119.076194263529
255559790,66,140,3119.2451757448725,3124.2405345398
255559790,66,140,3124.272941946984,3126.4257197240368
255567780,61,129,2962.7938563008797,2969.3332081544213
255567780,61,129,2969.543856302742,2975.1966225081123
255567780,61,130,2975.407270656433,2982.1896780659445
255567780,61,130,2982.400326214265,2988.2244002898224
255586954,61,129,2962.7938563008797,2969.3332081544213
255586954,61,129,2969.543856302742,2975.1966225081123
255586954,61,130,2975.407270656433,2982.1896780659445
255586954,61,130,2982.400326214265,2988.2244002898224
255586954,66,139,3097.6687868623994,3104.88869426772
255586954,66,139,3105.0993424160406,3111.9743424137123
255586954,66,140,3112.184990562033,3119.076194263529
255586954,66,140,3119.2451757448725,3124.2405345398
255586954,66,140,3124.272941946984,3126.4257197240368
255640745,6,19,1468.2713678642176,1477.0213678670116
255640745,6,20,1478.1047012005,1490.0421896306798
255640745,7,21,1491.625522964634,1503.0213563013822
255640745,7,22,1504.7088563023135,1516.0838447315618
255640745,61,129,2962.7938563008797,2969.3332081544213
255640745,61,129,2969.543856302742,2975.1966225081123
255640745,61,130,2975.407270656433,2982.1896780659445
255640745,61,130,2982.400326214265,2988.2244002898224
255704443,6,19,1468.2713678642176,1477.0213678670116
255704443,6,20,1478.1047012005,1490.0421896306798
255704443,7,21,1491.625522964634,1503.0213563013822
255704443,7,22,1504.7088563023135,1516.0838447315618
255704443,8,23,1517.354678065516,1529.0630114017986
255704443,8,24,1530.2713447352871,1531.7296780692411
255704443,8,24,1535.0005114031956,1542.0004998305812
255704443,33,73,2201.729388698004,2213.86132157268
255704443,33,74,2215.430766017642,2227.5696549103595
255704443,34,75,2228.750210466329,2240.902976674028
255704443,34,76,2241.9863100075163,2254.062698900234
255741939,61,129,2962.7938563008797,2969.3332081544213
255741939,61,129,2969.543856302742,2975.1966225081123
255741939,61,130,2975.407270656433,2982.1896780659445
255741939,61,130,2982.400326214265,2988.2244002898224
256162745,66,139,3097.6687868623994,3104.88869426772
256162745,66,139,3105.0993424160406,3111.9743424137123
256162745,66,140,3112.184990562033,3119.076194263529
256162745,66,140,3119.2451757448725,3124.2405345398
256162745,66,140,3124.272941946984,3126.4257197240368
256168939,11,29,1596.7713100183755,1609.6879766830243
256168939,11,30,1610.7921433495358,1623.875465106219
257570869,43,93,2474.166761370376,2486.1250831289217
257570869,43,94,2487.180638684425,2498.888972017914
257605131,4,15,1410.917224333156,1413.2505576666445
257605131,4,15,1413.2713909996671,1418.4797243336216
257605131,4,15,1421.2297243340872,1423.5005576675758
257605131,4,16,1424.5630576680414,1436.833879429381
257605131,31,69,2144.514134055469,2157.451622482855
257605131,31,70,2158.861344705336,2169.944678040687
257605749,4,15,1410.917224333156,1413.2505576666445
257605749,4,15,1413.2713909996671,1418.4797243336216
257605749,4,15,1421.2297243340872,1423.5005576675758
257605749,4,16,1424.5630576680414,1436.833879429381
257605749,5,17,1437.97971276287,1450.1880460991524
257605749,5,18,1451.563046099618,1464.2713678628206
257605749,31,69,2144.514134055469,2157.451622482855
257605749,31,70,2158.861344705336,2169.944678040687
258031958,42,91,2447.687606282532,2460.3056502612308
258031958,42,92,2461.2362058167346,2473.159816926345
258031958,43,93,2474.166761370376,2486.1250831289217
258031958,43,94,2487.180638684425,2498.888972017914
258031958,44,95,2500.1875831289217,2511.7223053518683
258031958,44,96,2513.2014604443684,2519.4167382232845
258031958,44,96,2519.4236826677807,2524.4375715572387
258032224,42,91,2447.687606282532,2460.3056502612308
258032224,42,92,2461.2362058167346,2473.159816926345
258032359,42,91,2447.687606282532,2460.3056502612308
258032359,42,92,2461.2362058167346,2473.159816926345
258032359,43,93,2474.166761370376,2486.1250831289217
258032359,43,94,2487.180638684425,2498.888972017914
258032373,42,91,2447.687606282532,2460.3056502612308
258032373,42,92,2461.2362058167346,2473.159816926345
258032409,44,95,2500.1875831289217,2511.7223053518683
258032409,44,96,2513.2014604443684,2519.4167382232845
258032409,44,96,2519.4236826677807,2524.4375715572387
258032425,43,93,2474.166761370376,2486.1250831289217
258032425,43,94,2487.180638684425,2498.888972017914
258032425,44,95,2500.1875831289217,2511.7223053518683
258032425,44,96,2513.2014604443684,2519.4167382232845
258032425,44,96,2519.4236826677807,2524.4375715572387
258032514,42,91,2447.687606282532,2460.3056502612308
258032514,42,92,2461.2362058167346,2473.159816926345
258032726,42,91,2447.687606282532,2460.3056502612308
258032726,42,92,2461.2362058167346,2473.159816926345
258062142,43,93,2474.166761370376,2486.1250831289217
258062142,43,94,2487.180638684425,2498.888972017914
258062259,42,91,2447.687606282532,2460.3056502612308
258062259,42,92,2461.2362058167346,2473.159816926345
258062259,44,95,2500.1875831289217,2511.7223053518683
258062259,44,96,2513.2014604443684,2519.4167382232845
258062259,44,96,2519.4236826677807,2524.4375715572387
258062446,42,91,2447.687606282532,2460.3056502612308
258062446,42,92,2461.2362058167346,2473.159816926345
258062446,44,95,2500.1875831289217,2511.7223053518683
258062446,44,96,2513.2014604443684,2519.4167382232845
258062446,44,96,2519.4236826677807,2524.4375715572387
258062921,43,93,2474.166761370376,2486.1250831289217
258062921,43,94,2487.180638684425,2498.888972017914
258065391,42,91,2447.687606282532,2460.3056502612308
258065391,42,92,2461.2362058167346,2473.159816926345
258065391,43,93,2474.166761370376,2486.1250831289217
258065391,43,94,2487.180638684425,2498.888972017914
258065391,58,123,2882.323983593378,2889.4235206316225
258065391,58,123,2889.634168779477,2896.0554535030387
258065391,58,124,2896.26610165136,2903.38415720826
258065391,58,124,2903.5948053565808,2910.048509061802
258065430,43,93,2474.166761370376,2486.1250831289217
258065430,43,94,2487.180638684425,2498.888972017914
258065880,42,91,2447.687606282532,2460.3056502612308
258065880,42,92,2461.2362058167346,2473.159816926345
258066616,44,95,2500.1875831289217,2511.7223053518683
258066616,44,96,2513.2014604443684,2519.4167382232845
258066616,44,96,2519.4236826677807,2524.4375715572387
258066811,43,93,2474.166761370376,2486.1250831289217
258066811,43,94,2487.180638684425,2498.888972017914
258066901,42,91,2447.687606282532,2460.3056502612308
258066901,42,92,2461.2362058167346,2473.159816926345
258066973,42,91,2447.687606282532,2460.3056502612308
258066973,42,92,2461.2362058167346,2473.159816926345
258066973,43,93,2474.166761370376,2486.1250831289217
258066973,43,94,2487.180638684425,2498.888972017914
258067034,44,95,2500.1875831289217,2511.7223053518683
258067034,44,96,2513.2014604443684,2519.4167382232845
258067034,44,96,2519.4236826677807,2524.4375715572387
258067178,42,91,2447.687606282532,2460.3056502612308
258067178,42,92,2461.2362058167346,2473.159816926345
258067178,43,93,2474.166761370376,2486.1250831289217
258067178,43,94,2487.180638684425,2498.888972017914
258067178,44,95,2500.1875831289217,2511.7223053518683
258067178,44,96,2513.2014604443684,2519.4167382232845
258067178,44,96,2519.4236826677807,2524.4375715572387
258067247,42,91,2447.687606282532,2460.3056502612308
258067247,42,92,2461.2362058167346,2473.159816926345
258067247,43,93,2474.166761370376,2486.1250831289217
258067247,43,94,2487.180638684425,2498.888972017914
258067247,44,95,2500.1875831289217,2511.7223053518683
258067247,44,96,2513.2014604443684,2519.4167382232845
258067247,44,96,2519.4236826677807,2524.4375715572387
258067348,42,91,2447.687606282532,2460.3056502612308
258067348,42,92,2461.2362058167346,2473.159816926345
258067348,43,93,2474.166761370376,2486.1250831289217
258067348,43,94,2487.180638684425,2498.888972017914
258067348,44,95,2500.1875831289217,2511.7223053518683
258067348,44,96,2513.2014604443684,2519.4167382232845
258067348,44,96,2519.4236826677807,2524.4375715572387
258067352,43,93,2474.166761370376,2486.1250831289217
258067352,43,94,2487.180638684425,2498.888972017914
258067363,42,91,2447.687606282532,2460.3056502612308
258067363,42,92,2461.2362058167346,2473.159816926345
258067389,43,93,2474.166761370376,2486.1250831289217
258067389,43,94,2487.180638684425,2498.888972017914
258067389,44,95,2500.1875831289217,2511.7223053518683
258067389,44,96,2513.2014604443684,2519.4167382232845
258067389,44,96,2519.4236826677807,2524.4375715572387
258067448,42,91,2447.687606282532,2460.3056502612308
258067448,42,92,2461.2362058167346,2473.159816926345
258067448,43,93,2474.166761370376,2486.1250831289217
258067448,43,94,2487.180638684425,2498.888972017914
258067448,44,95,2500.1875831289217,2511.7223053518683
258067448,44,96,2513.2014604443684,2519.4167382232845
258067448,44,96,2519.4236826677807,2524.4375715572387
258067465,43,93,2474.166761370376,2486.1250831289217
258067465,43,94,2487.180638684425,2498.888972017914
258067744,42,91,2447.687606282532,2460.3056502612308
258067744,42,92,2461.2362058167346,2473.159816926345
258067744,43,93,2474.166761370376,2486.1250831289217
258067744,43,94,2487.180638684425,2498.888972017914
258067744,44,95,2500.1875831289217,2511.7223053518683
258067744,44,96,2513.2014604443684,2519.4167382232845
258067744,44,96,2519.4236826677807,2524.4375715572387
258067964,42,91,2447.687606282532,2460.3056502612308
258067964,42,92,2461.2362058167346,2473.159816926345
258135255,44,95,2500.1875831289217,2511.7223053518683
258135255,44,96,2513.2014604443684,2519.4167382232845
258135255,44,96,2519.4236826677807,2524.4375715572387
258135305,42,91,2447.687606282532,2460.3056502612308
258135305,42,92,2461.2362058167346,2473.159816926345
258135305,43,93,2474.166761370376,2486.1250831289217
258135305,43,94,2487.180638684425,2498.888972017914
258135305,44,95,2500.1875831289217,2511.7223053518683
258135305,44,96,2513.2014604443684,2519.4167382232845
258135305,44,96,2519.4236826677807,2524.4375715572387
258135430,42,91,2447.687606282532,2460.3056502612308
258135430,42,92,2461.2362058167346,2473.159816926345
258135430,43,93,2474.166761370376,2486.1250831289217
258135430,43,94,2487.180638684425,2498.888972017914
258135430,44,95,2500.1875831289217,2511.7223053518683
258135430,44,96,2513.2014604443684,2519.4167382232845
258135430,44,96,2519.4236826677807,2524.4375715572387
258135628,44,95,2500.1875831289217,2511.7223053518683
258135628,44,96,2513.2014604443684,2519.4167382232845
258135628,44,96,2519.4236826677807,2524.4375715572387
258382306,10,27,1569.4379882598296,1581.771321593318
258382306,10,28,1582.771321593318,1595.667143351864
258382306,37,81,2307.2362868711352,2319.0279419636354
258382306,37,82,2320.222386407666,2332.576553073246
258382313,10,27,1569.4379882598296,1581.771321593318
258382313,10,28,1582.771321593318,1595.667143351864
258382313,37,81,2307.2362868711352,2319.0279419636354
258382313,37,82,2320.222386407666,2332.576553073246
258455309,11,29,1596.7713100183755,1609.6879766830243
258455309,11,30,1610.7921433495358,1623.875465106219
258455309,37,81,2307.2362868711352,2319.0279419636354
258455309,37,82,2320.222386407666,2332.576553073246
258583891,11,29,1596.7713100183755,1609.6879766830243
258583891,11,30,1610.7921433495358,1623.875465106219
258583891,64,135,3041.108636408113,3048.1132544633
258583891,64,135,3048.3239026116207,3054.752143351827
258583891,64,135,3054.754458166659,3055.078532240819
258583891,64,136,3055.289180388674,3062.21742112888
258583891,64,136,3062.428069277201,3068.029921127949
258789022,11,29,1596.7713100183755,1609.6879766830243
258789022,11,30,1610.7921433495358,1623.875465106219
258789022,64,135,3041.108636408113,3048.1132544633
258789022,64,135,3048.3239026116207,3054.752143351827
258789022,64,135,3054.754458166659,3055.078532240819
258789022,64,136,3055.289180388674,3062.21742112888
258789022,64,136,3062.428069277201,3068.029921127949
258790078,64,135,3041.108636408113,3048.1132544633
258790078,64,135,3048.3239026116207,3054.752143351827
258790078,64,135,3054.754458166659,3055.078532240819
258790078,64,136,3055.289180388674,3062.21742112888
258790078,64,136,3062.428069277201,3068.029921127949
259147715,58,123,2882.323983593378,2889.4235206316225
259147715,58,123,2889.634168779477,2896.0554535030387
259147715,58,124,2896.26610165136,2903.38415720826
259147715,58,124,2903.5948053565808,2910.048509061802
259542669,3,13,1381.7089025736786,1382.5214025736786
259542669,3,13,1382.6047359071672,1383.62556924019
259542669,3,13,1383.6672359071672,1384.2714025736786
259542669,3,13,1384.31306924019,1385.87556924019
259542669,3,13,1385.93806924019,1395.4380692397244
259542669,3,13,1395.583902573213,1396.458902573213
259542669,3,13,1396.5005692397244,1396.5630692397244
259542669,3,14,1396.646402573213,1409.3755576661788
259542669,4,15,1410.917224333156,1413.2505576666445
259542669,4,15,1413.2713909996671,1418.4797243336216
259542669,4,15,1421.2297243340872,1423.5005576675758
259542669,4,16,1424.5630576680414,1436.833879429381
259542669,5,17,1437.97971276287,1450.1880460991524
259542669,5,18,1451.563046099618,1464.2713678628206
259542669,30,67,2115.882201184518,2129.139134054538
259542669,30,68,2130.208578499034,2143.222467388492
259542669,31,69,2144.514134055469,2157.451622482855
259542669,31,70,2158.861344705336,2169.944678040687
259542669,32,71,2174.222455819603,2185.9377220263705
259542669,32,72,2186.9446664713323,2200.2293886975385
259573373,4,15,1410.917224333156,1413.2505576666445
259573373,4,15,1413.2713909996671,1418.4797243336216
259573373,4,15,1421.2297243340872,1423.5005576675758
259573373,4,16,1424.5630576680414,1436.833879429381
259573373,30,67,2115.882201184518,2129.139134054538
259573373,30,68,2130.208578499034,2143.222467388492
259573397,3,13,1381.7089025736786,1382.5214025736786
259573397,3,13,1382.6047359071672,1383.62556924019
259573397,3,13,1383.6672359071672,1384.2714025736786
259573397,3,13,1384.31306924019,1385.87556924019
259573397,3,13,1385.93806924019,1395.4380692397244
259573397,3,13,1395.583902573213,1396.458902573213
259573397,3,13,1396.5005692397244,1396.5630692397244
259573397,3,14,1396.646402573213,1409.3755576661788
259573397,4,15,1410.917224333156,1413.2505576666445
259573397,4,15,1413.2713909996671,1418.4797243336216
259573397,4,15,1421.2297243340872,1423.5005576675758
259573397,4,16,1424.5630576680414,1436.833879429381
259573397,5,17,1437.97971276287,1450.1880460991524
259573397,5,18,1451.563046099618,1464.2713678628206
259573397,30,67,2115.882201184518,2129.139134054538
259573397,30,68,2130.208578499034,2143.222467388492
259573397,31,69,2144.514134055469,2157.451622482855
259573397,31,70,2158.861344705336,2169.944678040687
259573397,32,71,2174.222455819603,2185.9377220263705
259573397,32,72,2186.9446664713323,2200.2293886975385
259586708,3,13,1381.7089025736786,1382.5214025736786
259586708,3,13,1382.6047359071672,1383.62556924019
259586708,3,13,1383.6672359071672,1384.2714025736786
259586708,3,13,1384.31306924019,1385.87556924019
259586708,3,13,1385.93806924019,1395.4380692397244
259586708,3,13,1395.583902573213,1396.458902573213
259586708,3,13,1396.5005692397244,1396.5630692397244
259586708,3,14,1396.646402573213,1409.3755576661788
259586708,4,15,1410.917224333156,1413.2505576666445
259586708,4,15,1413.2713909996671,1418.4797243336216
259586708,4,15,1421.2297243340872,1423.5005576675758
259586708,4,16,1424.5630576680414,1436.833879429381
259586708,5,17,1437.97971276287,1450.1880460991524
259586708,5,18,1451.563046099618,1464.2713678628206
259586708,6,19,1468.2713678642176,1477.0213678670116
259586708,6,20,1478.1047012005,1490.0421896306798
259586708,30,67,2115.882201184518,2129.139134054538
259586708,30,68,2130.208578499034,2143.222467388492
259586708,31,69,2144.514134055469,2157.451622482855
259586708,31,70,2158.861344705336,2169.944678040687
259586708,32,71,2174.222455819603,2185.9377220263705
259586708,32,72,2186.9446664713323,2200.2293886975385
259645014,4,15,1410.917224333156,1413.2505576666445
259645014,4,15,1413.2713909996671,1418.4797243336216
259645014,4,15,1421.2297243340872,1423.5005576675758
259645014,4,16,1424.5630576680414,1436.833879429381
259645014,5,17,1437.97971276287,1450.1880460991524
259645014,5,18,1451.563046099618,1464.2713678628206
259645014,6,19,1468.2713678642176,1477.0213678670116
259645014,6,20,1478.1047012005,1490.0421896306798
259645014,31,69,2144.514134055469,2157.451622482855
259645014,31,70,2158.861344705336,2169.944678040687
259645014,32,71,2174.222455819603,2185.9377220263705
259645014,32,72,2186.9446664713323,2200.2293886975385
260351540,1,9,1325.3130924007855,1338.5214257300831
260351540,1,10,1339.6672474890947,1353.167247485835
260351540,2,11,1354.1047474853694,1367.1464141495526
260351540,2,12,1368.6047359085642,1381.5005692406558
260351540,3,13,1381.7089025736786,1382.5214025736786
260351540,3,13,1382.6047359071672,1383.62556924019
260351540,3,13,1383.6672359071672,1384.2714025736786
260351540,3,13,1384.31306924019,1385.87556924019
260351540,3,13,1385.93806924019,1395.4380692397244
260351540,3,13,1395.583902573213,1396.458902573213
260351540,3,13,1396.5005692397244,1396.5630692397244
260351540,3,14,1396.646402573213,1409.3755576661788
260351540,4,15,1410.917224333156,1413.2505576666445
260351540,4,15,1413.2713909996671,1418.4797243336216
260351540,4,15,1421.2297243340872,1423.5005576675758
260351540,4,16,1424.5630576680414,1436.833879429381
260351540,5,17,1437.97971276287,1450.1880460991524
260351540,5,18,1451.563046099618,1464.2713678628206
260351540,6,19,1468.2713678642176,1477.0213678670116
260351540,6,20,1478.1047012005,1490.0421896306798
260351540,7,21,1491.625522964634,1503.0213563013822
260351540,7,22,1504.7088563023135,1516.0838447315618
260351540,8,23,1517.354678065516,1529.0630114017986
260351540,8,24,1530.2713447352871,1531.7296780692411
260351540,8,24,1535.0005114031956,1542.0004998305812
260351540,9,25,1543.2296664975584,1555.542166499421
260351540,9,26,1556.729666499421,1568.458821593318
260351540,11,29,1596.7713100183755,1609.6879766830243
260351540,11,30,1610.7921433495358,1623.875465106219
260351540,12,31,1624.958798439242,1638.9796317690052
260351540,12,32,1640.0421317685395,1652.875453523826
260351540,13,33,1653.9171201903373,1667.6879535191692
260351540,13,34,1668.6254535187036,1682.3546086070128
260351540,27,61,2036.2780692591327,2048.125279903412
260351540,27,62,2049.1530576804653,2060.6391687882133
260351540,28,63,2061.847502121236,2073.958601654973
260351540,28,64,2075.1530460990034,2087.0974905407056
260351540,29,65,2088.2363794292323,2101.375256741885
260351540,29,66,2102.326645630412,2114.430812295992
260351540,30,67,2115.882201184518,2129.139134054538
260351540,30,68,2130.208578499034,2143.222467388492
260351540,31,69,2144.514134055469,2157.451622482855
260351540,31,70,2158.861344705336,2169.944678040687
260351540,32,71,2174.222455819603,2185.9377220263705
260351540,32,72,2186.9446664713323,2200.2293886975385
260351540,33,73,2201.729388698004,2213.86132157268
260351540,33,74,2215.430766017642,2227.5696549103595
260351540,34,75,2228.750210466329,2240.902976674028
260351540,34,76,2241.9863100075163,2254.062698900234
260351540,35,77,2254.9863100117072,2266.1043539959937
260351540,35,77,2266.3751873290166,2267.146020662505
260351540,35,78,2268.583520662971,2279.979353998322
260351540,36,79,2280.902965109796,2292.8543424261734
260351540,36,80,2293.7918424261734,2305.9862868711352
260351540,37,81,2307.2362868711352,2319.0279419636354
260351540,37,82,2320.222386407666,2332.576553073246
260351540,38,83,2333.854319276754,2346.3334859414026
260351540,38,84,2347.2987637189217,2360.5487521416508
260351540,39,85,2361.770974363666,2374.8543076934293
260351540,39,86,2375.86125213746,2389.715407225769
260371228,62,131,2988.435048438143,2994.881807698868
260371228,62,131,2995.092455847189,3000.9234627927653
260371228,62,132,3001.134110941086,3007.53457390517
260371228,62,132,3007.7452220534906,3014.152629461605
260402407,56,119,2825.252247483935,2831.724469705019
260402407,56,119,2831.93511785334,2838.513821555767
260402407,56,120,2838.724469704088,2845.87723590713
260402407,56,120,2846.0855692406185,2853.1388099808246
260402407,57,121,2853.349458129145,2860.5763099808246
260402407,57,121,2860.7869581286795,2863.282328499481
260402407,57,121,2866.409643314313,2867.245291462168
260402407,57,122,2867.4559396104887,2874.606391000096
260402407,57,122,2874.8170391479507,2882.1133354450576
260473548,28,63,2061.847502121236,2073.958601654973
260473548,28,64,2075.1530460990034,2087.0974905407056
260473548,29,65,2088.2363794292323,2101.375256741885
260473548,29,66,2102.326645630412,2114.430812295992
260473548,32,71,2174.222455819603,2185.9377220263705
260473548,32,72,2186.9446664713323,2200.2293886975385
260473548,33,73,2201.729388698004,2213.86132157268
260473548,33,74,2215.430766017642,2227.5696549103595
260473548,34,75,2228.750210466329,2240.902976674028
260473548,34,76,2241.9863100075163,2254.062698900234
260473548,35,77,2254.9863100117072,2266.1043539959937
260473548,35,77,2266.3751873290166,2267.146020662505
260473548,35,78,2268.583520662971,2279.979353998322
260473548,38,83,2333.854319276754,2346.3334859414026
260473548,38,84,2347.2987637189217,2360.5487521416508
260473548,39,85,2361.770974363666,2374.8543076934293
260473548,39,86,2375.86125213746,2389.715407225769
260605685,61,129,2962.7938563008797,2969.3332081544213
260605685,61,129,2969.543856302742,2975.1966225081123
260605685,61,130,2975.407270656433,2982.1896780659445
260605685,61,130,2982.400326214265,2988.2244002898224
260606274,61,129,2962.7938563008797,2969.3332081544213
260606274,61,129,2969.543856302742,2975.1966225081123
260606274,61,130,2975.407270656433,2982.1896780659445
260606274,61,130,2982.400326214265,2988.2244002898224
260606274,62,131,2988.435048438143,2994.881807698868
260606274,62,131,2995.092455847189,3000.9234627927653
260606274,62,132,3001.134110941086,3007.53457390517
260606274,62,132,3007.7452220534906,3014.152629461605
260606274,63,133,3014.3632776099257,3021.187351684552
260606274,63,133,3021.3979998328723,3027.3910438148305
260606274,63,134,3027.601691963151,3034.0901178894565
260606274,63,134,3034.300766037777,3040.8979882597923
260606274,66,139,3097.6687868623994,3104.88869426772
260606274,66,139,3105.0993424160406,3111.9743424137123
260606274,66,140,3112.184990562033,3119.076194263529
260606274,66,140,3119.2451757448725,3124.2405345398
260606274,66,140,3124.272941946984,3126.4257197240368
260606274,67,141,3126.6363678723574,3133.1132197217084
260606274,67,141,3133.323867870029,3140.2497937935404
260606274,67,142,3140.460441941861,3147.703497495037
260606274,67,142,3147.91413406888,3154.395615548361
260640943,61,129,2962.7938563008797,2969.3332081544213
260640943,61,129,2969.543856302742,2975.1966225081123
260640943,61,130,2975.407270656433,2982.1896780659445
260640943,61,130,2982.400326214265,2988.2244002898224
260640943,62,131,2988.435048438143,2994.881807698868
260640943,62,131,2995.092455847189,3000.9234627927653
260640943,62,132,3001.134110941086,3007.53457390517
260640943,62,132,3007.7452220534906,3014.152629461605
260640943,63,133,3014.3632776099257,3021.187351684552
260640943,63,133,3021.3979998328723,3027.3910438148305
260640943,63,134,3027.601691963151,3034.0901178894565
260640943,63,134,3034.300766037777,3040.8979882597923
260640943,64,135,3041.108636408113,3048.1132544633
260640943,64,135,3048.3239026116207,3054.752143351827
260640943,64,135,3054.754458166659,3055.078532240819
260640943,64,136,3055.289180388674,3062.21742112888
260640943,64,136,3062.428069277201,3068.029921127949
260640943,65,137,3068.7336248317733,3075.9674095525406
260640943,65,137,3076.178057700861,3083.47435399564
260640943,65,138,3083.685002143495,3087.4674095502123
260640943,65,138,3087.4697243650444,3090.252131771762
260640943,65,138,3090.462779919617,3096.58777991822
260640943,66,139,3097.6687868623994,3104.88869426772
260640943,66,139,3105.0993424160406,3111.9743424137123
260640943,66,140,3112.184990562033,3119.076194263529
260640943,66,140,3119.2451757448725,3124.2405345398
260640943,66,140,3124.272941946984,3126.4257197240368
260769622,64,135,3041.108636408113,3048.1132544633
260769622,64,135,3048.3239026116207,3054.752143351827
260769622,64,135,3054.754458166659,3055.078532240819
260769622,64,136,3055.289180388674,3062.21742112888
260769622,64,136,3062.428069277201,3068.029921127949
260772424,64,135,3041.108636408113,3048.1132544633
260772424,64,135,3048.3239026116207,3054.752143351827
260772424,64,135,3054.754458166659,3055.078532240819
260772424,64,136,3055.289180388674,3062.21742112888
260772424,64,136,3062.428069277201,3068.029921127949
260773190,10,27,1569.4379882598296,1581.771321593318
260773190,10,28,1582.771321593318,1595.667143351864
260778617,10,27,1569.4379882598296,1581.771321593318
260778617,10,28,1582.771321593318,1595.667143351864
260778617,11,29,1596.7713100183755,1609.6879766830243
260778617,11,30,1610.7921433495358,1623.875465106219
260778617,37,81,2307.2362868711352,2319.0279419636354
260778617,37,82,2320.222386407666,2332.576553073246
260778617,64,135,3041.108636408113,3048.1132544633
260778617,64,135,3048.3239026116207,3054.752143351827
260778617,64,135,3054.754458166659,3055.078532240819
260778617,64,136,3055.289180388674,3062.21742112888
260778617,64,136,3062.428069277201,3068.029921127949
261389834,11,29,1596.7713100183755,1609.6879766830243
261389834,11,30,1610.7921433495358,1623.875465106219
261389834,38,83,2333.854319276754,2346.3334859414026
261389834,38,84,2347.2987637189217,2360.5487521416508
261993378,11,29,1596.7713100183755,1609.6879766830243
261993378,11,30,1610.7921433495358,1623.875465106219
261993378,38,83,2333.854319276754,2346.3334859414026
261993378,38,84,2347.2987637189217,2360.5487521416508
261993378,65,137,3068.7336248317733,3075.9674095525406
261993378,65,137,3076.178057700861,3083.47435399564
261993378,65,138,3083.685002143495,3087.4674095502123
261993378,65,138,3087.4697243650444,3090.252131771762
261993378,65,138,3090.462779919617,3096.58777991822
262609754,1,9,1325.3130924007855,1338.5214257300831
262609754,1,10,1339.6672474890947,1353.167247485835
262609754,2,11,1354.1047474853694,1367.1464141495526
262609754,2,12,1368.6047359085642,1381.5005692406558
262609754,4,15,1410.917224333156,1413.2505576666445
262609754,4,15,1413.2713909996671,1418.4797243336216
262609754,4,15,1421.2297243340872,1423.5005576675758
262609754,4,16,1424.5630576680414,1436.833879429381
262609754,5,17,1437.97971276287,1450.1880460991524
262609754,5,18,1451.563046099618,1464.2713678628206
262609754,6,19,1468.2713678642176,1477.0213678670116
262609754,6,20,1478.1047012005,1490.0421896306798
262609754,7,21,1491.625522964634,1503.0213563013822
262609754,7,22,1504.7088563023135,1516.0838447315618
262609754,8,23,1517.354678065516,1529.0630114017986
262609754,8,24,1530.2713447352871,1531.7296780692411
262609754,8,24,1535.0005114031956,1542.0004998305812
262609754,9,25,1543.2296664975584,1555.542166499421
262609754,9,26,1556.729666499421,1568.458821593318
262609754,10,27,1569.4379882598296,1581.771321593318
262609754,10,28,1582.771321593318,1595.667143351864
262609754,11,29,1596.7713100183755,1609.6879766830243
262609754,11,30,1610.7921433495358,1623.875465106219
262609754,13,33,1653.9171201903373,1667.6879535191692
262609754,13,34,1668.6254535187036,1682.3546086070128
262609754,61,129,2962.7938563008797,2969.3332081544213
262609754,61,129,2969.543856302742,2975.1966225081123
262609754,61,130,2975.407270656433,2982.1896780659445
262609754,61,130,2982.400326214265,2988.2244002898224
262609754,62,131,2988.435048438143,2994.881807698868
262609754,62,131,2995.092455847189,3000.9234627927653
262609754,62,132,3001.134110941086,3007.53457390517
262609754,62,132,3007.7452220534906,3014.152629461605
262609754,63,133,3014.3632776099257,3021.187351684552
262609754,63,133,3021.3979998328723,3027.3910438148305
262609754,63,134,3027.601691963151,3034.0901178894565
262609754,63,134,3034.300766037777,3040.8979882597923
262609754,64,135,3041.108636408113,3048.1132544633
262609754,64,135,3048.3239026116207,3054.752143351827
262609754,64,135,3054.754458166659,3055.078532240819
262609754,64,136,3055.289180388674,3062.21742112888
262609754,64,136,3062.428069277201,3068.029921127949
262609754,67,141,3126.6363678723574,3133.1132197217084
262609754,67,141,3133.323867870029,3140.2497937935404
262609754,67,142,3140.460441941861,3147.703497495037
262609754,67,142,3147.91413406888,3154.395615548361
262845086,43,93,2474.166761370376,2486.1250831289217
262845086,43,94,2487.180638684425,2498.888972017914
262869616,65,137,3068.7336248317733,3075.9674095525406
262869616,65,137,3076.178057700861,3083.47435399564
262869616,65,138,3083.685002143495,3087.4674095502123
262869616,65,138,3087.4697243650444,3090.252131771762
262869616,65,138,3090.462779919617,3096.58777991822
262869616,66,139,3097.6687868623994,3104.88869426772
262869616,66,139,3105.0993424160406,3111.9743424137123
262869616,66,140,3112.184990562033,3119.076194263529
262869616,66,140,3119.2451757448725,3124.2405345398
262869616,66,140,3124.272941946984,3126.4257197240368
264615360,18,43,1790.6670622974634,1791.1045622974634
264615360,18,43,1791.375395630952,1802.4378956332805
264615360,18,44,1803.4587289667688,1815.0212173955515
265143793,66,139,3097.6687868623994,3104.88869426772
265143793,66,139,3105.0993424160406,3111.9743424137123
265143793,66,140,3112.184990562033,3119.076194263529
265143793,66,140,3119.2451757448725,3124.2405345398
265143793,66,140,3124.272941946984,3126.4257197240368
265143793,67,141,3126.6363678723574,3133.1132197217084
265143793,67,141,3133.323867870029,3140.2497937935404
265143793,67,142,3140.460441941861,3147.703497495037
265143793,67,142,3147.91413406888,3154.395615548361
265179710,12,31,1624.958798439242,1638.9796317690052
265179710,12,32,1640.0421317685395,1652.875453523826
265179710,13,33,1653.9171201903373,1667.6879535191692
265179710,13,34,1668.6254535187036,1682.3546086070128
265179710,27,61,2036.2780692591327,2048.125279903412
265179710,27,62,2049.1530576804653,2060.6391687882133
265179710,39,85,2361.770974363666,2374.8543076934293
265179710,39,86,2375.86125213746,2389.715407225769
265179710,66,139,3097.6687868623994,3104.88869426772
265179710,66,139,3105.0993424160406,3111.9743424137123
265179710,66,140,3112.184990562033,3119.076194263529
265179710,66,140,3119.2451757448725,3124.2405345398
265179710,66,140,3124.272941946984,3126.4257197240368
265179710,67,141,3126.6363678723574,3133.1132197217084
265179710,67,141,3133.323867870029,3140.2497937935404
265179710,67,142,3140.460441941861,3147.703497495037
265179710,67,142,3147.91413406888,3154.395615548361
265684496,59,125,2910.259157210123,2916.742953508161
265684496,59,125,2916.9536016564816,2917.7707312861457
265684496,59,125,2917.77536091581,2923.347108602524
265684496,59,126,2923.5577567508444,2930.277664160356
265684496,59,126,2930.4883123086765,2936.6873863846995
265884222,59,125,2910.259157210123,2916.742953508161
265884222,59,125,2916.9536016564816,2917.7707312861457
265884222,59,125,2917.77536091581,2923.347108602524
265884222,59,126,2923.5577567508444,2930.277664160356
265884222,59,126,2930.4883123086765,2936.6873863846995
266271836,12,31,1624.958798439242,1638.9796317690052
266271836,12,32,1640.0421317685395,1652.875453523826
266271836,39,85,2361.770974363666,2374.8543076934293
266271836,39,86,2375.86125213746,2389.715407225769
267227572,59,125,2910.259157210123,2916.742953508161
267227572,59,125,2916.9536016564816,2917.7707312861457
267227572,59,125,2917.77536091581,2923.347108602524
267227572,59,126,2923.5577567508444,2930.277664160356
267227572,59,126,2930.4883123086765,2936.6873863846995
267506506,59,125,2910.259157210123,2916.742953508161
267506506,59,125,2916.9536016564816,2917.7707312861457
267506506,59,125,2917.77536091581,2923.347108602524
267506506,59,126,2923.5577567508444,2930.277664160356
267506506,59,126,2930.4883123086765,2936.6873863846995
267845661,10,27,1569.4379882598296,1581.771321593318
267845661,10,28,1582.771321593318,1595.667143351864
267845661,11,29,1596.7713100183755,1609.6879766830243
267845661,11,30,1610.7921433495358,1623.875465106219
268018471,44,95,2500.1875831289217,2511.7223053518683
268018471,44,96,2513.2014604443684,2519.4167382232845
268018471,44,96,2519.4236826677807,2524.4375715572387
268080373,43,93,2474.166761370376,2486.1250831289217
268080373,43,94,2487.180638684425,2498.888972017914
268080373,44,95,2500.1875831289217,2511.7223053518683
268080373,44,96,2513.2014604443684,2519.4167382232845
268080373,44,96,2519.4236826677807,2524.4375715572387
268148957,43,93,2474.166761370376,2486.1250831289217
268148957,43,94,2487.180638684425,2498.888972017914
268148971,43,93,2474.166761370376,2486.1250831289217
268148971,43,94,2487.180638684425,2498.888972017914
268148971,44,95,2500.1875831289217,2511.7223053518683
268148971,44,96,2513.2014604443684,2519.4167382232845
268148971,44,96,2519.4236826677807,2524.4375715572387
268148974,43,93,2474.166761370376,2486.1250831289217
268148974,43,94,2487.180638684425,2498.888972017914
268148974,44,95,2500.1875831289217,2511.7223053518683
268148974,44,96,2513.2014604443684,2519.4167382232845
268148974,44,96,2519.4236826677807,2524.4375715572387
268148996,44,95,2500.1875831289217,2511.7223053518683
268148996,44,96,2513.2014604443684,2519.4167382232845
268148996,44,96,2519.4236826677807,2524.4375715572387
268217504,43,93,2474.166761370376,2486.1250831289217
268217504,43,94,2487.180638684425,2498.888972017914
268279773,43,93,2474.166761370376,2486.1250831289217
268279773,43,94,2487.180638684425,2498.888972017914
268279773,44,95,2500.1875831289217,2511.7223053518683
268279773,44,96,2513.2014604443684,2519.4167382232845
268279773,44,96,2519.4236826677807,2524.4375715572387
268283585,43,93,2474.166761370376,2486.1250831289217
268283585,43,94,2487.180638684425,2498.888972017914
268283585,44,95,2500.1875831289217,2511.7223053518683
268283585,44,96,2513.2014604443684,2519.4167382232845
268283585,44,96,2519.4236826677807,2524.4375715572387
268324394,44,95,2500.1875831289217,2511.7223053518683
268324394,44,96,2513.2014604443684,2519.4167382232845
268324394,44,96,2519.4236826677807,2524.4375715572387
268324608,43,93,2474.166761370376,2486.1250831289217
268324608,43,94,2487.180638684425,2498.888972017914
268325250,43,93,2474.166761370376,2486.1250831289217
268325250,43,94,2487.180638684425,2498.888972017914
268325250,44,95,2500.1875831289217,2511.7223053518683
268325250,44,96,2513.2014604443684,2519.4167382232845
268325250,44,96,2519.4236826677807,2524.4375715572387
268326359,43,93,2474.166761370376,2486.1250831289217
268326359,43,94,2487.180638684425,2498.888972017914
268397430,43,93,2474.166761370376,2486.1250831289217
268397430,43,94,2487.180638684425,2498.888972017914
268397430,44,95,2500.1875831289217,2511.7223053518683
268397430,44,96,2513.2014604443684,2519.4167382232845
268397430,44,96,2519.4236826677807,2524.4375715572387
268397434,43,93,2474.166761370376,2486.1250831289217
268397434,43,94,2487.180638684425,2498.888972017914
268397434,44,95,2500.1875831289217,2511.7223053518683
268397434,44,96,2513.2014604443684,2519.4167382232845
268397434,44,96,2519.4236826677807,2524.4375715572387
268397898,43,93,2474.166761370376,2486.1250831289217
268397898,43,94,2487.180638684425,2498.888972017914
268397995,43,93,2474.166761370376,2486.1250831289217
268397995,43,94,2487.180638684425,2498.888972017914
268397995,44,95,2500.1875831289217,2511.7223053518683
268397995,44,96,2513.2014604443684,2519.4167382232845
268397995,44,96,2519.4236826677807,2524.4375715572387
268444803,43,93,2474.166761370376,2486.1250831289217
268444803,43,94,2487.180638684425,2498.888972017914
268444803,44,95,2500.1875831289217,2511.7223053518683
268444803,44,96,2513.2014604443684,2519.4167382232845
268444803,44,96,2519.4236826677807,2524.4375715572387
268444804,43,93,2474.166761370376,2486.1250831289217
268444804,43,94,2487.180638684425,2498.888972017914
268444804,44,95,2500.1875831289217,2511.7223053518683
268444804,44,96,2513.2014604443684,2519.4167382232845
268444804,44,96,2519.4236826677807,2524.4375715572387
268511204,43,93,2474.166761370376,2486.1250831289217
268511204,43,94,2487.180638684425,2498.888972017914
268511204,44,95,2500.1875831289217,2511.7223053518683
268511204,44,96,2513.2014604443684,2519.4167382232845
268511204,44,96,2519.4236826677807,2524.4375715572387
268511247,43,93,2474.166761370376,2486.1250831289217
268511247,43,94,2487.180638684425,2498.888972017914
268511247,44,95,2500.1875831289217,2511.7223053518683
268511247,44,96,2513.2014604443684,2519.4167382232845
268511247,44,96,2519.4236826677807,2524.4375715572387
268513263,44,95,2500.1875831289217,2511.7223053518683
268513263,44,96,2513.2014604443684,2519.4167382232845
268513263,44,96,2519.4236826677807,2524.4375715572387
268539465,64,135,3041.108636408113,3048.1132544633
268539465,64,135,3048.3239026116207,3054.752143351827
268539465,64,135,3054.754458166659,3055.078532240819
268539465,64,136,3055.289180388674,3062.21742112888
268539465,64,136,3062.428069277201,3068.029921127949
269155560,12,31,1624.958798439242,1638.9796317690052
269155560,12,32,1640.0421317685395,1652.875453523826
269155561,12,31,1624.958798439242,1638.9796317690052
269155561,12,32,1640.0421317685395,1652.875453523826
269797536,2,11,1354.1047474853694,1367.1464141495526
269797536,2,12,1368.6047359085642,1381.5005692406558
269797536,5,17,1437.97971276287,1450.1880460991524
269797536,5,18,1451.563046099618,1464.2713678628206
269797536,8,23,1517.354678065516,1529.0630114017986
269797536,8,24,1530.2713447352871,1531.7296780692411
269797536,8,24,1535.0005114031956,1542.0004998305812
269797536,11,29,1596.7713100183755,1609.6879766830243
269797536,11,30,1610.7921433495358,1623.875465106219
269797536,12,31,1624.958798439242,1638.9796317690052
269797536,12,32,1640.0421317685395,1652.875453523826
269797536,13,33,1653.9171201903373,1667.6879535191692
269797536,13,34,1668.6254535187036,1682.3546086070128
269797536,27,61,2036.2780692591327,2048.125279903412
269797536,27,62,2049.1530576804653,2060.6391687882133
269797536,28,63,2061.847502121236,2073.958601654973
269797536,28,64,2075.1530460990034,2087.0974905407056
269797536,29,65,2088.2363794292323,2101.375256741885
269797536,29,66,2102.326645630412,2114.430812295992
269797536,32,71,2174.222455819603,2185.9377220263705
269797536,32,72,2186.9446664713323,2200.2293886975385
269797536,35,77,2254.9863100117072,2266.1043539959937
269797536,35,77,2266.3751873290166,2267.146020662505
269797536,35,78,2268.583520662971,2279.979353998322
269797536,38,83,2333.854319276754,2346.3334859414026
269797536,38,84,2347.2987637189217,2360.5487521416508
269797536,39,85,2361.770974363666,2374.8543076934293
269797536,39,86,2375.86125213746,2389.715407225769
269797536,61,129,2962.7938563008797,2969.3332081544213
269797536,61,129,2969.543856302742,2975.1966225081123
269797536,61,130,2975.407270656433,2982.1896780659445
269797536,61,130,2982.400326214265,2988.2244002898224
269797536,62,131,2988.435048438143,2994.881807698868
269797536,62,131,2995.092455847189,3000.9234627927653
269797536,62,132,3001.134110941086,3007.53457390517
269797536,62,132,3007.7452220534906,3014.152629461605
269797536,65,137,3068.7336248317733,3075.9674095525406
269797536,65,137,3076.178057700861,3083.47435399564
269797536,65,138,3083.685002143495,3087.4674095502123
269797536,65,138,3087.4697243650444,3090.252131771762
269797536,65,138,3090.462779919617,3096.58777991822
269797536,66,139,3097.6687868623994,3104.88869426772
269797536,66,139,3105.0993424160406,3111.9743424137123
269797536,66,140,3112.184990562033,3119.076194263529
269797536,66,140,3119.2451757448725,3124.2405345398
269797536,66,140,3124.272941946984,3126.4257197240368
269797536,67,141,3126.6363678723574,3133.1132197217084
269797536,67,141,3133.323867870029,3140.2497937935404
269797536,67,142,3140.460441941861,3147.703497495037
269797536,67,142,3147.91413406888,3154.395615548361
269911083,58,123,2882.323983593378,2889.4235206316225
269911083,58,123,2889.634168779477,2896.0554535030387
269911083,58,124,2896.26610165136,2903.38415720826
269911083,58,124,2903.5948053565808,2910.048509061802
269950929,58,123,2882.323983593378,2889.4235206316225
269950929,58,123,2889.634168779477,2896.0554535030387
269950929,58,124,2896.26610165136,2903.38415720826
269950929,58,124,2903.5948053565808,2910.048509061802
270058235,58,123,2882.323983593378,2889.4235206316225
270058235,58,123,2889.634168779477,2896.0554535030387
270058235,58,124,2896.26610165136,2903.38415720826
270058235,58,124,2903.5948053565808,2910.048509061802
270107026,12,31,1624.958798439242,1638.9796317690052
270107026,12,32,1640.0421317685395,1652.875453523826
270107026,39,85,2361.770974363666,2374.8543076934293
270107026,39,86,2375.86125213746,2389.715407225769
270162456,59,125,2910.259157210123,2916.742953508161
270162456,59,125,2916.9536016564816,2917.7707312861457
270162456,59,125,2917.77536091581,2923.347108602524
270162456,59,126,2923.5577567508444,2930.277664160356
270162456,59,126,2930.4883123086765,2936.6873863846995
270623499,1,9,1325.3130924007855,1338.5214257300831
270623499,1,10,1339.6672474890947,1353.167247485835
270623499,4,15,1410.917224333156,1413.2505576666445
270623499,4,15,1413.2713909996671,1418.4797243336216
270623499,4,15,1421.2297243340872,1423.5005576675758
270623499,4,16,1424.5630576680414,1436.833879429381
270623499,5,17,1437.97971276287,1450.1880460991524
270623499,5,18,1451.563046099618,1464.2713678628206
270623499,6,19,1468.2713678642176,1477.0213678670116
270623499,6,20,1478.1047012005,1490.0421896306798
270623499,7,21,1491.625522964634,1503.0213563013822
270623499,7,22,1504.7088563023135,1516.0838447315618
270623499,11,29,1596.7713100183755,1609.6879766830243
270623499,11,30,1610.7921433495358,1623.875465106219
270623499,31,69,2144.514134055469,2157.451622482855
270623499,31,70,2158.861344705336,2169.944678040687
270623499,32,71,2174.222455819603,2185.9377220263705
270623499,32,72,2186.9446664713323,2200.2293886975385
270623499,33,73,2201.729388698004,2213.86132157268
270623499,33,74,2215.430766017642,2227.5696549103595
270623499,34,75,2228.750210466329,2240.902976674028
270623499,34,76,2241.9863100075163,2254.062698900234
270623499,61,129,2962.7938563008797,2969.3332081544213
270623499,61,129,2969.543856302742,2975.1966225081123
270623499,61,130,2975.407270656433,2982.1896780659445
270623499,61,130,2982.400326214265,2988.2244002898224
270623499,65,137,3068.7336248317733,3075.9674095525406
270623499,65,137,3076.178057700861,3083.47435399564
270623499,65,138,3083.685002143495,3087.4674095502123
270623499,65,138,3087.4697243650444,3090.252131771762
270623499,65,138,3090.462779919617,3096.58777991822
270623499,67,141,3126.6363678723574,3133.1132197217084
270623499,67,141,3133.323867870029,3140.2497937935404
270623499,67,142,3140.460441941861,3147.703497495037
270623499,67,142,3147.91413406888,3154.395615548361
270625535,5,17,1437.97971276287,1450.1880460991524
270625535,5,18,1451.563046099618,1464.2713678628206
270625535,6,19,1468.2713678642176,1477.0213678670116
270625535,6,20,1478.1047012005,1490.0421896306798
270625535,7,21,1491.625522964634,1503.0213563013822
270625535,7,22,1504.7088563023135,1516.0838447315618
270625535,32,71,2174.222455819603,2185.9377220263705
270625535,32,72,2186.9446664713323,2200.2293886975385
270625535,33,73,2201.729388698004,2213.86132157268
270625535,33,74,2215.430766017642,2227.5696549103595
270676943,1,9,1325.3130924007855,1338.5214257300831
270676943,1,10,1339.6672474890947,1353.167247485835
270676943,4,15,1410.917224333156,1413.2505576666445
270676943,4,15,1413.2713909996671,1418.4797243336216
270676943,4,15,1421.2297243340872,1423.5005576675758
270676943,4,16,1424.5630576680414,1436.833879429381
270676943,5,17,1437.97971276287,1450.1880460991524
270676943,5,18,1451.563046099618,1464.2713678628206
270676943,6,19,1468.2713678642176,1477.0213678670116
270676943,6,20,1478.1047012005,1490.0421896306798
270676943,7,21,1491.625522964634,1503.0213563013822
270676943,7,22,1504.7088563023135,1516.0838447315618
270676943,8,23,1517.354678065516,1529.0630114017986
270676943,8,24,1530.2713447352871,1531.7296780692411
270676943,8,24,1535.0005114031956,1542.0004998305812
270676943,11,29,1596.7713100183755,1609.6879766830243
270676943,11,30,1610.7921433495358,1623.875465106219
270676943,27,61,2036.2780692591327,2048.125279903412
270676943,27,62,2049.1530576804653,2060.6391687882133
270676943,28,63,2061.847502121236,2073.958601654973
270676943,28,64,2075.1530460990034,2087.0974905407056
270676943,31,69,2144.514134055469,2157.451622482855
270676943,31,70,2158.861344705336,2169.944678040687
270676943,32,71,2174.222455819603,2185.9377220263705
270676943,32,72,2186.9446664713323,2200.2293886975385
270676943,33,73,2201.729388698004,2213.86132157268
270676943,33,74,2215.430766017642,2227.5696549103595
270676943,34,75,2228.750210466329,2240.902976674028
270676943,34,76,2241.9863100075163,2254.062698900234
270676943,37,81,2307.2362868711352,2319.0279419636354
270676943,37,82,2320.222386407666,2332.576553073246
270676943,38,83,2333.854319276754,2346.3334859414026
270676943,38,84,2347.2987637189217,2360.5487521416508
270676943,61,129,2962.7938563008797,2969.3332081544213
270676943,61,129,2969.543856302742,2975.1966225081123
270676943,61,130,2975.407270656433,2982.1896780659445
270676943,61,130,2982.400326214265,2988.2244002898224
270676943,65,137,3068.7336248317733,3075.9674095525406
270676943,65,137,3076.178057700861,3083.47435399564
270676943,65,138,3083.685002143495,3087.4674095502123
270676943,65,138,3087.4697243650444,3090.252131771762
270676943,65,138,3090.462779919617,3096.58777991822
270676943,66,139,3097.6687868623994,3104.88869426772
270676943,66,139,3105.0993424160406,3111.9743424137123
270676943,66,140,3112.184990562033,3119.076194263529
270676943,66,140,3119.2451757448725,3124.2405345398
270676943,66,140,3124.272941946984,3126.4257197240368
270676943,67,141,3126.6363678723574,3133.1132197217084
270676943,67,141,3133.323867870029,3140.2497937935404
270676943,67,142,3140.460441941861,3147.703497495037
270676943,67,142,3147.91413406888,3154.395615548361
271948049,10,27,1569.4379882598296,1581.771321593318
271948049,10,28,1582.771321593318,1595.667143351864
271948049,37,81,2307.2362868711352,2319.0279419636354
271948049,37,82,2320.222386407666,2332.576553073246
271948049,64,135,3041.108636408113,3048.1132544633
271948049,64,135,3048.3239026116207,3054.752143351827
271948049,64,135,3054.754458166659,3055.078532240819
271948049,64,136,3055.289180388674,3062.21742112888
271948049,64,136,3062.428069277201,3068.029921127949
272011534,63,133,3014.3632776099257,3021.187351684552
272011534,63,133,3021.3979998328723,3027.3910438148305
272011534,63,134,3027.601691963151,3034.0901178894565
272011534,63,134,3034.300766037777,3040.8979882597923
272248916,11,29,1596.7713100183755,1609.6879766830243
272248916,11,30,1610.7921433495358,1623.875465106219
272248916,38,83,2333.854319276754,2346.3334859414026
272248916,38,84,2347.2987637189217,2360.5487521416508
272272903,41,89,2419.9862289754674,2432.5973400827497
272272903,41,90,2433.715395637788,2446.5764951715246
272349442,9,25,1543.2296664975584,1555.542166499421
272349442,9,26,1556.729666499421,1568.458821593318
272349442,10,27,1569.4379882598296,1581.771321593318
272349442,10,28,1582.771321593318,1595.667143351864
272349442,36,79,2280.902965109796,2292.8543424261734
272349442,36,80,2293.7918424261734,2305.9862868711352
272349442,37,81,2307.2362868711352,2319.0279419636354
272349442,37,82,2320.222386407666,2332.576553073246
272349442,63,133,3014.3632776099257,3021.187351684552
272349442,63,133,3021.3979998328723,3027.3910438148305
272349442,63,134,3027.601691963151,3034.0901178894565
272349442,63,134,3034.300766037777,3040.8979882597923
272349442,64,135,3041.108636408113,3048.1132544633
272349442,64,135,3048.3239026116207,3054.752143351827
272349442,64,135,3054.754458166659,3055.078532240819
272349442,64,136,3055.289180388674,3062.21742112888
272349442,64,136,3062.428069277201,3068.029921127949
272407484,11,29,1596.7713100183755,1609.6879766830243
272407484,11,30,1610.7921433495358,1623.875465106219
272456799,11,29,1596.7713100183755,1609.6879766830243
272456799,11,30,1610.7921433495358,1623.875465106219
272456799,38,83,2333.854319276754,2346.3334859414026
272456799,38,84,2347.2987637189217,2360.5487521416508
272550631,6,19,1468.2713678642176,1477.0213678670116
272550631,6,20,1478.1047012005,1490.0421896306798
272550631,9,25,1543.2296664975584,1555.542166499421
272550631,9,26,1556.729666499421,1568.458821593318
272550631,10,27,1569.4379882598296,1581.771321593318
272550631,10,28,1582.771321593318,1595.667143351864
272550631,11,29,1596.7713100183755,1609.6879766830243
272550631,11,30,1610.7921433495358,1623.875465106219
272550631,12,31,1624.958798439242,1638.9796317690052
272550631,12,32,1640.0421317685395,1652.875453523826
272550631,13,33,1653.9171201903373,1667.6879535191692
272550631,13,34,1668.6254535187036,1682.3546086070128
272550631,27,61,2036.2780692591327,2048.125279903412
272550631,27,62,2049.1530576804653,2060.6391687882133
272550631,30,67,2115.882201184518,2129.139134054538
272550631,30,68,2130.208578499034,2143.222467388492
272550631,36,79,2280.902965109796,2292.8543424261734
272550631,36,80,2293.7918424261734,2305.9862868711352
272550631,37,81,2307.2362868711352,2319.0279419636354
272550631,37,82,2320.222386407666,2332.576553073246
272550631,39,85,2361.770974363666,2374.8543076934293
272550631,39,86,2375.86125213746,2389.715407225769
272550631,61,129,2962.7938563008797,2969.3332081544213
272550631,61,129,2969.543856302742,2975.1966225081123
272550631,61,130,2975.407270656433,2982.1896780659445
272550631,61,130,2982.400326214265,2988.2244002898224
272550631,62,131,2988.435048438143,2994.881807698868
272550631,62,131,2995.092455847189,3000.9234627927653
272550631,62,132,3001.134110941086,3007.53457390517
272550631,62,132,3007.7452220534906,3014.152629461605
272550631,63,133,3014.3632776099257,3021.187351684552
272550631,63,133,3021.3979998328723,3027.3910438148305
272550631,63,134,3027.601691963151,3034.0901178894565
272550631,63,134,3034.300766037777,3040.8979882597923
272550631,64,135,3041.108636408113,3048.1132544633
272550631,64,135,3048.3239026116207,3054.752143351827
272550631,64,135,3054.754458166659,3055.078532240819
272550631,64,136,3055.289180388674,3062.21742112888
272550631,64,136,3062.428069277201,3068.029921127949
272550631,65,137,3068.7336248317733,3075.9674095525406
272550631,65,137,3076.178057700861,3083.47435399564
272550631,65,138,3083.685002143495,3087.4674095502123
272550631,65,138,3087.4697243650444,3090.252131771762
272550631,65,138,3090.462779919617,3096.58777991822
272550631,66,139,3097.6687868623994,3104.88869426772
272550631,66,139,3105.0993424160406,3111.9743424137123
272550631,66,140,3112.184990562033,3119.076194263529
272550631,66,140,3119.2451757448725,3124.2405345398
272550631,66,140,3124.272941946984,3126.4257197240368
273020657,64,135,3041.108636408113,3048.1132544633
273020657,64,135,3048.3239026116207,3054.752143351827
273020657,64,135,3054.754458166659,3055.078532240819
273020657,64,136,3055.289180388674,3062.21742112888
273020657,64,136,3062.428069277201,3068.029921127949
273033221,11,29,1596.7713100183755,1609.6879766830243
273033221,11,30,1610.7921433495358,1623.875465106219
273033221,38,83,2333.854319276754,2346.3334859414026
273033221,38,84,2347.2987637189217,2360.5487521416508
273227122,67,141,3126.6363678723574,3133.1132197217084
273227122,67,141,3133.323867870029,3140.2497937935404
273227122,67,142,3140.460441941861,3147.703497495037
273227122,67,142,3147.91413406888,3154.395615548361
273310905,64,135,3041.108636408113,3048.1132544633
273310905,64,135,3048.3239026116207,3054.752143351827
273310905,64,135,3054.754458166659,3055.078532240819
273310905,64,136,3055.289180388674,3062.21742112888
273310905,64,136,3062.428069277201,3068.029921127949
273317891,10,27,1569.4379882598296,1581.771321593318
273317891,10,28,1582.771321593318,1595.667143351864
273317891,11,29,1596.7713100183755,1609.6879766830243
273317891,11,30,1610.7921433495358,1623.875465106219
273392238,64,135,3041.108636408113,3048.1132544633
273392238,64,135,3048.3239026116207,3054.752143351827
273392238,64,135,3054.754458166659,3055.078532240819
273392238,64,136,3055.289180388674,3062.21742112888
273392238,64,136,3062.428069277201,3068.029921127949
273817886,10,27,1569.4379882598296,1581.771321593318
273817886,10,28,1582.771321593318,1595.667143351864
273817886,11,29,1596.7713100183755,1609.6879766830243
273817886,11,30,1610.7921433495358,1623.875465106219
273817886,37,81,2307.2362868711352,2319.0279419636354
273817886,37,82,2320.222386407666,2332.576553073246
273817886,38,83,2333.854319276754,2346.3334859414026
273817886,38,84,2347.2987637189217,2360.5487521416508
275018323,12,31,1624.958798439242,1638.9796317690052
275018323,12,32,1640.0421317685395,1652.875453523826
275651537,11,29,1596.7713100183755,1609.6879766830243
275651537,11,30,1610.7921433495358,1623.875465106219
275651537,64,135,3041.108636408113,3048.1132544633
275651537,64,135,3048.3239026116207,3054.752143351827
275651537,64,135,3054.754458166659,3055.078532240819
275651537,64,136,3055.289180388674,3062.21742112888
275651537,64,136,3062.428069277201,3068.029921127949
275771265,64,135,3041.108636408113,3048.1132544633
275771265,64,135,3048.3239026116207,3054.752143351827
275771265,64,135,3054.754458166659,3055.078532240819
275771265,64,136,3055.289180388674,3062.21742112888
275771265,64,136,3062.428069277201,3068.029921127949
276071697,64,135,3041.108636408113,3048.1132544633
276071697,64,135,3048.3239026116207,3054.752143351827
276071697,64,135,3054.754458166659,3055.078532240819
276071697,64,136,3055.289180388674,3062.21742112888
276071697,64,136,3062.428069277201,3068.029921127949
276130740,11,29,1596.7713100183755,1609.6879766830243
276130740,11,30,1610.7921433495358,1623.875465106219
276130740,65,137,3068.7336248317733,3075.9674095525406
276130740,65,137,3076.178057700861,3083.47435399564
276130740,65,138,3083.685002143495,3087.4674095502123
276130740,65,138,3087.4697243650444,3090.252131771762
276130740,65,138,3090.462779919617,3096.58777991822
276877011,66,139,3097.6687868623994,3104.88869426772
276877011,66,139,3105.0993424160406,3111.9743424137123
276877011,66,140,3112.184990562033,3119.076194263529
276877011,66,140,3119.2451757448725,3124.2405345398
276877011,66,140,3124.272941946984,3126.4257197240368
276877011,67,141,3126.6363678723574,3133.1132197217084
276877011,67,141,3133.323867870029,3140.2497937935404
276877011,67,142,3140.460441941861,3147.703497495037
276877011,67,142,3147.91413406888,3154.395615548361
277029277,39,85,2361.770974363666,2374.8543076934293
277029277,39,86,2375.86125213746,2389.715407225769
277671413,64,135,3041.108636408113,3048.1132544633
277671413,64,135,3048.3239026116207,3054.752143351827
277671413,64,135,3054.754458166659,3055.078532240819
277671413,64,136,3055.289180388674,3062.21742112888
277671413,64,136,3062.428069277201,3068.029921127949
277671413,65,137,3068.7336248317733,3075.9674095525406
277671413,65,137,3076.178057700861,3083.47435399564
277671413,65,138,3083.685002143495,3087.4674095502123
277671413,65,138,3087.4697243650444,3090.252131771762
277671413,65,138,3090.462779919617,3096.58777991822
277671413,66,139,3097.6687868623994,3104.88869426772
277671413,66,139,3105.0993424160406,3111.9743424137123
277671413,66,140,3112.184990562033,3119.076194263529
277671413,66,140,3119.2451757448725,3124.2405345398
277671413,66,140,3124.272941946984,3126.4257197240368
278024057,1,9,1325.3130924007855,1338.5214257300831
278024057,1,10,1339.6672474890947,1353.167247485835
278024057,4,15,1410.917224333156,1413.2505576666445
278024057,4,15,1413.2713909996671,1418.4797243336216
278024057,4,15,1421.2297243340872,1423.5005576675758
278024057,4,16,1424.5630576680414,1436.833879429381
278024057,7,21,1491.625522964634,1503.0213563013822
278024057,7,22,1504.7088563023135,1516.0838447315618
278024057,10,27,1569.4379882598296,1581.771321593318
278024057,10,28,1582.771321593318,1595.667143351864
278024057,11,29,1596.7713100183755,1609.6879766830243
278024057,11,30,1610.7921433495358,1623.875465106219
278024057,12,31,1624.958798439242,1638.9796317690052
278024057,12,32,1640.0421317685395,1652.875453523826
278024057,13,33,1653.9171201903373,1667.6879535191692
278024057,13,34,1668.6254535187036,1682.3546086070128
278024057,27,61,2036.2780692591327,2048.125279903412
278024057,27,62,2049.1530576804653,2060.6391687882133
278024057,31,69,2144.514134055469,2157.451622482855
278024057,31,70,2158.861344705336,2169.944678040687
278024057,34,75,2228.750210466329,2240.902976674028
278024057,34,76,2241.9863100075163,2254.062698900234
278024057,37,81,2307.2362868711352,2319.0279419636354
278024057,37,82,2320.222386407666,2332.576553073246
278024057,38,83,2333.854319276754,2346.3334859414026
278024057,38,84,2347.2987637189217,2360.5487521416508
278024057,61,129,2962.7938563008797,2969.3332081544213
278024057,61,129,2969.543856302742,2975.1966225081123
278024057,61,130,2975.407270656433,2982.1896780659445
278024057,61,130,2982.400326214265,2988.2244002898224
278024057,64,135,3041.108636408113,3048.1132544633
278024057,64,135,3048.3239026116207,3054.752143351827
278024057,64,135,3054.754458166659,3055.078532240819
278024057,64,136,3055.289180388674,3062.21742112888
278024057,64,136,3062.428069277201,3068.029921127949
278024057,65,137,3068.7336248317733,3075.9674095525406
278024057,65,137,3076.178057700861,3083.47435399564
278024057,65,138,3083.685002143495,3087.4674095502123
278024057,65,138,3087.4697243650444,3090.252131771762
278024057,65,138,3090.462779919617,3096.58777991822
278024057,66,139,3097.6687868623994,3104.88869426772
278024057,66,139,3105.0993424160406,3111.9743424137123
278024057,66,140,3112.184990562033,3119.076194263529
278024057,66,140,3119.2451757448725,3124.2405345398
278024057,66,140,3124.272941946984,3126.4257197240368
278024057,67,141,3126.6363678723574,3133.1132197217084
278024057,67,141,3133.323867870029,3140.2497937935404
278024057,67,142,3140.460441941861,3147.703497495037
278024057,67,142,3147.91413406888,3154.395615548361
278271292,11,29,1596.7713100183755,1609.6879766830243
278271292,11,30,1610.7921433495358,1623.875465106219
278271292,12,31,1624.958798439242,1638.9796317690052
278271292,12,32,1640.0421317685395,1652.875453523826
278731274,5,17,1437.97971276287,1450.1880460991524
278731274,5,18,1451.563046099618,1464.2713678628206
278731274,6,19,1468.2713678642176,1477.0213678670116
278731274,6,20,1478.1047012005,1490.0421896306798
278731274,7,21,1491.625522964634,1503.0213563013822
278731274,7,22,1504.7088563023135,1516.0838447315618
278731274,8,23,1517.354678065516,1529.0630114017986
278731274,8,24,1530.2713447352871,1531.7296780692411
278731274,8,24,1535.0005114031956,1542.0004998305812
278731274,9,25,1543.2296664975584,1555.542166499421
278731274,9,26,1556.729666499421,1568.458821593318
278731274,10,27,1569.4379882598296,1581.771321593318
278731274,10,28,1582.771321593318,1595.667143351864
278731274,11,29,1596.7713100183755,1609.6879766830243
278731274,11,30,1610.7921433495358,1623.875465106219
278731274,12,31,1624.958798439242,1638.9796317690052
278731274,12,32,1640.0421317685395,1652.875453523826
278731274,13,33,1653.9171201903373,1667.6879535191692
278731274,13,34,1668.6254535187036,1682.3546086070128
278731274,27,61,2036.2780692591327,2048.125279903412
278731274,27,62,2049.1530576804653,2060.6391687882133
278731274,28,63,2061.847502121236,2073.958601654973
278731274,28,64,2075.1530460990034,2087.0974905407056
278731274,29,65,2088.2363794292323,2101.375256741885
278731274,29,66,2102.326645630412,2114.430812295992
278731274,30,67,2115.882201184518,2129.139134054538
278731274,30,68,2130.208578499034,2143.222467388492
278731274,31,69,2144.514134055469,2157.451622482855
278731274,31,70,2158.861344705336,2169.944678040687
278731274,32,71,2174.222455819603,2185.9377220263705
278731274,32,72,2186.9446664713323,2200.2293886975385
278731274,33,73,2201.729388698004,2213.86132157268
278731274,33,74,2215.430766017642,2227.5696549103595
278731274,34,75,2228.750210466329,2240.902976674028
278731274,34,76,2241.9863100075163,2254.062698900234
278731274,35,77,2254.9863100117072,2266.1043539959937
278731274,35,77,2266.3751873290166,2267.146020662505
278731274,35,78,2268.583520662971,2279.979353998322
278731274,36,79,2280.902965109796,2292.8543424261734
278731274,36,80,2293.7918424261734,2305.9862868711352
278731274,37,81,2307.2362868711352,2319.0279419636354
278731274,37,82,2320.222386407666,2332.576553073246
278731274,38,83,2333.854319276754,2346.3334859414026
278731274,38,84,2347.2987637189217,2360.5487521416508
278731274,39,85,2361.770974363666,2374.8543076934293
278731274,39,86,2375.86125213746,2389.715407225769
278731274,61,129,2962.7938563008797,2969.3332081544213
278731274,61,129,2969.543856302742,2975.1966225081123
278731274,61,130,2975.407270656433,2982.1896780659445
278731274,61,130,2982.400326214265,2988.2244002898224
278731274,62,131,2988.435048438143,2994.881807698868
278731274,62,131,2995.092455847189,3000.9234627927653
278731274,62,132,3001.134110941086,3007.53457390517
278731274,62,132,3007.7452220534906,3014.152629461605
278731274,63,133,3014.3632776099257,3021.187351684552
278731274,63,133,3021.3979998328723,3027.3910438148305
278731274,63,134,3027.601691963151,3034.0901178894565
278731274,63,134,3034.300766037777,3040.8979882597923
278731274,65,137,3068.7336248317733,3075.9674095525406
278731274,65,137,3076.178057700861,3083.47435399564
278731274,65,138,3083.685002143495,3087.4674095502123
278731274,65,138,3087.4697243650444,3090.252131771762
278731274,65,138,3090.462779919617,3096.58777991822
278731274,66,139,3097.6687868623994,3104.88869426772
278731274,66,139,3105.0993424160406,3111.9743424137123
278731274,66,140,3112.184990562033,3119.076194263529
278731274,66,140,3119.2451757448725,3124.2405345398
278731274,66,140,3124.272941946984,3126.4257197240368
278731274,67,141,3126.6363678723574,3133.1132197217084
278731274,67,141,3133.323867870029,3140.2497937935404
278731274,67,142,3140.460441941861,3147.703497495037
278731274,67,142,3147.91413406888,3154.395615548361
278823972,61,129,2962.7938563008797,2969.3332081544213
278823972,61,129,2969.543856302742,2975.1966225081123
278823972,61,130,2975.407270656433,2982.1896780659445
278823972,61,130,2982.400326214265,2988.2244002898224
278823972,62,131,2988.435048438143,2994.881807698868
278823972,62,131,2995.092455847189,3000.9234627927653
278823972,62,132,3001.134110941086,3007.53457390517
278823972,62,132,3007.7452220534906,3014.152629461605
278823972,63,133,3014.3632776099257,3021.187351684552
278823972,63,133,3021.3979998328723,3027.3910438148305
278823972,63,134,3027.601691963151,3034.0901178894565
278823972,63,134,3034.300766037777,3040.8979882597923
278823972,64,135,3041.108636408113,3048.1132544633
278823972,64,135,3048.3239026116207,3054.752143351827
278823972,64,135,3054.754458166659,3055.078532240819
278823972,64,136,3055.289180388674,3062.21742112888
278823972,64,136,3062.428069277201,3068.029921127949
278823972,65,137,3068.7336248317733,3075.9674095525406
278823972,65,137,3076.178057700861,3083.47435399564
278823972,65,138,3083.685002143495,3087.4674095502123
278823972,65,138,3087.4697243650444,3090.252131771762
278823972,65,138,3090.462779919617,3096.58777991822
278823972,66,139,3097.6687868623994,3104.88869426772
278823972,66,139,3105.0993424160406,3111.9743424137123
278823972,66,140,3112.184990562033,3119.076194263529
278823972,66,140,3119.2451757448725,3124.2405345398
278823972,66,140,3124.272941946984,3126.4257197240368
278825715,4,15,1410.917224333156,1413.2505576666445
278825715,4,15,1413.2713909996671,1418.4797243336216
278825715,4,15,1421.2297243340872,1423.5005576675758
278825715,4,16,1424.5630576680414,1436.833879429381
278825715,5,17,1437.97971276287,1450.1880460991524
278825715,5,18,1451.563046099618,1464.2713678628206
278825715,6,19,1468.2713678642176,1477.0213678670116
278825715,6,20,1478.1047012005,1490.0421896306798
278825715,8,23,1517.354678065516,1529.0630114017986
278825715,8,24,1530.2713447352871,1531.7296780692411
278825715,8,24,1535.0005114031956,1542.0004998305812
278825715,9,25,1543.2296664975584,1555.542166499421
278825715,9,26,1556.729666499421,1568.458821593318
278825715,10,27,1569.4379882598296,1581.771321593318
278825715,10,28,1582.771321593318,1595.667143351864
278825715,11,29,1596.7713100183755,1609.6879766830243
278825715,11,30,1610.7921433495358,1623.875465106219
278825715,12,31,1624.958798439242,1638.9796317690052
278825715,12,32,1640.0421317685395,1652.875453523826
278825715,13,33,1653.9171201903373,1667.6879535191692
278825715,13,34,1668.6254535187036,1682.3546086070128
278825715,27,61,2036.2780692591327,2048.125279903412
278825715,27,62,2049.1530576804653,2060.6391687882133
278825715,28,63,2061.847502121236,2073.958601654973
278825715,28,64,2075.1530460990034,2087.0974905407056
278825715,29,65,2088.2363794292323,2101.375256741885
278825715,29,66,2102.326645630412,2114.430812295992
278825715,30,67,2115.882201184518,2129.139134054538
278825715,30,68,2130.208578499034,2143.222467388492
278825715,31,69,2144.514134055469,2157.451622482855
278825715,31,70,2158.861344705336,2169.944678040687
278825715,32,71,2174.222455819603,2185.9377220263705
278825715,32,72,2186.9446664713323,2200.2293886975385
278825715,33,73,2201.729388698004,2213.86132157268
278825715,33,74,2215.430766017642,2227.5696549103595
278825715,34,75,2228.750210466329,2240.902976674028
278825715,34,76,2241.9863100075163,2254.062698900234
278825715,35,77,2254.9863100117072,2266.1043539959937
278825715,35,77,2266.3751873290166,2267.146020662505
278825715,35,78,2268.583520662971,2279.979353998322
278825715,36,79,2280.902965109796,2292.8543424261734
278825715,36,80,2293.7918424261734,2305.9862868711352
278825715,37,81,2307.2362868711352,2319.0279419636354
278825715,37,82,2320.222386407666,2332.576553073246
278825715,38,83,2333.854319276754,2346.3334859414026
278825715,38,84,2347.2987637189217,2360.5487521416508
278825715,39,85,2361.770974363666,2374.8543076934293
278825715,39,86,2375.86125213746,2389.715407225769
278825715,61,129,2962.7938563008797,2969.3332081544213
278825715,61,129,2969.543856302742,2975.1966225081123
278825715,61,130,2975.407270656433,2982.1896780659445
278825715,61,130,2982.400326214265,2988.2244002898224
278825715,62,131,2988.435048438143,2994.881807698868
278825715,62,131,2995.092455847189,3000.9234627927653
278825715,62,132,3001.134110941086,3007.53457390517
278825715,62,132,3007.7452220534906,3014.152629461605
278825715,63,133,3014.3632776099257,3021.187351684552
278825715,63,133,3021.3979998328723,3027.3910438148305
278825715,63,134,3027.601691963151,3034.0901178894565
278825715,63,134,3034.300766037777,3040.8979882597923
278825715,65,137,3068.7336248317733,3075.9674095525406
278825715,65,137,3076.178057700861,3083.47435399564
278825715,65,138,3083.685002143495,3087.4674095502123
278825715,65,138,3087.4697243650444,3090.252131771762
278825715,65,138,3090.462779919617,3096.58777991822
278825715,66,139,3097.6687868623994,3104.88869426772
278825715,66,139,3105.0993424160406,3111.9743424137123
278825715,66,140,3112.184990562033,3119.076194263529
278825715,66,140,3119.2451757448725,3124.2405345398
278825715,66,140,3124.272941946984,3126.4257197240368
278825715,67,141,3126.6363678723574,3133.1132197217084
278825715,67,141,3133.323867870029,3140.2497937935404
278825715,67,142,3140.460441941861,3147.703497495037
278825715,67,142,3147.91413406888,3154.395615548361
278863889,61,129,2962.7938563008797,2969.3332081544213
278863889,61,129,2969.543856302742,2975.1966225081123
278863889,61,130,2975.407270656433,2982.1896780659445
278863889,61,130,2982.400326214265,2988.2244002898224
278863889,63,133,3014.3632776099257,3021.187351684552
278863889,63,133,3021.3979998328723,3027.3910438148305
278863889,63,134,3027.601691963151,3034.0901178894565
278863889,63,134,3034.300766037777,3040.8979882597923
278863889,64,135,3041.108636408113,3048.1132544633
278863889,64,135,3048.3239026116207,3054.752143351827
278863889,64,135,3054.754458166659,3055.078532240819
278863889,64,136,3055.289180388674,3062.21742112888
278863889,64,136,3062.428069277201,3068.029921127949
278863889,65,137,3068.7336248317733,3075.9674095525406
278863889,65,137,3076.178057700861,3083.47435399564
278863889,65,138,3083.685002143495,3087.4674095502123
278863889,65,138,3087.4697243650444,3090.252131771762
278863889,65,138,3090.462779919617,3096.58777991822
278863889,66,139,3097.6687868623994,3104.88869426772
278863889,66,139,3105.0993424160406,3111.9743424137123
278863889,66,140,3112.184990562033,3119.076194263529
278863889,66,140,3119.2451757448725,3124.2405345398
278863889,66,140,3124.272941946984,3126.4257197240368
278863889,67,141,3126.6363678723574,3133.1132197217084
278863889,67,141,3133.323867870029,3140.2497937935404
278863889,67,142,3140.460441941861,3147.703497495037
278863889,67,142,3147.91413406888,3154.395615548361
278987013,67,141,3126.6363678723574,3133.1132197217084
278987013,67,141,3133.323867870029,3140.2497937935404
278987013,67,142,3140.460441941861,3147.703497495037
278987013,67,142,3147.91413406888,3154.395615548361
278991580,3,13,1381.7089025736786,1382.5214025736786
278991580,3,13,1382.6047359071672,1383.62556924019
278991580,3,13,1383.6672359071672,1384.2714025736786
278991580,3,13,1384.31306924019,1385.87556924019
278991580,3,13,1385.93806924019,1395.4380692397244
278991580,3,13,1395.583902573213,1396.458902573213
278991580,3,13,1396.5005692397244,1396.5630692397244
278991580,3,14,1396.646402573213,1409.3755576661788
278991580,4,15,1410.917224333156,1413.2505576666445
278991580,4,15,1413.2713909996671,1418.4797243336216
278991580,4,15,1421.2297243340872,1423.5005576675758
278991580,4,16,1424.5630576680414,1436.833879429381
278991580,7,21,1491.625522964634,1503.0213563013822
278991580,7,22,1504.7088563023135,1516.0838447315618
278991580,8,23,1517.354678065516,1529.0630114017986
278991580,8,24,1530.2713447352871,1531.7296780692411
278991580,8,24,1535.0005114031956,1542.0004998305812
278991580,9,25,1543.2296664975584,1555.542166499421
278991580,9,26,1556.729666499421,1568.458821593318
278991580,13,33,1653.9171201903373,1667.6879535191692
278991580,13,34,1668.6254535187036,1682.3546086070128
278991580,61,129,2962.7938563008797,2969.3332081544213
278991580,61,129,2969.543856302742,2975.1966225081123
278991580,61,130,2975.407270656433,2982.1896780659445
278991580,61,130,2982.400326214265,2988.2244002898224
278991580,62,131,2988.435048438143,2994.881807698868
278991580,62,131,2995.092455847189,3000.9234627927653
278991580,62,132,3001.134110941086,3007.53457390517
278991580,62,132,3007.7452220534906,3014.152629461605
278991580,63,133,3014.3632776099257,3021.187351684552
278991580,63,133,3021.3979998328723,3027.3910438148305
278991580,63,134,3027.601691963151,3034.0901178894565
278991580,63,134,3034.300766037777,3040.8979882597923
278991580,64,135,3041.108636408113,3048.1132544633
278991580,64,135,3048.3239026116207,3054.752143351827
278991580,64,135,3054.754458166659,3055.078532240819
278991580,64,136,3055.289180388674,3062.21742112888
278991580,64,136,3062.428069277201,3068.029921127949
279056341,7,21,1491.625522964634,1503.0213563013822
279056341,7,22,1504.7088563023135,1516.0838447315618
279158584,64,135,3041.108636408113,3048.1132544633
279158584,64,135,3048.3239026116207,3054.752143351827
279158584,64,135,3054.754458166659,3055.078532240819
279158584,64,136,3055.289180388674,3062.21742112888
279158584,64,136,3062.428069277201,3068.029921127949
279213450,61,129,2962.7938563008797,2969.3332081544213
279213450,61,129,2969.543856302742,2975.1966225081123
279213450,61,130,2975.407270656433,2982.1896780659445
279213450,61,130,2982.400326214265,2988.2244002898224
279213450,62,131,2988.435048438143,2994.881807698868
279213450,62,131,2995.092455847189,3000.9234627927653
279213450,62,132,3001.134110941086,3007.53457390517
279213450,62,132,3007.7452220534906,3014.152629461605
279213450,63,133,3014.3632776099257,3021.187351684552
279213450,63,133,3021.3979998328723,3027.3910438148305
279213450,63,134,3027.601691963151,3034.0901178894565
279213450,63,134,3034.300766037777,3040.8979882597923
279213450,66,139,3097.6687868623994,3104.88869426772
279213450,66,139,3105.0993424160406,3111.9743424137123
279213450,66,140,3112.184990562033,3119.076194263529
279213450,66,140,3119.2451757448725,3124.2405345398
279213450,66,140,3124.272941946984,3126.4257197240368
279215788,61,129,2962.7938563008797,2969.3332081544213
279215788,61,129,2969.543856302742,2975.1966225081123
279215788,61,130,2975.407270656433,2982.1896780659445
279215788,61,130,2982.400326214265,2988.2244002898224
279215788,62,131,2988.435048438143,2994.881807698868
279215788,62,131,2995.092455847189,3000.9234627927653
279215788,62,132,3001.134110941086,3007.53457390517
279215788,62,132,3007.7452220534906,3014.152629461605
279215788,63,133,3014.3632776099257,3021.187351684552
279215788,63,133,3021.3979998328723,3027.3910438148305
279215788,63,134,3027.601691963151,3034.0901178894565
279215788,63,134,3034.300766037777,3040.8979882597923
279215788,66,139,3097.6687868623994,3104.88869426772
279215788,66,139,3105.0993424160406,3111.9743424137123
279215788,66,140,3112.184990562033,3119.076194263529
279215788,66,140,3119.2451757448725,3124.2405345398
279215788,66,140,3124.272941946984,3126.4257197240368
279216869,27,61,2036.2780692591327,2048.125279903412
279216869,27,62,2049.1530576804653,2060.6391687882133
279216869,28,63,2061.847502121236,2073.958601654973
279216869,28,64,2075.1530460990034,2087.0974905407056
279216869,29,65,2088.2363794292323,2101.375256741885
279216869,29,66,2102.326645630412,2114.430812295992
279216869,30,67,2115.882201184518,2129.139134054538
279216869,30,68,2130.208578499034,2143.222467388492
279216869,31,69,2144.514134055469,2157.451622482855
279216869,31,70,2158.861344705336,2169.944678040687
279216869,32,71,2174.222455819603,2185.9377220263705
279216869,32,72,2186.9446664713323,2200.2293886975385
279216869,33,73,2201.729388698004,2213.86132157268
279216869,33,74,2215.430766017642,2227.5696549103595
279216869,34,75,2228.750210466329,2240.902976674028
279216869,34,76,2241.9863100075163,2254.062698900234
279216869,35,77,2254.9863100117072,2266.1043539959937
279216869,35,77,2266.3751873290166,2267.146020662505
279216869,35,78,2268.583520662971,2279.979353998322
279216869,36,79,2280.902965109796,2292.8543424261734
279216869,36,80,2293.7918424261734,2305.9862868711352
279216869,37,81,2307.2362868711352,2319.0279419636354
279216869,37,82,2320.222386407666,2332.576553073246
279216869,38,83,2333.854319276754,2346.3334859414026
279216869,38,84,2347.2987637189217,2360.5487521416508
279216869,39,85,2361.770974363666,2374.8543076934293
279216869,39,86,2375.86125213746,2389.715407225769
279246259,61,129,2962.7938563008797,2969.3332081544213
279246259,61,129,2969.543856302742,2975.1966225081123
279246259,61,130,2975.407270656433,2982.1896780659445
279246259,61,130,2982.400326214265,2988.2244002898224
279246259,62,131,2988.435048438143,2994.881807698868
279246259,62,131,2995.092455847189,3000.9234627927653
279246259,62,132,3001.134110941086,3007.53457390517
279246259,62,132,3007.7452220534906,3014.152629461605
279246259,63,133,3014.3632776099257,3021.187351684552
279246259,63,133,3021.3979998328723,3027.3910438148305
279246259,63,134,3027.601691963151,3034.0901178894565
279246259,63,134,3034.300766037777,3040.8979882597923
279246259,66,139,3097.6687868623994,3104.88869426772
279246259,66,139,3105.0993424160406,3111.9743424137123
279246259,66,140,3112.184990562033,3119.076194263529
279246259,66,140,3119.2451757448725,3124.2405345398
279246259,66,140,3124.272941946984,3126.4257197240368
279246259,67,141,3126.6363678723574,3133.1132197217084
279246259,67,141,3133.323867870029,3140.2497937935404
279246259,67,142,3140.460441941861,3147.703497495037
279246259,67,142,3147.91413406888,3154.395615548361
279362204,12,31,1624.958798439242,1638.9796317690052
279362204,12,32,1640.0421317685395,1652.875453523826
279403260,31,69,2144.514134055469,2157.451622482855
279403260,31,70,2158.861344705336,2169.944678040687
279426258,61,129,2962.7938563008797,2969.3332081544213
279426258,61,129,2969.543856302742,2975.1966225081123
279426258,61,130,2975.407270656433,2982.1896780659445
279426258,61,130,2982.400326214265,2988.2244002898224
279426258,63,133,3014.3632776099257,3021.187351684552
279426258,63,133,3021.3979998328723,3027.3910438148305
279426258,63,134,3027.601691963151,3034.0901178894565
279426258,63,134,3034.300766037777,3040.8979882597923
279426258,66,139,3097.6687868623994,3104.88869426772
279426258,66,139,3105.0993424160406,3111.9743424137123
279426258,66,140,3112.184990562033,3119.076194263529
279426258,66,140,3119.2451757448725,3124.2405345398
279426258,66,140,3124.272941946984,3126.4257197240368
279482019,62,131,2988.435048438143,2994.881807698868
279482019,62,131,2995.092455847189,3000.9234627927653
279482019,62,132,3001.134110941086,3007.53457390517
279482019,62,132,3007.7452220534906,3014.152629461605
279482019,63,133,3014.3632776099257,3021.187351684552
279482019,63,133,3021.3979998328723,3027.3910438148305
279482019,63,134,3027.601691963151,3034.0901178894565
279482019,63,134,3034.300766037777,3040.8979882597923
279482019,66,139,3097.6687868623994,3104.88869426772
279482019,66,139,3105.0993424160406,3111.9743424137123
279482019,66,140,3112.184990562033,3119.076194263529
279482019,66,140,3119.2451757448725,3124.2405345398
279482019,66,140,3124.272941946984,3126.4257197240368
279512574,4,15,1410.917224333156,1413.2505576666445
279512574,4,15,1413.2713909996671,1418.4797243336216
279512574,4,15,1421.2297243340872,1423.5005576675758
279512574,4,16,1424.5630576680414,1436.833879429381
279512574,7,21,1491.625522964634,1503.0213563013822
279512574,7,22,1504.7088563023135,1516.0838447315618
279512574,13,33,1653.9171201903373,1667.6879535191692
279512574,13,34,1668.6254535187036,1682.3546086070128
279572569,61,129,2962.7938563008797,2969.3332081544213
279572569,61,129,2969.543856302742,2975.1966225081123
279572569,61,130,2975.407270656433,2982.1896780659445
279572569,61,130,2982.400326214265,2988.2244002898224
279572569,63,133,3014.3632776099257,3021.187351684552
279572569,63,133,3021.3979998328723,3027.3910438148305
279572569,63,134,3027.601691963151,3034.0901178894565
279572569,63,134,3034.300766037777,3040.8979882597923
279572569,67,141,3126.6363678723574,3133.1132197217084
279572569,67,141,3133.323867870029,3140.2497937935404
279572569,67,142,3140.460441941861,3147.703497495037
279572569,67,142,3147.91413406888,3154.395615548361
279572957,4,15,1410.917224333156,1413.2505576666445
279572957,4,15,1413.2713909996671,1418.4797243336216
279572957,4,15,1421.2297243340872,1423.5005576675758
279572957,4,16,1424.5630576680414,1436.833879429381
279572957,5,17,1437.97971276287,1450.1880460991524
279572957,5,18,1451.563046099618,1464.2713678628206
279572957,6,19,1468.2713678642176,1477.0213678670116
279572957,6,20,1478.1047012005,1490.0421896306798
279572957,7,21,1491.625522964634,1503.0213563013822
279572957,7,22,1504.7088563023135,1516.0838447315618
279572957,8,23,1517.354678065516,1529.0630114017986
279572957,8,24,1530.2713447352871,1531.7296780692411
279572957,8,24,1535.0005114031956,1542.0004998305812
279572957,9,25,1543.2296664975584,1555.542166499421
279572957,9,26,1556.729666499421,1568.458821593318
279572957,10,27,1569.4379882598296,1581.771321593318
279572957,10,28,1582.771321593318,1595.667143351864
279572957,12,31,1624.958798439242,1638.9796317690052
279572957,12,32,1640.0421317685395,1652.875453523826
279572957,13,33,1653.9171201903373,1667.6879535191692
279572957,13,34,1668.6254535187036,1682.3546086070128
279572957,27,61,2036.2780692591327,2048.125279903412
279572957,27,62,2049.1530576804653,2060.6391687882133
279572957,28,63,2061.847502121236,2073.958601654973
279572957,28,64,2075.1530460990034,2087.0974905407056
279572957,29,65,2088.2363794292323,2101.375256741885
279572957,29,66,2102.326645630412,2114.430812295992
279572957,30,67,2115.882201184518,2129.139134054538
279572957,30,68,2130.208578499034,2143.222467388492
279572957,31,69,2144.514134055469,2157.451622482855
279572957,31,70,2158.861344705336,2169.944678040687
279572957,32,71,2174.222455819603,2185.9377220263705
279572957,32,72,2186.9446664713323,2200.2293886975385
279572957,33,73,2201.729388698004,2213.86132157268
279572957,33,74,2215.430766017642,2227.5696549103595
279572957,34,75,2228.750210466329,2240.902976674028
279572957,34,76,2241.9863100075163,2254.062698900234
279572957,35,77,2254.9863100117072,2266.1043539959937
279572957,35,77,2266.3751873290166,2267.146020662505
279572957,35,78,2268.583520662971,2279.979353998322
279572957,36,79,2280.902965109796,2292.8543424261734
279572957,36,80,2293.7918424261734,2305.9862868711352
279572957,37,81,2307.2362868711352,2319.0279419636354
279572957,37,82,2320.222386407666,2332.576553073246
279572957,38,83,2333.854319276754,2346.3334859414026
279572957,38,84,2347.2987637189217,2360.5487521416508
279572957,39,85,2361.770974363666,2374.8543076934293
279572957,39,86,2375.86125213746,2389.715407225769
279572957,62,131,2988.435048438143,2994.881807698868
279572957,62,131,2995.092455847189,3000.9234627927653
279572957,62,132,3001.134110941086,3007.53457390517
279572957,62,132,3007.7452220534906,3014.152629461605
279572957,63,133,3014.3632776099257,3021.187351684552
279572957,63,133,3021.3979998328723,3027.3910438148305
279572957,63,134,3027.601691963151,3034.0901178894565
279572957,63,134,3034.300766037777,3040.8979882597923
279572957,66,139,3097.6687868623994,3104.88869426772
279572957,66,139,3105.0993424160406,3111.9743424137123
279572957,66,140,3112.184990562033,3119.076194263529
279572957,66,140,3119.2451757448725,3124.2405345398
279572957,66,140,3124.272941946984,3126.4257197240368
279572957,67,141,3126.6363678723574,3133.1132197217084
279572957,67,141,3133.323867870029,3140.2497937935404
279572957,67,142,3140.460441941861,3147.703497495037
279572957,67,142,3147.91413406888,3154.395615548361
279574516,61,129,2962.7938563008797,2969.3332081544213
279574516,61,129,2969.543856302742,2975.1966225081123
279574516,61,130,2975.407270656433,2982.1896780659445
279574516,61,130,2982.400326214265,2988.2244002898224
279574516,62,131,2988.435048438143,2994.881807698868
279574516,62,131,2995.092455847189,3000.9234627927653
279574516,62,132,3001.134110941086,3007.53457390517
279574516,62,132,3007.7452220534906,3014.152629461605
279574516,67,141,3126.6363678723574,3133.1132197217084
279574516,67,141,3133.323867870029,3140.2497937935404
279574516,67,142,3140.460441941861,3147.703497495037
279574516,67,142,3147.91413406888,3154.395615548361
279640409,6,19,1468.2713678642176,1477.0213678670116
279640409,6,20,1478.1047012005,1490.0421896306798
279883855,12,31,1624.958798439242,1638.9796317690052
279883855,12,32,1640.0421317685395,1652.875453523826
279883855,39,85,2361.770974363666,2374.8543076934293
279883855,39,86,2375.86125213746,2389.715407225769
280675564,10,27,1569.4379882598296,1581.771321593318
280675564,10,28,1582.771321593318,1595.667143351864
280675564,11,29,1596.7713100183755,1609.6879766830243
280675564,11,30,1610.7921433495358,1623.875465106219
280675564,37,81,2307.2362868711352,2319.0279419636354
280675564,37,82,2320.222386407666,2332.576553073246
280675564,38,83,2333.854319276754,2346.3334859414026
280675564,38,84,2347.2987637189217,2360.5487521416508
280675564,64,135,3041.108636408113,3048.1132544633
280675564,64,135,3048.3239026116207,3054.752143351827
280675564,64,135,3054.754458166659,3055.078532240819
280675564,64,136,3055.289180388674,3062.21742112888
280675564,64,136,3062.428069277201,3068.029921127949
280675564,65,137,3068.7336248317733,3075.9674095525406
280675564,65,137,3076.178057700861,3083.47435399564
280675564,65,138,3083.685002143495,3087.4674095502123
280675564,65,138,3087.4697243650444,3090.252131771762
280675564,65,138,3090.462779919617,3096.58777991822
280865190,5,17,1437.97971276287,1450.1880460991524
280865190,5,18,1451.563046099618,1464.2713678628206
280865190,7,21,1491.625522964634,1503.0213563013822
280865190,7,22,1504.7088563023135,1516.0838447315618
280865190,13,33,1653.9171201903373,1667.6879535191692
280865190,13,34,1668.6254535187036,1682.3546086070128
280865190,27,61,2036.2780692591327,2048.125279903412
280865190,27,62,2049.1530576804653,2060.6391687882133
280865190,28,63,2061.847502121236,2073.958601654973
280865190,28,64,2075.1530460990034,2087.0974905407056
280865190,30,67,2115.882201184518,2129.139134054538
280865190,30,68,2130.208578499034,2143.222467388492
280865190,31,69,2144.514134055469,2157.451622482855
280865190,31,70,2158.861344705336,2169.944678040687
280865190,34,75,2228.750210466329,2240.902976674028
280865190,34,76,2241.9863100075163,2254.062698900234
280865190,35,77,2254.9863100117072,2266.1043539959937
280865190,35,77,2266.3751873290166,2267.146020662505
280865190,35,78,2268.583520662971,2279.979353998322
280865190,37,81,2307.2362868711352,2319.0279419636354
280865190,37,82,2320.222386407666,2332.576553073246
280865190,38,83,2333.854319276754,2346.3334859414026
280865190,38,84,2347.2987637189217,2360.5487521416508
281925381,63,133,3014.3632776099257,3021.187351684552
281925381,63,133,3021.3979998328723,3027.3910438148305
281925381,63,134,3027.601691963151,3034.0901178894565
281925381,63,134,3034.300766037777,3040.8979882597923
281925381,64,135,3041.108636408113,3048.1132544633
281925381,64,135,3048.3239026116207,3054.752143351827
281925381,64,135,3054.754458166659,3055.078532240819
281925381,64,136,3055.289180388674,3062.21742112888
281925381,64,136,3062.428069277201,3068.029921127949
281925381,65,137,3068.7336248317733,3075.9674095525406
281925381,65,137,3076.178057700861,3083.47435399564
281925381,65,138,3083.685002143495,3087.4674095502123
281925381,65,138,3087.4697243650444,3090.252131771762
281925381,65,138,3090.462779919617,3096.58777991822
281925381,66,139,3097.6687868623994,3104.88869426772
281925381,66,139,3105.0993424160406,3111.9743424137123
281925381,66,140,3112.184990562033,3119.076194263529
281925381,66,140,3119.2451757448725,3124.2405345398
281925381,66,140,3124.272941946984,3126.4257197240368
281975533,63,133,3014.3632776099257,3021.187351684552
281975533,63,133,3021.3979998328723,3027.3910438148305
281975533,63,134,3027.601691963151,3034.0901178894565
281975533,63,134,3034.300766037777,3040.8979882597923
282050150,63,133,3014.3632776099257,3021.187351684552
282050150,63,133,3021.3979998328723,3027.3910438148305
282050150,63,134,3027.601691963151,3034.0901178894565
282050150,63,134,3034.300766037777,3040.8979882597923
282050150,64,135,3041.108636408113,3048.1132544633
282050150,64,135,3048.3239026116207,3054.752143351827
282050150,64,135,3054.754458166659,3055.078532240819
282050150,64,136,3055.289180388674,3062.21742112888
282050150,64,136,3062.428069277201,3068.029921127949
282051790,10,27,1569.4379882598296,1581.771321593318
282051790,10,28,1582.771321593318,1595.667143351864
282051790,11,29,1596.7713100183755,1609.6879766830243
282051790,11,30,1610.7921433495358,1623.875465106219
282051790,12,31,1624.958798439242,1638.9796317690052
282051790,12,32,1640.0421317685395,1652.875453523826
282051790,33,73,2201.729388698004,2213.86132157268
282051790,33,74,2215.430766017642,2227.5696549103595
282051790,37,81,2307.2362868711352,2319.0279419636354
282051790,37,82,2320.222386407666,2332.576553073246
282051790,38,83,2333.854319276754,2346.3334859414026
282051790,38,84,2347.2987637189217,2360.5487521416508
282051790,39,85,2361.770974363666,2374.8543076934293
282051790,39,86,2375.86125213746,2389.715407225769
282051790,64,135,3041.108636408113,3048.1132544633
282051790,64,135,3048.3239026116207,3054.752143351827
282051790,64,135,3054.754458166659,3055.078532240819
282051790,64,136,3055.289180388674,3062.21742112888
282051790,64,136,3062.428069277201,3068.029921127949
282051790,66,139,3097.6687868623994,3104.88869426772
282051790,66,139,3105.0993424160406,3111.9743424137123
282051790,66,140,3112.184990562033,3119.076194263529
282051790,66,140,3119.2451757448725,3124.2405345398
282051790,66,140,3124.272941946984,3126.4257197240368
282278921,65,137,3068.7336248317733,3075.9674095525406
282278921,65,137,3076.178057700861,3083.47435399564
282278921,65,138,3083.685002143495,3087.4674095502123
282278921,65,138,3087.4697243650444,3090.252131771762
282278921,65,138,3090.462779919617,3096.58777991822
282278921,66,139,3097.6687868623994,3104.88869426772
282278921,66,139,3105.0993424160406,3111.9743424137123
282278921,66,140,3112.184990562033,3119.076194263529
282278921,66,140,3119.2451757448725,3124.2405345398
282278921,66,140,3124.272941946984,3126.4257197240368
282279817,38,83,2333.854319276754,2346.3334859414026
282279817,38,84,2347.2987637189217,2360.5487521416508
282279817,65,137,3068.7336248317733,3075.9674095525406
282279817,65,137,3076.178057700861,3083.47435399564
282279817,65,138,3083.685002143495,3087.4674095502123
282279817,65,138,3087.4697243650444,3090.252131771762
282279817,65,138,3090.462779919617,3096.58777991822
282279817,66,139,3097.6687868623994,3104.88869426772
282279817,66,139,3105.0993424160406,3111.9743424137123
282279817,66,140,3112.184990562033,3119.076194263529
282279817,66,140,3119.2451757448725,3124.2405345398
282279817,66,140,3124.272941946984,3126.4257197240368
284344578,61,129,2962.7938563008797,2969.3332081544213
284344578,61,129,2969.543856302742,2975.1966225081123
284344578,61,130,2975.407270656433,2982.1896780659445
284344578,61,130,2982.400326214265,2988.2244002898224
284344578,62,131,2988.435048438143,2994.881807698868
284344578,62,131,2995.092455847189,3000.9234627927653
284344578,62,132,3001.134110941086,3007.53457390517
284344578,62,132,3007.7452220534906,3014.152629461605
284419333,61,129,2962.7938563008797,2969.3332081544213
284419333,61,129,2969.543856302742,2975.1966225081123
284419333,61,130,2975.407270656433,2982.1896780659445
284419333,61,130,2982.400326214265,2988.2244002898224
285511189,58,123,2882.323983593378,2889.4235206316225
285511189,58,123,2889.634168779477,2896.0554535030387
285511189,58,124,2896.26610165136,2903.38415720826
285511189,58,124,2903.5948053565808,2910.048509061802
285555777,43,93,2474.166761370376,2486.1250831289217
285555777,43,94,2487.180638684425,2498.888972017914
285555777,45,97,2525.507016001735,2537.979226652533
285555777,45,98,2539.1389488750137,2550.625059989281
285562993,58,123,2882.323983593378,2889.4235206316225
285562993,58,123,2889.634168779477,2896.0554535030387
285562993,58,124,2896.26610165136,2903.38415720826
285562993,58,124,2903.5948053565808,2910.048509061802
285670920,59,125,2910.259157210123,2916.742953508161
285670920,59,125,2916.9536016564816,2917.7707312861457
285670920,59,125,2917.77536091581,2923.347108602524
285670920,59,126,2923.5577567508444,2930.277664160356
285670920,59,126,2930.4883123086765,2936.6873863846995
285727064,43,93,2474.166761370376,2486.1250831289217
285727064,43,94,2487.180638684425,2498.888972017914
285727096,43,93,2474.166761370376,2486.1250831289217
285727096,43,94,2487.180638684425,2498.888972017914
285727096,44,95,2500.1875831289217,2511.7223053518683
285727096,44,96,2513.2014604443684,2519.4167382232845
285727096,44,96,2519.4236826677807,2524.4375715572387
285727096,45,97,2525.507016001735,2537.979226652533
285727096,45,98,2539.1389488750137,2550.625059989281
285727893,43,93,2474.166761370376,2486.1250831289217
285727893,43,94,2487.180638684425,2498.888972017914
285727893,44,95,2500.1875831289217,2511.7223053518683
285727893,44,96,2513.2014604443684,2519.4167382232845
285727893,44,96,2519.4236826677807,2524.4375715572387
285727893,45,97,2525.507016001735,2537.979226652533
285727893,45,98,2539.1389488750137,2550.625059989281
285727895,43,93,2474.166761370376,2486.1250831289217
285727895,43,94,2487.180638684425,2498.888972017914
285727895,44,95,2500.1875831289217,2511.7223053518683
285727895,44,96,2513.2014604443684,2519.4167382232845
285727895,44,96,2519.4236826677807,2524.4375715572387
285727895,45,97,2525.507016001735,2537.979226652533
285727895,45,98,2539.1389488750137,2550.625059989281
285731419,43,93,2474.166761370376,2486.1250831289217
285731419,43,94,2487.180638684425,2498.888972017914
285731419,44,95,2500.1875831289217,2511.7223053518683
285731419,44,96,2513.2014604443684,2519.4167382232845
285731419,44,96,2519.4236826677807,2524.4375715572387
285731419,45,97,2525.507016001735,2537.979226652533
285731419,45,98,2539.1389488750137,2550.625059989281
285732357,43,93,2474.166761370376,2486.1250831289217
285732357,43,94,2487.180638684425,2498.888972017914
285732357,44,95,2500.1875831289217,2511.7223053518683
285732357,44,96,2513.2014604443684,2519.4167382232845
285732357,44,96,2519.4236826677807,2524.4375715572387
285732357,45,97,2525.507016001735,2537.979226652533
285732357,45,98,2539.1389488750137,2550.625059989281
285736141,59,125,2910.259157210123,2916.742953508161
285736141,59,125,2916.9536016564816,2917.7707312861457
285736141,59,125,2917.77536091581,2923.347108602524
285736141,59,126,2923.5577567508444,2930.277664160356
285736141,59,126,2930.4883123086765,2936.6873863846995
285873891,59,125,2910.259157210123,2916.742953508161
285873891,59,125,2916.9536016564816,2917.7707312861457
285873891,59,125,2917.77536091581,2923.347108602524
285873891,59,126,2923.5577567508444,2930.277664160356
285873891,59,126,2930.4883123086765,2936.6873863846995
285933491,59,125,2910.259157210123,2916.742953508161
285933491,59,125,2916.9536016564816,2917.7707312861457
285933491,59,125,2917.77536091581,2923.347108602524
285933491,59,126,2923.5577567508444,2930.277664160356
285933491,59,126,2930.4883123086765,2936.6873863846995
285939698,59,125,2910.259157210123,2916.742953508161
285939698,59,125,2916.9536016564816,2917.7707312861457
285939698,59,125,2917.77536091581,2923.347108602524
285939698,59,126,2923.5577567508444,2930.277664160356
285939698,59,126,2930.4883123086765,2936.6873863846995
286122000,52,111,2718.631935013924,2720.208312328439
286122000,52,111,2720.2152567729354,2730.29859010363
286122000,52,112,2731.444423436653,2743.0763678778894
286122000,58,123,2882.323983593378,2889.4235206316225
286122000,58,123,2889.634168779477,2896.0554535030387
286122000,58,124,2896.26610165136,2903.38415720826
286122000,58,124,2903.5948053565808,2910.048509061802
286138401,45,97,2525.507016001735,2537.979226652533
286138401,45,98,2539.1389488750137,2550.625059989281
287059551,59,125,2910.259157210123,2916.742953508161
287059551,59,125,2916.9536016564816,2917.7707312861457
287059551,59,125,2917.77536091581,2923.347108602524
287059551,59,126,2923.5577567508444,2930.277664160356
287059551,59,126,2930.4883123086765,2936.6873863846995
287405060,2,11,1354.1047474853694,1367.1464141495526
287405060,2,12,1368.6047359085642,1381.5005692406558
287405060,3,13,1381.7089025736786,1382.5214025736786
287405060,3,13,1382.6047359071672,1383.62556924019
287405060,3,13,1383.6672359071672,1384.2714025736786
287405060,3,13,1384.31306924019,1385.87556924019
287405060,3,13,1385.93806924019,1395.4380692397244
287405060,3,13,1395.583902573213,1396.458902573213
287405060,3,13,1396.5005692397244,1396.5630692397244
287405060,3,14,1396.646402573213,1409.3755576661788
287405060,4,15,1410.917224333156,1413.2505576666445
287405060,4,15,1413.2713909996671,1418.4797243336216
287405060,4,15,1421.2297243340872,1423.5005576675758
287405060,4,16,1424.5630576680414,1436.833879429381
287405060,5,17,1437.97971276287,1450.1880460991524
287405060,5,18,1451.563046099618,1464.2713678628206
287405060,9,25,1543.2296664975584,1555.542166499421
287405060,9,26,1556.729666499421,1568.458821593318
287405060,10,27,1569.4379882598296,1581.771321593318
287405060,10,28,1582.771321593318,1595.667143351864
287405060,30,67,2115.882201184518,2129.139134054538
287405060,30,68,2130.208578499034,2143.222467388492
287405060,37,81,2307.2362868711352,2319.0279419636354
287405060,37,82,2320.222386407666,2332.576553073246
287405060,39,85,2361.770974363666,2374.8543076934293
287405060,39,86,2375.86125213746,2389.715407225769
287485553,10,27,1569.4379882598296,1581.771321593318
287485553,10,28,1582.771321593318,1595.667143351864
287485553,11,29,1596.7713100183755,1609.6879766830243
287485553,11,30,1610.7921433495358,1623.875465106219
287496443,63,133,3014.3632776099257,3021.187351684552
287496443,63,133,3021.3979998328723,3027.3910438148305
287496443,63,134,3027.601691963151,3034.0901178894565
287496443,63,134,3034.300766037777,3040.8979882597923
287496443,65,137,3068.7336248317733,3075.9674095525406
287496443,65,137,3076.178057700861,3083.47435399564
287496443,65,138,3083.685002143495,3087.4674095502123
287496443,65,138,3087.4697243650444,3090.252131771762
287496443,65,138,3090.462779919617,3096.58777991822
287535518,64,135,3041.108636408113,3048.1132544633
287535518,64,135,3048.3239026116207,3054.752143351827
287535518,64,135,3054.754458166659,3055.078532240819
287535518,64,136,3055.289180388674,3062.21742112888
287535518,64,136,3062.428069277201,3068.029921127949
287671059,64,135,3041.108636408113,3048.1132544633
287671059,64,135,3048.3239026116207,3054.752143351827
287671059,64,135,3054.754458166659,3055.078532240819
287671059,64,136,3055.289180388674,3062.21742112888
287671059,64,136,3062.428069277201,3068.029921127949
287752945,64,135,3041.108636408113,3048.1132544633
287752945,64,135,3048.3239026116207,3054.752143351827
287752945,64,135,3054.754458166659,3055.078532240819
287752945,64,136,3055.289180388674,3062.21742112888
287752945,64,136,3062.428069277201,3068.029921127949
287794816,10,27,1569.4379882598296,1581.771321593318
287794816,10,28,1582.771321593318,1595.667143351864
287794816,11,29,1596.7713100183755,1609.6879766830243
287794816,11,30,1610.7921433495358,1623.875465106219
287794816,64,135,3041.108636408113,3048.1132544633
287794816,64,135,3048.3239026116207,3054.752143351827
287794816,64,135,3054.754458166659,3055.078532240819
287794816,64,136,3055.289180388674,3062.21742112888
287794816,64,136,3062.428069277201,3068.029921127949
287978226,63,133,3014.3632776099257,3021.187351684552
287978226,63,133,3021.3979998328723,3027.3910438148305
287978226,63,134,3027.601691963151,3034.0901178894565
287978226,63,134,3034.300766037777,3040.8979882597923
287978226,64,135,3041.108636408113,3048.1132544633
287978226,64,135,3048.3239026116207,3054.752143351827
287978226,64,135,3054.754458166659,3055.078532240819
287978226,64,136,3055.289180388674,3062.21742112888
287978226,64,136,3062.428069277201,3068.029921127949
287978226,66,139,3097.6687868623994,3104.88869426772
287978226,66,139,3105.0993424160406,3111.9743424137123
287978226,66,140,3112.184990562033,3119.076194263529
287978226,66,140,3119.2451757448725,3124.2405345398
287978226,66,140,3124.272941946984,3126.4257197240368
288093002,64,135,3041.108636408113,3048.1132544633
288093002,64,135,3048.3239026116207,3054.752143351827
288093002,64,135,3054.754458166659,3055.078532240819
288093002,64,136,3055.289180388674,3062.21742112888
288093002,64,136,3062.428069277201,3068.029921127949
288748622,59,125,2910.259157210123,2916.742953508161
288748622,59,125,2916.9536016564816,2917.7707312861457
288748622,59,125,2917.77536091581,2923.347108602524
288748622,59,126,2923.5577567508444,2930.277664160356
288748622,59,126,2930.4883123086765,2936.6873863846995
289344994,56,119,2825.252247483935,2831.724469705019
289344994,56,119,2831.93511785334,2838.513821555767
289344994,56,120,2838.724469704088,2845.87723590713
289344994,56,120,2846.0855692406185,2853.1388099808246
289785789,56,119,2825.252247483935,2831.724469705019
289785789,56,119,2831.93511785334,2838.513821555767
289785789,56,120,2838.724469704088,2845.87723590713
289785789,56,120,2846.0855692406185,2853.1388099808246
290674357,10,27,1569.4379882598296,1581.771321593318
290674357,10,28,1582.771321593318,1595.667143351864
290674357,11,29,1596.7713100183755,1609.6879766830243
290674357,11,30,1610.7921433495358,1623.875465106219
290674357,37,81,2307.2362868711352,2319.0279419636354
290674357,37,82,2320.222386407666,2332.576553073246
290674357,38,83,2333.854319276754,2346.3334859414026
290674357,38,84,2347.2987637189217,2360.5487521416508
290716988,5,17,1437.97971276287,1450.1880460991524
290716988,5,18,1451.563046099618,1464.2713678628206
290716988,6,19,1468.2713678642176,1477.0213678670116
290716988,6,20,1478.1047012005,1490.0421896306798
290716988,31,69,2144.514134055469,2157.451622482855
290716988,31,70,2158.861344705336,2169.944678040687
290716988,32,71,2174.222455819603,2185.9377220263705
290716988,32,72,2186.9446664713323,2200.2293886975385
290716988,33,73,2201.729388698004,2213.86132157268
290716988,33,74,2215.430766017642,2227.5696549103595
290717316,4,15,1410.917224333156,1413.2505576666445
290717316,4,15,1413.2713909996671,1418.4797243336216
290717316,4,15,1421.2297243340872,1423.5005576675758
290717316,4,16,1424.5630576680414,1436.833879429381
290717316,5,17,1437.97971276287,1450.1880460991524
290717316,5,18,1451.563046099618,1464.2713678628206
290717316,6,19,1468.2713678642176,1477.0213678670116
290717316,6,20,1478.1047012005,1490.0421896306798
290717316,31,69,2144.514134055469,2157.451622482855
290717316,31,70,2158.861344705336,2169.944678040687
290717316,32,71,2174.222455819603,2185.9377220263705
290717316,32,72,2186.9446664713323,2200.2293886975385
290717316,33,73,2201.729388698004,2213.86132157268
290717316,33,74,2215.430766017642,2227.5696549103595
291633913,8,23,1517.354678065516,1529.0630114017986
291633913,8,24,1530.2713447352871,1531.7296780692411
291633913,8,24,1535.0005114031956,1542.0004998305812
291909020,11,29,1596.7713100183755,1609.6879766830243
291909020,11,30,1610.7921433495358,1623.875465106219
291909020,65,137,3068.7336248317733,3075.9674095525406
291909020,65,137,3076.178057700861,3083.47435399564
291909020,65,138,3083.685002143495,3087.4674095502123
291909020,65,138,3087.4697243650444,3090.252131771762
291909020,65,138,3090.462779919617,3096.58777991822
293273183,1,9,1325.3130924007855,1338.5214257300831
293273183,1,10,1339.6672474890947,1353.167247485835
293273183,2,11,1354.1047474853694,1367.1464141495526
293273183,2,12,1368.6047359085642,1381.5005692406558
293273183,3,13,1381.7089025736786,1382.5214025736786
293273183,3,13,1382.6047359071672,1383.62556924019
293273183,3,13,1383.6672359071672,1384.2714025736786
293273183,3,13,1384.31306924019,1385.87556924019
293273183,3,13,1385.93806924019,1395.4380692397244
293273183,3,13,1395.583902573213,1396.458902573213
293273183,3,13,1396.5005692397244,1396.5630692397244
293273183,3,14,1396.646402573213,1409.3755576661788
293273183,4,15,1410.917224333156,1413.2505576666445
293273183,4,15,1413.2713909996671,1418.4797243336216
293273183,4,15,1421.2297243340872,1423.5005576675758
293273183,4,16,1424.5630576680414,1436.833879429381
293273183,5,17,1437.97971276287,1450.1880460991524
293273183,5,18,1451.563046099618,1464.2713678628206
293273183,6,19,1468.2713678642176,1477.0213678670116
293273183,6,20,1478.1047012005,1490.0421896306798
293273183,7,21,1491.625522964634,1503.0213563013822
293273183,7,22,1504.7088563023135,1516.0838447315618
293273183,8,23,1517.354678065516,1529.0630114017986
293273183,8,24,1530.2713447352871,1531.7296780692411
293273183,8,24,1535.0005114031956,1542.0004998305812
293273183,12,31,1624.958798439242,1638.9796317690052
293273183,12,32,1640.0421317685395,1652.875453523826
293273183,13,33,1653.9171201903373,1667.6879535191692
293273183,13,34,1668.6254535187036,1682.3546086070128
293273183,63,133,3014.3632776099257,3021.187351684552
293273183,63,133,3021.3979998328723,3027.3910438148305
293273183,63,134,3027.601691963151,3034.0901178894565
293273183,63,134,3034.300766037777,3040.8979882597923
293273183,64,135,3041.108636408113,3048.1132544633
293273183,64,135,3048.3239026116207,3054.752143351827
293273183,64,135,3054.754458166659,3055.078532240819
293273183,64,136,3055.289180388674,3062.21742112888
293273183,64,136,3062.428069277201,3068.029921127949
293273183,65,137,3068.7336248317733,3075.9674095525406
293273183,65,137,3076.178057700861,3083.47435399564
293273183,65,138,3083.685002143495,3087.4674095502123
293273183,65,138,3087.4697243650444,3090.252131771762
293273183,65,138,3090.462779919617,3096.58777991822
293273183,66,139,3097.6687868623994,3104.88869426772
293273183,66,139,3105.0993424160406,3111.9743424137123
293273183,66,140,3112.184990562033,3119.076194263529
293273183,66,140,3119.2451757448725,3124.2405345398
293273183,66,140,3124.272941946984,3126.4257197240368
293273183,67,141,3126.6363678723574,3133.1132197217084
293273183,67,141,3133.323867870029,3140.2497937935404
293273183,67,142,3140.460441941861,3147.703497495037
293273183,67,142,3147.91413406888,3154.395615548361
293692895,61,129,2962.7938563008797,2969.3332081544213
293692895,61,129,2969.543856302742,2975.1966225081123
293692895,61,130,2975.407270656433,2982.1896780659445
293692895,61,130,2982.400326214265,2988.2244002898224
293968698,7,21,1491.625522964634,1503.0213563013822
293968698,7,22,1504.7088563023135,1516.0838447315618
293968698,8,23,1517.354678065516,1529.0630114017986
293968698,8,24,1530.2713447352871,1531.7296780692411
293968698,8,24,1535.0005114031956,1542.0004998305812
293968698,9,25,1543.2296664975584,1555.542166499421
293968698,9,26,1556.729666499421,1568.458821593318
293968698,33,73,2201.729388698004,2213.86132157268
293968698,33,74,2215.430766017642,2227.5696549103595
293968698,34,75,2228.750210466329,2240.902976674028
293968698,34,76,2241.9863100075163,2254.062698900234
293968698,35,77,2254.9863100117072,2266.1043539959937
293968698,35,77,2266.3751873290166,2267.146020662505
293968698,35,78,2268.583520662971,2279.979353998322
293968698,36,79,2280.902965109796,2292.8543424261734
293968698,36,80,2293.7918424261734,2305.9862868711352
293968698,39,85,2361.770974363666,2374.8543076934293
293968698,39,86,2375.86125213746,2389.715407225769
293968698,61,129,2962.7938563008797,2969.3332081544213
293968698,61,129,2969.543856302742,2975.1966225081123
293968698,61,130,2975.407270656433,2982.1896780659445
293968698,61,130,2982.400326214265,2988.2244002898224
293968698,62,131,2988.435048438143,2994.881807698868
293968698,62,131,2995.092455847189,3000.9234627927653
293968698,62,132,3001.134110941086,3007.53457390517
293968698,62,132,3007.7452220534906,3014.152629461605
293968698,66,139,3097.6687868623994,3104.88869426772
293968698,66,139,3105.0993424160406,3111.9743424137123
293968698,66,140,3112.184990562033,3119.076194263529
293968698,66,140,3119.2451757448725,3124.2405345398
293968698,66,140,3124.272941946984,3126.4257197240368
293969029,61,129,2962.7938563008797,2969.3332081544213
293969029,61,129,2969.543856302742,2975.1966225081123
293969029,61,130,2975.407270656433,2982.1896780659445
293969029,61,130,2982.400326214265,2988.2244002898224
293969029,66,139,3097.6687868623994,3104.88869426772
293969029,66,139,3105.0993424160406,3111.9743424137123
293969029,66,140,3112.184990562033,3119.076194263529
293969029,66,140,3119.2451757448725,3124.2405345398
293969029,66,140,3124.272941946984,3126.4257197240368
293970607,62,131,2988.435048438143,2994.881807698868
293970607,62,131,2995.092455847189,3000.9234627927653
293970607,62,132,3001.134110941086,3007.53457390517
293970607,62,132,3007.7452220534906,3014.152629461605
293973056,62,131,2988.435048438143,2994.881807698868
293973056,62,131,2995.092455847189,3000.9234627927653
293973056,62,132,3001.134110941086,3007.53457390517
293973056,62,132,3007.7452220534906,3014.152629461605
293974254,61,129,2962.7938563008797,2969.3332081544213
293974254,61,129,2969.543856302742,2975.1966225081123
293974254,61,130,2975.407270656433,2982.1896780659445
293974254,61,130,2982.400326214265,2988.2244002898224
293974254,62,131,2988.435048438143,2994.881807698868
293974254,62,131,2995.092455847189,3000.9234627927653
293974254,62,132,3001.134110941086,3007.53457390517
293974254,62,132,3007.7452220534906,3014.152629461605
293974254,64,135,3041.108636408113,3048.1132544633
293974254,64,135,3048.3239026116207,3054.752143351827
293974254,64,135,3054.754458166659,3055.078532240819
293974254,64,136,3055.289180388674,3062.21742112888
293974254,64,136,3062.428069277201,3068.029921127949
293974254,66,139,3097.6687868623994,3104.88869426772
293974254,66,139,3105.0993424160406,3111.9743424137123
293974254,66,140,3112.184990562033,3119.076194263529
293974254,66,140,3119.2451757448725,3124.2405345398
293974254,66,140,3124.272941946984,3126.4257197240368
293974981,62,131,2988.435048438143,2994.881807698868
293974981,62,131,2995.092455847189,3000.9234627927653
293974981,62,132,3001.134110941086,3007.53457390517
293974981,62,132,3007.7452220534906,3014.152629461605
294098955,2,11,1354.1047474853694,1367.1464141495526
294098955,2,12,1368.6047359085642,1381.5005692406558
294098955,3,13,1381.7089025736786,1382.5214025736786
294098955,3,13,1382.6047359071672,1383.62556924019
294098955,3,13,1383.6672359071672,1384.2714025736786
294098955,3,13,1384.31306924019,1385.87556924019
294098955,3,13,1385.93806924019,1395.4380692397244
294098955,3,13,1395.583902573213,1396.458902573213
294098955,3,13,1396.5005692397244,1396.5630692397244
294098955,3,14,1396.646402573213,1409.3755576661788
294098955,4,15,1410.917224333156,1413.2505576666445
294098955,4,15,1413.2713909996671,1418.4797243336216
294098955,4,15,1421.2297243340872,1423.5005576675758
294098955,4,16,1424.5630576680414,1436.833879429381
294098955,5,17,1437.97971276287,1450.1880460991524
294098955,5,18,1451.563046099618,1464.2713678628206
294098955,6,19,1468.2713678642176,1477.0213678670116
294098955,6,20,1478.1047012005,1490.0421896306798
294098955,8,23,1517.354678065516,1529.0630114017986
294098955,8,24,1530.2713447352871,1531.7296780692411
294098955,8,24,1535.0005114031956,1542.0004998305812
294098955,9,25,1543.2296664975584,1555.542166499421
294098955,9,26,1556.729666499421,1568.458821593318
294098955,12,31,1624.958798439242,1638.9796317690052
294098955,12,32,1640.0421317685395,1652.875453523826
294098955,13,33,1653.9171201903373,1667.6879535191692
294098955,13,34,1668.6254535187036,1682.3546086070128
294098955,27,61,2036.2780692591327,2048.125279903412
294098955,27,62,2049.1530576804653,2060.6391687882133
294098955,29,65,2088.2363794292323,2101.375256741885
294098955,29,66,2102.326645630412,2114.430812295992
294098955,30,67,2115.882201184518,2129.139134054538
294098955,30,68,2130.208578499034,2143.222467388492
294098955,31,69,2144.514134055469,2157.451622482855
294098955,31,70,2158.861344705336,2169.944678040687
294098955,32,71,2174.222455819603,2185.9377220263705
294098955,32,72,2186.9446664713323,2200.2293886975385
294098955,33,73,2201.729388698004,2213.86132157268
294098955,33,74,2215.430766017642,2227.5696549103595
294098955,34,75,2228.750210466329,2240.902976674028
294098955,34,76,2241.9863100075163,2254.062698900234
294098955,36,79,2280.902965109796,2292.8543424261734
294098955,36,80,2293.7918424261734,2305.9862868711352
294098955,37,81,2307.2362868711352,2319.0279419636354
294098955,37,82,2320.222386407666,2332.576553073246
294098955,39,85,2361.770974363666,2374.8543076934293
294098955,39,86,2375.86125213746,2389.715407225769
294157334,62,131,2988.435048438143,2994.881807698868
294157334,62,131,2995.092455847189,3000.9234627927653
294157334,62,132,3001.134110941086,3007.53457390517
294157334,62,132,3007.7452220534906,3014.152629461605
294204998,63,133,3014.3632776099257,3021.187351684552
294204998,63,133,3021.3979998328723,3027.3910438148305
294204998,63,134,3027.601691963151,3034.0901178894565
294204998,63,134,3034.300766037777,3040.8979882597923
294204998,64,135,3041.108636408113,3048.1132544633
294204998,64,135,3048.3239026116207,3054.752143351827
294204998,64,135,3054.754458166659,3055.078532240819
294204998,64,136,3055.289180388674,3062.21742112888
294204998,64,136,3062.428069277201,3068.029921127949
294271993,62,131,2988.435048438143,2994.881807698868
294271993,62,131,2995.092455847189,3000.9234627927653
294271993,62,132,3001.134110941086,3007.53457390517
294271993,62,132,3007.7452220534906,3014.152629461605
294271993,64,135,3041.108636408113,3048.1132544633
294271993,64,135,3048.3239026116207,3054.752143351827
294271993,64,135,3054.754458166659,3055.078532240819
294271993,64,136,3055.289180388674,3062.21742112888
294271993,64,136,3062.428069277201,3068.029921127949
294276278,61,129,2962.7938563008797,2969.3332081544213
294276278,61,129,2969.543856302742,2975.1966225081123
294276278,61,130,2975.407270656433,2982.1896780659445
294276278,61,130,2982.400326214265,2988.2244002898224
294325822,61,129,2962.7938563008797,2969.3332081544213
294325822,61,129,2969.543856302742,2975.1966225081123
294325822,61,130,2975.407270656433,2982.1896780659445
294325822,61,130,2982.400326214265,2988.2244002898224
294325822,66,139,3097.6687868623994,3104.88869426772
294325822,66,139,3105.0993424160406,3111.9743424137123
294325822,66,140,3112.184990562033,3119.076194263529
294325822,66,140,3119.2451757448725,3124.2405345398
294325822,66,140,3124.272941946984,3126.4257197240368
294325822,67,141,3126.6363678723574,3133.1132197217084
294325822,67,141,3133.323867870029,3140.2497937935404
294325822,67,142,3140.460441941861,3147.703497495037
294325822,67,142,3147.91413406888,3154.395615548361
294754396,1,9,1325.3130924007855,1338.5214257300831
294754396,1,10,1339.6672474890947,1353.167247485835
294754396,2,11,1354.1047474853694,1367.1464141495526
294754396,2,12,1368.6047359085642,1381.5005692406558
294754396,4,15,1410.917224333156,1413.2505576666445
294754396,4,15,1413.2713909996671,1418.4797243336216
294754396,4,15,1421.2297243340872,1423.5005576675758
294754396,4,16,1424.5630576680414,1436.833879429381
294754396,5,17,1437.97971276287,1450.1880460991524
294754396,5,18,1451.563046099618,1464.2713678628206
294754396,6,19,1468.2713678642176,1477.0213678670116
294754396,6,20,1478.1047012005,1490.0421896306798
294754396,7,21,1491.625522964634,1503.0213563013822
294754396,7,22,1504.7088563023135,1516.0838447315618
294754396,8,23,1517.354678065516,1529.0630114017986
294754396,8,24,1530.2713447352871,1531.7296780692411
294754396,8,24,1535.0005114031956,1542.0004998305812
294754396,10,27,1569.4379882598296,1581.771321593318
294754396,10,28,1582.771321593318,1595.667143351864
294754396,11,29,1596.7713100183755,1609.6879766830243
294754396,11,30,1610.7921433495358,1623.875465106219
294754396,12,31,1624.958798439242,1638.9796317690052
294754396,12,32,1640.0421317685395,1652.875453523826
294754396,13,33,1653.9171201903373,1667.6879535191692
294754396,13,34,1668.6254535187036,1682.3546086070128
294754396,27,61,2036.2780692591327,2048.125279903412
294754396,27,62,2049.1530576804653,2060.6391687882133
294754396,28,63,2061.847502121236,2073.958601654973
294754396,28,64,2075.1530460990034,2087.0974905407056
294754396,29,65,2088.2363794292323,2101.375256741885
294754396,29,66,2102.326645630412,2114.430812295992
294754396,30,67,2115.882201184518,2129.139134054538
294754396,30,68,2130.208578499034,2143.222467388492
294754396,31,69,2144.514134055469,2157.451622482855
294754396,31,70,2158.861344705336,2169.944678040687
294754396,32,71,2174.222455819603,2185.9377220263705
294754396,32,72,2186.9446664713323,2200.2293886975385
294754396,33,73,2201.729388698004,2213.86132157268
294754396,33,74,2215.430766017642,2227.5696549103595
294754396,34,75,2228.750210466329,2240.902976674028
294754396,34,76,2241.9863100075163,2254.062698900234
294754396,35,77,2254.9863100117072,2266.1043539959937
294754396,35,77,2266.3751873290166,2267.146020662505
294754396,35,78,2268.583520662971,2279.979353998322
294754396,36,79,2280.902965109796,2292.8543424261734
294754396,36,80,2293.7918424261734,2305.9862868711352
294754396,37,81,2307.2362868711352,2319.0279419636354
294754396,37,82,2320.222386407666,2332.576553073246
294754396,38,83,2333.854319276754,2346.3334859414026
294754396,38,84,2347.2987637189217,2360.5487521416508
294754396,39,85,2361.770974363666,2374.8543076934293
294754396,39,86,2375.86125213746,2389.715407225769
294993587,12,31,1624.958798439242,1638.9796317690052
294993587,12,32,1640.0421317685395,1652.875453523826
294993587,39,85,2361.770974363666,2374.8543076934293
294993587,39,86,2375.86125213746,2389.715407225769
294993587,65,137,3068.7336248317733,3075.9674095525406
294993587,65,137,3076.178057700861,3083.47435399564
294993587,65,138,3083.685002143495,3087.4674095502123
294993587,65,138,3087.4697243650444,3090.252131771762
294993587,65,138,3090.462779919617,3096.58777991822
295777692,10,27,1569.4379882598296,1581.771321593318
295777692,10,28,1582.771321593318,1595.667143351864
295777692,11,29,1596.7713100183755,1609.6879766830243
295777692,11,30,1610.7921433495358,1623.875465106219
295777692,37,81,2307.2362868711352,2319.0279419636354
295777692,37,82,2320.222386407666,2332.576553073246
295777692,64,135,3041.108636408113,3048.1132544633
295777692,64,135,3048.3239026116207,3054.752143351827
295777692,64,135,3054.754458166659,3055.078532240819
295777692,64,136,3055.289180388674,3062.21742112888
295777692,64,136,3062.428069277201,3068.029921127949
295777692,65,137,3068.7336248317733,3075.9674095525406
295777692,65,137,3076.178057700861,3083.47435399564
295777692,65,138,3083.685002143495,3087.4674095502123
295777692,65,138,3087.4697243650444,3090.252131771762
295777692,65,138,3090.462779919617,3096.58777991822
295802301,56,119,2825.252247483935,2831.724469705019
295802301,56,119,2831.93511785334,2838.513821555767
295802301,56,120,2838.724469704088,2845.87723590713
295802301,56,120,2846.0855692406185,2853.1388099808246
295899674,12,31,1624.958798439242,1638.9796317690052
295899674,12,32,1640.0421317685395,1652.875453523826
295899674,65,137,3068.7336248317733,3075.9674095525406
295899674,65,137,3076.178057700861,3083.47435399564
295899674,65,138,3083.685002143495,3087.4674095502123
295899674,65,138,3087.4697243650444,3090.252131771762
295899674,65,138,3090.462779919617,3096.58777991822
295911223,12,31,1624.958798439242,1638.9796317690052
295911223,12,32,1640.0421317685395,1652.875453523826
295911223,38,83,2333.854319276754,2346.3334859414026
295911223,38,84,2347.2987637189217,2360.5487521416508
295911223,65,137,3068.7336248317733,3075.9674095525406
295911223,65,137,3076.178057700861,3083.47435399564
295911223,65,138,3083.685002143495,3087.4674095502123
295911223,65,138,3087.4697243650444,3090.252131771762
295911223,65,138,3090.462779919617,3096.58777991822
296264014,12,31,1624.958798439242,1638.9796317690052
296264014,12,32,1640.0421317685395,1652.875453523826
296264014,38,83,2333.854319276754,2346.3334859414026
296264014,38,84,2347.2987637189217,2360.5487521416508
296264014,65,137,3068.7336248317733,3075.9674095525406
296264014,65,137,3076.178057700861,3083.47435399564
296264014,65,138,3083.685002143495,3087.4674095502123
296264014,65,138,3087.4697243650444,3090.252131771762
296264014,65,138,3090.462779919617,3096.58777991822
296700769,12,31,1624.958798439242,1638.9796317690052
296700769,12,32,1640.0421317685395,1652.875453523826
297855749,12,31,1624.958798439242,1638.9796317690052
297855749,12,32,1640.0421317685395,1652.875453523826
297855749,39,85,2361.770974363666,2374.8543076934293
297855749,39,86,2375.86125213746,2389.715407225769
298801915,9,25,1543.2296664975584,1555.542166499421
298801915,9,26,1556.729666499421,1568.458821593318
298801915,35,77,2254.9863100117072,2266.1043539959937
298801915,35,77,2266.3751873290166,2267.146020662505
298801915,35,78,2268.583520662971,2279.979353998322
298801915,63,133,3014.3632776099257,3021.187351684552
298801915,63,133,3021.3979998328723,3027.3910438148305
298801915,63,134,3027.601691963151,3034.0901178894565
298801915,63,134,3034.300766037777,3040.8979882597923
298963920,15,37,1711.3754303576425,1723.85459702136
298963920,15,38,1724.9379303548485,1737.3962521119977
298963920,26,59,2010.2711363970304,2022.187791485805
298963920,40,87,2390.652907225769,2404.395962776616
298963920,40,88,2405.3265183316544,2418.854284531437
298963920,41,89,2419.9862289754674,2432.5973400827497
298963920,41,90,2433.715395637788,2446.5764951715246
298963920,54,115,2769.8957891655155,2782.33328916179
298963920,54,116,2783.5277336058207,2796.1249442501
298963920,55,117,2797.0971664721146,2809.9582775798626
298963920,55,118,2810.867999801878,2824.2638215580955
300011941,6,19,1468.2713678642176,1477.0213678670116
300011941,6,20,1478.1047012005,1490.0421896306798
300011941,34,75,2228.750210466329,2240.902976674028
300011941,34,76,2241.9863100075163,2254.062698900234
300866996,1,9,1325.3130924007855,1338.5214257300831
300866996,1,10,1339.6672474890947,1353.167247485835
300866996,2,11,1354.1047474853694,1367.1464141495526
300866996,2,12,1368.6047359085642,1381.5005692406558
300866996,3,13,1381.7089025736786,1382.5214025736786
300866996,3,13,1382.6047359071672,1383.62556924019
300866996,3,13,1383.6672359071672,1384.2714025736786
300866996,3,13,1384.31306924019,1385.87556924019
300866996,3,13,1385.93806924019,1395.4380692397244
300866996,3,13,1395.583902573213,1396.458902573213
300866996,3,13,1396.5005692397244,1396.5630692397244
300866996,3,14,1396.646402573213,1409.3755576661788
300866996,4,15,1410.917224333156,1413.2505576666445
300866996,4,15,1413.2713909996671,1418.4797243336216
300866996,4,15,1421.2297243340872,1423.5005576675758
300866996,4,16,1424.5630576680414,1436.833879429381
300866996,5,17,1437.97971276287,1450.1880460991524
300866996,5,18,1451.563046099618,1464.2713678628206
300866996,6,19,1468.2713678642176,1477.0213678670116
300866996,6,20,1478.1047012005,1490.0421896306798
300866996,7,21,1491.625522964634,1503.0213563013822
300866996,7,22,1504.7088563023135,1516.0838447315618
300866996,8,23,1517.354678065516,1529.0630114017986
300866996,8,24,1530.2713447352871,1531.7296780692411
300866996,8,24,1535.0005114031956,1542.0004998305812
300866996,9,25,1543.2296664975584,1555.542166499421
300866996,9,26,1556.729666499421,1568.458821593318
300866996,11,29,1596.7713100183755,1609.6879766830243
300866996,11,30,1610.7921433495358,1623.875465106219
300866996,12,31,1624.958798439242,1638.9796317690052
300866996,12,32,1640.0421317685395,1652.875453523826
300866996,13,33,1653.9171201903373,1667.6879535191692
300866996,13,34,1668.6254535187036,1682.3546086070128
300866996,27,61,2036.2780692591327,2048.125279903412
300866996,27,62,2049.1530576804653,2060.6391687882133
300866996,28,63,2061.847502121236,2073.958601654973
300866996,28,64,2075.1530460990034,2087.0974905407056
300866996,29,65,2088.2363794292323,2101.375256741885
300866996,29,66,2102.326645630412,2114.430812295992
300866996,30,67,2115.882201184518,2129.139134054538
300866996,30,68,2130.208578499034,2143.222467388492
300866996,31,69,2144.514134055469,2157.451622482855
300866996,31,70,2158.861344705336,2169.944678040687
300866996,32,71,2174.222455819603,2185.9377220263705
300866996,32,72,2186.9446664713323,2200.2293886975385
300866996,33,73,2201.729388698004,2213.86132157268
300866996,33,74,2215.430766017642,2227.5696549103595
300866996,34,75,2228.750210466329,2240.902976674028
300866996,34,76,2241.9863100075163,2254.062698900234
300866996,35,77,2254.9863100117072,2266.1043539959937
300866996,35,77,2266.3751873290166,2267.146020662505
300866996,35,78,2268.583520662971,2279.979353998322
300866996,36,79,2280.902965109796,2292.8543424261734
300866996,36,80,2293.7918424261734,2305.9862868711352
300866996,37,81,2307.2362868711352,2319.0279419636354
300866996,37,82,2320.222386407666,2332.576553073246
300866996,38,83,2333.854319276754,2346.3334859414026
300866996,38,84,2347.2987637189217,2360.5487521416508
300866996,39,85,2361.770974363666,2374.8543076934293
300866996,39,86,2375.86125213746,2389.715407225769
300942493,42,91,2447.687606282532,2460.3056502612308
300942493,42,92,2461.2362058167346,2473.159816926345
300943055,42,91,2447.687606282532,2460.3056502612308
300943055,42,92,2461.2362058167346,2473.159816926345
301083701,32,71,2174.222455819603,2185.9377220263705
301083701,32,72,2186.9446664713323,2200.2293886975385
301091083,58,123,2882.323983593378,2889.4235206316225
301091083,58,123,2889.634168779477,2896.0554535030387
301091083,58,124,2896.26610165136,2903.38415720826
301091083,58,124,2903.5948053565808,2910.048509061802
301641485,58,123,2882.323983593378,2889.4235206316225
301641485,58,123,2889.634168779477,2896.0554535030387
301641485,58,124,2896.26610165136,2903.38415720826
301641485,58,124,2903.5948053565808,2910.048509061802
301737360,58,123,2882.323983593378,2889.4235206316225
301737360,58,123,2889.634168779477,2896.0554535030387
301737360,58,124,2896.26610165136,2903.38415720826
301737360,58,124,2903.5948053565808,2910.048509061802
302160226,58,123,2882.323983593378,2889.4235206316225
302160226,58,123,2889.634168779477,2896.0554535030387
302160226,58,124,2896.26610165136,2903.38415720826
302160226,58,124,2903.5948053565808,2910.048509061802
302303144,44,95,2500.1875831289217,2511.7223053518683
302303144,44,96,2513.2014604443684,2519.4167382232845
302303144,44,96,2519.4236826677807,2524.4375715572387
302303144,46,99,2551.5625599897467,2564.6181039749645
302303144,46,100,2566.0139373089187,2578.7014373131096
302303144,47,101,2579.7986595355906,2592.958370188251
302303144,47,102,2593.875036855228,2606.937536859419
302313499,58,123,2882.323983593378,2889.4235206316225
302313499,58,123,2889.634168779477,2896.0554535030387
302313499,58,124,2896.26610165136,2903.38415720826
302313499,58,124,2903.5948053565808,2910.048509061802
302394696,58,123,2882.323983593378,2889.4235206316225
302394696,58,123,2889.634168779477,2896.0554535030387
302394696,58,124,2896.26610165136,2903.38415720826
302394696,58,124,2903.5948053565808,2910.048509061802
302540611,43,93,2474.166761370376,2486.1250831289217
302540611,43,94,2487.180638684425,2498.888972017914
302540611,44,95,2500.1875831289217,2511.7223053518683
302540611,44,96,2513.2014604443684,2519.4167382232845
302540611,44,96,2519.4236826677807,2524.4375715572387
302541052,42,91,2447.687606282532,2460.3056502612308
302541052,42,92,2461.2362058167346,2473.159816926345
302541151,42,91,2447.687606282532,2460.3056502612308
302541151,42,92,2461.2362058167346,2473.159816926345
302541151,43,93,2474.166761370376,2486.1250831289217
302541151,43,94,2487.180638684425,2498.888972017914
302541151,44,95,2500.1875831289217,2511.7223053518683
302541151,44,96,2513.2014604443684,2519.4167382232845
302541151,44,96,2519.4236826677807,2524.4375715572387
302541645,42,91,2447.687606282532,2460.3056502612308
302541645,42,92,2461.2362058167346,2473.159816926345
302541645,44,95,2500.1875831289217,2511.7223053518683
302541645,44,96,2513.2014604443684,2519.4167382232845
302541645,44,96,2519.4236826677807,2524.4375715572387
302545091,42,91,2447.687606282532,2460.3056502612308
302545091,42,92,2461.2362058167346,2473.159816926345
302545091,44,95,2500.1875831289217,2511.7223053518683
302545091,44,96,2513.2014604443684,2519.4167382232845
302545091,44,96,2519.4236826677807,2524.4375715572387
302545345,43,93,2474.166761370376,2486.1250831289217
302545345,43,94,2487.180638684425,2498.888972017914
302545345,44,95,2500.1875831289217,2511.7223053518683
302545345,44,96,2513.2014604443684,2519.4167382232845
302545345,44,96,2519.4236826677807,2524.4375715572387
302545441,43,93,2474.166761370376,2486.1250831289217
302545441,43,94,2487.180638684425,2498.888972017914
302545441,44,95,2500.1875831289217,2511.7223053518683
302545441,44,96,2513.2014604443684,2519.4167382232845
302545441,44,96,2519.4236826677807,2524.4375715572387
302545442,42,91,2447.687606282532,2460.3056502612308
302545442,42,92,2461.2362058167346,2473.159816926345
302545442,43,93,2474.166761370376,2486.1250831289217
302545442,43,94,2487.180638684425,2498.888972017914
302545442,44,95,2500.1875831289217,2511.7223053518683
302545442,44,96,2513.2014604443684,2519.4167382232845
302545442,44,96,2519.4236826677807,2524.4375715572387
302545449,42,91,2447.687606282532,2460.3056502612308
302545449,42,92,2461.2362058167346,2473.159816926345
302545449,43,93,2474.166761370376,2486.1250831289217
302545449,43,94,2487.180638684425,2498.888972017914
302545449,44,95,2500.1875831289217,2511.7223053518683
302545449,44,96,2513.2014604443684,2519.4167382232845
302545449,44,96,2519.4236826677807,2524.4375715572387
302545513,42,91,2447.687606282532,2460.3056502612308
302545513,42,92,2461.2362058167346,2473.159816926345
302545513,43,93,2474.166761370376,2486.1250831289217
302545513,43,94,2487.180638684425,2498.888972017914
302545513,44,95,2500.1875831289217,2511.7223053518683
302545513,44,96,2513.2014604443684,2519.4167382232845
302545513,44,96,2519.4236826677807,2524.4375715572387
302545647,42,91,2447.687606282532,2460.3056502612308
302545647,42,92,2461.2362058167346,2473.159816926345
302545702,43,93,2474.166761370376,2486.1250831289217
302545702,43,94,2487.180638684425,2498.888972017914
302545702,44,95,2500.1875831289217,2511.7223053518683
302545702,44,96,2513.2014604443684,2519.4167382232845
302545702,44,96,2519.4236826677807,2524.4375715572387
302545769,42,91,2447.687606282532,2460.3056502612308
302545769,42,92,2461.2362058167346,2473.159816926345
302545769,43,93,2474.166761370376,2486.1250831289217
302545769,43,94,2487.180638684425,2498.888972017914
302545769,44,95,2500.1875831289217,2511.7223053518683
302545769,44,96,2513.2014604443684,2519.4167382232845
302545769,44,96,2519.4236826677807,2524.4375715572387
302545798,43,93,2474.166761370376,2486.1250831289217
302545798,43,94,2487.180638684425,2498.888972017914
302545798,44,95,2500.1875831289217,2511.7223053518683
302545798,44,96,2513.2014604443684,2519.4167382232845
302545798,44,96,2519.4236826677807,2524.4375715572387
302545818,44,95,2500.1875831289217,2511.7223053518683
302545818,44,96,2513.2014604443684,2519.4167382232845
302545818,44,96,2519.4236826677807,2524.4375715572387
302545922,43,93,2474.166761370376,2486.1250831289217
302545922,43,94,2487.180638684425,2498.888972017914
302545922,44,95,2500.1875831289217,2511.7223053518683
302545922,44,96,2513.2014604443684,2519.4167382232845
302545922,44,96,2519.4236826677807,2524.4375715572387
302545959,42,91,2447.687606282532,2460.3056502612308
302545959,42,92,2461.2362058167346,2473.159816926345
302545959,43,93,2474.166761370376,2486.1250831289217
302545959,43,94,2487.180638684425,2498.888972017914
302545959,44,95,2500.1875831289217,2511.7223053518683
302545959,44,96,2513.2014604443684,2519.4167382232845
302545959,44,96,2519.4236826677807,2524.4375715572387
302959739,10,27,1569.4379882598296,1581.771321593318
302959739,10,28,1582.771321593318,1595.667143351864
302959739,12,31,1624.958798439242,1638.9796317690052
302959739,12,32,1640.0421317685395,1652.875453523826
302959739,36,79,2280.902965109796,2292.8543424261734
302959739,36,80,2293.7918424261734,2305.9862868711352
302959739,37,81,2307.2362868711352,2319.0279419636354
302959739,37,82,2320.222386407666,2332.576553073246
302959739,38,83,2333.854319276754,2346.3334859414026
302959739,38,84,2347.2987637189217,2360.5487521416508
302959739,39,85,2361.770974363666,2374.8543076934293
302959739,39,86,2375.86125213746,2389.715407225769
303095596,36,79,2280.902965109796,2292.8543424261734
303095596,36,80,2293.7918424261734,2305.9862868711352
303095596,38,83,2333.854319276754,2346.3334859414026
303095596,38,84,2347.2987637189217,2360.5487521416508
303188775,65,137,3068.7336248317733,3075.9674095525406
303188775,65,137,3076.178057700861,3083.47435399564
303188775,65,138,3083.685002143495,3087.4674095502123
303188775,65,138,3087.4697243650444,3090.252131771762
303188775,65,138,3090.462779919617,3096.58777991822
304417560,11,29,1596.7713100183755,1609.6879766830243
304417560,11,30,1610.7921433495358,1623.875465106219
304531034,10,27,1569.4379882598296,1581.771321593318
304531034,10,28,1582.771321593318,1595.667143351864
304531034,11,29,1596.7713100183755,1609.6879766830243
304531034,11,30,1610.7921433495358,1623.875465106219
306508340,61,129,2962.7938563008797,2969.3332081544213
306508340,61,129,2969.543856302742,2975.1966225081123
306508340,61,130,2975.407270656433,2982.1896780659445
306508340,61,130,2982.400326214265,2988.2244002898224
306508340,62,131,2988.435048438143,2994.881807698868
306508340,62,131,2995.092455847189,3000.9234627927653
306508340,62,132,3001.134110941086,3007.53457390517
306508340,62,132,3007.7452220534906,3014.152629461605
306508340,65,137,3068.7336248317733,3075.9674095525406
306508340,65,137,3076.178057700861,3083.47435399564
306508340,65,138,3083.685002143495,3087.4674095502123
306508340,65,138,3087.4697243650444,3090.252131771762
306508340,65,138,3090.462779919617,3096.58777991822
306508340,67,141,3126.6363678723574,3133.1132197217084
306508340,67,141,3133.323867870029,3140.2497937935404
306508340,67,142,3140.460441941861,3147.703497495037
306508340,67,142,3147.91413406888,3154.395615548361
306738947,61,129,2962.7938563008797,2969.3332081544213
306738947,61,129,2969.543856302742,2975.1966225081123
306738947,61,130,2975.407270656433,2982.1896780659445
306738947,61,130,2982.400326214265,2988.2244002898224
306738947,63,133,3014.3632776099257,3021.187351684552
306738947,63,133,3021.3979998328723,3027.3910438148305
306738947,63,134,3027.601691963151,3034.0901178894565
306738947,63,134,3034.300766037777,3040.8979882597923
306738947,64,135,3041.108636408113,3048.1132544633
306738947,64,135,3048.3239026116207,3054.752143351827
306738947,64,135,3054.754458166659,3055.078532240819
306738947,64,136,3055.289180388674,3062.21742112888
306738947,64,136,3062.428069277201,3068.029921127949
306738947,65,137,3068.7336248317733,3075.9674095525406
306738947,65,137,3076.178057700861,3083.47435399564
306738947,65,138,3083.685002143495,3087.4674095502123
306738947,65,138,3087.4697243650444,3090.252131771762
306738947,65,138,3090.462779919617,3096.58777991822
306738947,66,139,3097.6687868623994,3104.88869426772
306738947,66,139,3105.0993424160406,3111.9743424137123
306738947,66,140,3112.184990562033,3119.076194263529
306738947,66,140,3119.2451757448725,3124.2405345398
306738947,66,140,3124.272941946984,3126.4257197240368
306822067,61,129,2962.7938563008797,2969.3332081544213
306822067,61,129,2969.543856302742,2975.1966225081123
306822067,61,130,2975.407270656433,2982.1896780659445
306822067,61,130,2982.400326214265,2988.2244002898224
306822067,62,131,2988.435048438143,2994.881807698868
306822067,62,131,2995.092455847189,3000.9234627927653
306822067,62,132,3001.134110941086,3007.53457390517
306822067,62,132,3007.7452220534906,3014.152629461605
306822067,63,133,3014.3632776099257,3021.187351684552
306822067,63,133,3021.3979998328723,3027.3910438148305
306822067,63,134,3027.601691963151,3034.0901178894565
306822067,63,134,3034.300766037777,3040.8979882597923
306822067,64,135,3041.108636408113,3048.1132544633
306822067,64,135,3048.3239026116207,3054.752143351827
306822067,64,135,3054.754458166659,3055.078532240819
306822067,64,136,3055.289180388674,3062.21742112888
306822067,64,136,3062.428069277201,3068.029921127949
306822067,65,137,3068.7336248317733,3075.9674095525406
306822067,65,137,3076.178057700861,3083.47435399564
306822067,65,138,3083.685002143495,3087.4674095502123
306822067,65,138,3087.4697243650444,3090.252131771762
306822067,65,138,3090.462779919617,3096.58777991822
306822067,66,139,3097.6687868623994,3104.88869426772
306822067,66,139,3105.0993424160406,3111.9743424137123
306822067,66,140,3112.184990562033,3119.076194263529
306822067,66,140,3119.2451757448725,3124.2405345398
306822067,66,140,3124.272941946984,3126.4257197240368
306927574,5,17,1437.97971276287,1450.1880460991524
306927574,5,18,1451.563046099618,1464.2713678628206
306927574,9,25,1543.2296664975584,1555.542166499421
306927574,9,26,1556.729666499421,1568.458821593318
306927574,10,27,1569.4379882598296,1581.771321593318
306927574,10,28,1582.771321593318,1595.667143351864
306927574,12,31,1624.958798439242,1638.9796317690052
306927574,12,32,1640.0421317685395,1652.875453523826
306927574,28,63,2061.847502121236,2073.958601654973
306927574,28,64,2075.1530460990034,2087.0974905407056
306927574,29,65,2088.2363794292323,2101.375256741885
306927574,29,66,2102.326645630412,2114.430812295992
306927574,31,69,2144.514134055469,2157.451622482855
306927574,31,70,2158.861344705336,2169.944678040687
306927574,36,79,2280.902965109796,2292.8543424261734
306927574,36,80,2293.7918424261734,2305.9862868711352
306927574,38,83,2333.854319276754,2346.3334859414026
306927574,38,84,2347.2987637189217,2360.5487521416508
306927574,39,85,2361.770974363666,2374.8543076934293
306927574,39,86,2375.86125213746,2389.715407225769
307257778,10,27,1569.4379882598296,1581.771321593318
307257778,10,28,1582.771321593318,1595.667143351864
307285548,65,137,3068.7336248317733,3075.9674095525406
307285548,65,137,3076.178057700861,3083.47435399564
307285548,65,138,3083.685002143495,3087.4674095502123
307285548,65,138,3087.4697243650444,3090.252131771762
307285548,65,138,3090.462779919617,3096.58777991822
307573001,63,133,3014.3632776099257,3021.187351684552
307573001,63,133,3021.3979998328723,3027.3910438148305
307573001,63,134,3027.601691963151,3034.0901178894565
307573001,63,134,3034.300766037777,3040.8979882597923
307573001,64,135,3041.108636408113,3048.1132544633
307573001,64,135,3048.3239026116207,3054.752143351827
307573001,64,135,3054.754458166659,3055.078532240819
307573001,64,136,3055.289180388674,3062.21742112888
307573001,64,136,3062.428069277201,3068.029921127949
307573001,65,137,3068.7336248317733,3075.9674095525406
307573001,65,137,3076.178057700861,3083.47435399564
307573001,65,138,3083.685002143495,3087.4674095502123
307573001,65,138,3087.4697243650444,3090.252131771762
307573001,65,138,3090.462779919617,3096.58777991822
307610438,11,29,1596.7713100183755,1609.6879766830243
307610438,11,30,1610.7921433495358,1623.875465106219
307610438,38,83,2333.854319276754,2346.3334859414026
307610438,38,84,2347.2987637189217,2360.5487521416508
308085979,10,27,1569.4379882598296,1581.771321593318
308085979,10,28,1582.771321593318,1595.667143351864
308085979,11,29,1596.7713100183755,1609.6879766830243
308085979,11,30,1610.7921433495358,1623.875465106219
308085979,12,31,1624.958798439242,1638.9796317690052
308085979,12,32,1640.0421317685395,1652.875453523826
308085979,36,79,2280.902965109796,2292.8543424261734
308085979,36,80,2293.7918424261734,2305.9862868711352
308085979,37,81,2307.2362868711352,2319.0279419636354
308085979,37,82,2320.222386407666,2332.576553073246
308085979,62,131,2988.435048438143,2994.881807698868
308085979,62,131,2995.092455847189,3000.9234627927653
308085979,62,132,3001.134110941086,3007.53457390517
308085979,62,132,3007.7452220534906,3014.152629461605
308085979,63,133,3014.3632776099257,3021.187351684552
308085979,63,133,3021.3979998328723,3027.3910438148305
308085979,63,134,3027.601691963151,3034.0901178894565
308085979,63,134,3034.300766037777,3040.8979882597923
308085979,64,135,3041.108636408113,3048.1132544633
308085979,64,135,3048.3239026116207,3054.752143351827
308085979,64,135,3054.754458166659,3055.078532240819
308085979,64,136,3055.289180388674,3062.21742112888
308085979,64,136,3062.428069277201,3068.029921127949
308186412,9,25,1543.2296664975584,1555.542166499421
308186412,9,26,1556.729666499421,1568.458821593318
308186412,10,27,1569.4379882598296,1581.771321593318
308186412,10,28,1582.771321593318,1595.667143351864
308186412,11,29,1596.7713100183755,1609.6879766830243
308186412,11,30,1610.7921433495358,1623.875465106219
308186412,29,65,2088.2363794292323,2101.375256741885
308186412,29,66,2102.326645630412,2114.430812295992
308186412,36,79,2280.902965109796,2292.8543424261734
308186412,36,80,2293.7918424261734,2305.9862868711352
308186412,37,81,2307.2362868711352,2319.0279419636354
308186412,37,82,2320.222386407666,2332.576553073246
308186412,38,83,2333.854319276754,2346.3334859414026
308186412,38,84,2347.2987637189217,2360.5487521416508
308186412,39,85,2361.770974363666,2374.8543076934293
308186412,39,86,2375.86125213746,2389.715407225769
308186412,63,133,3014.3632776099257,3021.187351684552
308186412,63,133,3021.3979998328723,3027.3910438148305
308186412,63,134,3027.601691963151,3034.0901178894565
308186412,63,134,3034.300766037777,3040.8979882597923
308186412,64,135,3041.108636408113,3048.1132544633
308186412,64,135,3048.3239026116207,3054.752143351827
308186412,64,135,3054.754458166659,3055.078532240819
308186412,64,136,3055.289180388674,3062.21742112888
308186412,64,136,3062.428069277201,3068.029921127949
308186412,65,137,3068.7336248317733,3075.9674095525406
308186412,65,137,3076.178057700861,3083.47435399564
308186412,65,138,3083.685002143495,3087.4674095502123
308186412,65,138,3087.4697243650444,3090.252131771762
308186412,65,138,3090.462779919617,3096.58777991822
308245136,4,15,1410.917224333156,1413.2505576666445
308245136,4,15,1413.2713909996671,1418.4797243336216
308245136,4,15,1421.2297243340872,1423.5005576675758
308245136,4,16,1424.5630576680414,1436.833879429381
308245136,30,67,2115.882201184518,2129.139134054538
308245136,30,68,2130.208578499034,2143.222467388492
308245136,31,69,2144.514134055469,2157.451622482855
308245136,31,70,2158.861344705336,2169.944678040687
308542808,7,21,1491.625522964634,1503.0213563013822
308542808,7,22,1504.7088563023135,1516.0838447315618
308542808,8,23,1517.354678065516,1529.0630114017986
308542808,8,24,1530.2713447352871,1531.7296780692411
308542808,8,24,1535.0005114031956,1542.0004998305812
308542808,9,25,1543.2296664975584,1555.542166499421
308542808,9,26,1556.729666499421,1568.458821593318
308542808,10,27,1569.4379882598296,1581.771321593318
308542808,10,28,1582.771321593318,1595.667143351864
308542808,28,63,2061.847502121236,2073.958601654973
308542808,28,64,2075.1530460990034,2087.0974905407056
308542808,31,69,2144.514134055469,2157.451622482855
308542808,31,70,2158.861344705336,2169.944678040687
308542808,37,81,2307.2362868711352,2319.0279419636354
308542808,37,82,2320.222386407666,2332.576553073246
308542808,38,83,2333.854319276754,2346.3334859414026
308542808,38,84,2347.2987637189217,2360.5487521416508
308667775,8,23,1517.354678065516,1529.0630114017986
308667775,8,24,1530.2713447352871,1531.7296780692411
308667775,8,24,1535.0005114031956,1542.0004998305812
308667775,9,25,1543.2296664975584,1555.542166499421
308667775,9,26,1556.729666499421,1568.458821593318
308749877,10,27,1569.4379882598296,1581.771321593318
308749877,10,28,1582.771321593318,1595.667143351864
308749877,31,69,2144.514134055469,2157.451622482855
308749877,31,70,2158.861344705336,2169.944678040687
308749877,36,79,2280.902965109796,2292.8543424261734
308749877,36,80,2293.7918424261734,2305.9862868711352
308749877,38,83,2333.854319276754,2346.3334859414026
308749877,38,84,2347.2987637189217,2360.5487521416508
308749877,61,129,2962.7938563008797,2969.3332081544213
308749877,61,129,2969.543856302742,2975.1966225081123
308749877,61,130,2975.407270656433,2982.1896780659445
308749877,61,130,2982.400326214265,2988.2244002898224
308749877,62,131,2988.435048438143,2994.881807698868
308749877,62,131,2995.092455847189,3000.9234627927653
308749877,62,132,3001.134110941086,3007.53457390517
308749877,62,132,3007.7452220534906,3014.152629461605
308903145,11,29,1596.7713100183755,1609.6879766830243
308903145,11,30,1610.7921433495358,1623.875465106219
308903145,37,81,2307.2362868711352,2319.0279419636354
308903145,37,82,2320.222386407666,2332.576553073246
308903145,38,83,2333.854319276754,2346.3334859414026
308903145,38,84,2347.2987637189217,2360.5487521416508
308920046,62,131,2988.435048438143,2994.881807698868
308920046,62,131,2995.092455847189,3000.9234627927653
308920046,62,132,3001.134110941086,3007.53457390517
308920046,62,132,3007.7452220534906,3014.152629461605
308920046,65,137,3068.7336248317733,3075.9674095525406
308920046,65,137,3076.178057700861,3083.47435399564
308920046,65,138,3083.685002143495,3087.4674095502123
308920046,65,138,3087.4697243650444,3090.252131771762
308920046,65,138,3090.462779919617,3096.58777991822
309252516,9,25,1543.2296664975584,1555.542166499421
309252516,9,26,1556.729666499421,1568.458821593318
309252516,10,27,1569.4379882598296,1581.771321593318
309252516,10,28,1582.771321593318,1595.667143351864
309252516,37,81,2307.2362868711352,2319.0279419636354
309252516,37,82,2320.222386407666,2332.576553073246
309252516,64,135,3041.108636408113,3048.1132544633
309252516,64,135,3048.3239026116207,3054.752143351827
309252516,64,135,3054.754458166659,3055.078532240819
309252516,64,136,3055.289180388674,3062.21742112888
309252516,64,136,3062.428069277201,3068.029921127949
309371306,37,81,2307.2362868711352,2319.0279419636354
309371306,37,82,2320.222386407666,2332.576553073246
309371306,38,83,2333.854319276754,2346.3334859414026
309371306,38,84,2347.2987637189217,2360.5487521416508
309403283,36,79,2280.902965109796,2292.8543424261734
309403283,36,80,2293.7918424261734,2305.9862868711352
309456404,11,29,1596.7713100183755,1609.6879766830243
309456404,11,30,1610.7921433495358,1623.875465106219
309456404,65,137,3068.7336248317733,3075.9674095525406
309456404,65,137,3076.178057700861,3083.47435399564
309456404,65,138,3083.685002143495,3087.4674095502123
309456404,65,138,3087.4697243650444,3090.252131771762
309456404,65,138,3090.462779919617,3096.58777991822
309475657,63,133,3014.3632776099257,3021.187351684552
309475657,63,133,3021.3979998328723,3027.3910438148305
309475657,63,134,3027.601691963151,3034.0901178894565
309475657,63,134,3034.300766037777,3040.8979882597923
309475657,65,137,3068.7336248317733,3075.9674095525406
309475657,65,137,3076.178057700861,3083.47435399564
309475657,65,138,3083.685002143495,3087.4674095502123
309475657,65,138,3087.4697243650444,3090.252131771762
309475657,65,138,3090.462779919617,3096.58777991822
309582191,37,81,2307.2362868711352,2319.0279419636354
309582191,37,82,2320.222386407666,2332.576553073246
309582191,38,83,2333.854319276754,2346.3334859414026
309582191,38,84,2347.2987637189217,2360.5487521416508
309582191,64,135,3041.108636408113,3048.1132544633
309582191,64,135,3048.3239026116207,3054.752143351827
309582191,64,135,3054.754458166659,3055.078532240819
309582191,64,136,3055.289180388674,3062.21742112888
309582191,64,136,3062.428069277201,3068.029921127949
309582191,65,137,3068.7336248317733,3075.9674095525406
309582191,65,137,3076.178057700861,3083.47435399564
309582191,65,138,3083.685002143495,3087.4674095502123
309582191,65,138,3087.4697243650444,3090.252131771762
309582191,65,138,3090.462779919617,3096.58777991822
309714906,1,9,1325.3130924007855,1338.5214257300831
309714906,1,10,1339.6672474890947,1353.167247485835
309714906,9,25,1543.2296664975584,1555.542166499421
309714906,9,26,1556.729666499421,1568.458821593318
309714906,10,27,1569.4379882598296,1581.771321593318
309714906,10,28,1582.771321593318,1595.667143351864
309714906,11,29,1596.7713100183755,1609.6879766830243
309714906,11,30,1610.7921433495358,1623.875465106219
309714906,28,63,2061.847502121236,2073.958601654973
309714906,28,64,2075.1530460990034,2087.0974905407056
309714906,35,77,2254.9863100117072,2266.1043539959937
309714906,35,77,2266.3751873290166,2267.146020662505
309714906,35,78,2268.583520662971,2279.979353998322
309714906,36,79,2280.902965109796,2292.8543424261734
309714906,36,80,2293.7918424261734,2305.9862868711352
309714906,37,81,2307.2362868711352,2319.0279419636354
309714906,37,82,2320.222386407666,2332.576553073246
309714906,38,83,2333.854319276754,2346.3334859414026
309714906,38,84,2347.2987637189217,2360.5487521416508
309714906,61,129,2962.7938563008797,2969.3332081544213
309714906,61,129,2969.543856302742,2975.1966225081123
309714906,61,130,2975.407270656433,2982.1896780659445
309714906,61,130,2982.400326214265,2988.2244002898224
309714906,62,131,2988.435048438143,2994.881807698868
309714906,62,131,2995.092455847189,3000.9234627927653
309714906,62,132,3001.134110941086,3007.53457390517
309714906,62,132,3007.7452220534906,3014.152629461605
309714906,64,135,3041.108636408113,3048.1132544633
309714906,64,135,3048.3239026116207,3054.752143351827
309714906,64,135,3054.754458166659,3055.078532240819
309714906,64,136,3055.289180388674,3062.21742112888
309714906,64,136,3062.428069277201,3068.029921127949
309817108,11,29,1596.7713100183755,1609.6879766830243
309817108,11,30,1610.7921433495358,1623.875465106219
310553064,11,29,1596.7713100183755,1609.6879766830243
310553064,11,30,1610.7921433495358,1623.875465106219
310553064,37,81,2307.2362868711352,2319.0279419636354
310553064,37,82,2320.222386407666,2332.576553073246
310553064,38,83,2333.854319276754,2346.3334859414026
310553064,38,84,2347.2987637189217,2360.5487521416508
310720311,64,135,3041.108636408113,3048.1132544633
310720311,64,135,3048.3239026116207,3054.752143351827
310720311,64,135,3054.754458166659,3055.078532240819
310720311,64,136,3055.289180388674,3062.21742112888
310720311,64,136,3062.428069277201,3068.029921127949
310720311,65,137,3068.7336248317733,3075.9674095525406
310720311,65,137,3076.178057700861,3083.47435399564
310720311,65,138,3083.685002143495,3087.4674095502123
310720311,65,138,3087.4697243650444,3090.252131771762
310720311,65,138,3090.462779919617,3096.58777991822
310735022,66,139,3097.6687868623994,3104.88869426772
310735022,66,139,3105.0993424160406,3111.9743424137123
310735022,66,140,3112.184990562033,3119.076194263529
310735022,66,140,3119.2451757448725,3124.2405345398
310735022,66,140,3124.272941946984,3126.4257197240368
311051982,37,81,2307.2362868711352,2319.0279419636354
311051982,37,82,2320.222386407666,2332.576553073246
311504442,11,29,1596.7713100183755,1609.6879766830243
311504442,11,30,1610.7921433495358,1623.875465106219
311757828,11,29,1596.7713100183755,1609.6879766830243
311757828,11,30,1610.7921433495358,1623.875465106219
312471001,58,123,2882.323983593378,2889.4235206316225
312471001,58,123,2889.634168779477,2896.0554535030387
312471001,58,124,2896.26610165136,2903.38415720826
312471001,58,124,2903.5948053565808,2910.048509061802
312617534,11,29,1596.7713100183755,1609.6879766830243
312617534,11,30,1610.7921433495358,1623.875465106219
312617534,38,83,2333.854319276754,2346.3334859414026
312617534,38,84,2347.2987637189217,2360.5487521416508
312617539,11,29,1596.7713100183755,1609.6879766830243
312617539,11,30,1610.7921433495358,1623.875465106219
312617539,38,83,2333.854319276754,2346.3334859414026
312617539,38,84,2347.2987637189217,2360.5487521416508
312617539,65,137,3068.7336248317733,3075.9674095525406
312617539,65,137,3076.178057700861,3083.47435399564
312617539,65,138,3083.685002143495,3087.4674095502123
312617539,65,138,3087.4697243650444,3090.252131771762
312617539,65,138,3090.462779919617,3096.58777991822
312803013,11,29,1596.7713100183755,1609.6879766830243
312803013,11,30,1610.7921433495358,1623.875465106219
312803013,12,31,1624.958798439242,1638.9796317690052
312803013,12,32,1640.0421317685395,1652.875453523826
312803013,38,83,2333.854319276754,2346.3334859414026
312803013,38,84,2347.2987637189217,2360.5487521416508
312803013,64,135,3041.108636408113,3048.1132544633
312803013,64,135,3048.3239026116207,3054.752143351827
312803013,64,135,3054.754458166659,3055.078532240819
312803013,64,136,3055.289180388674,3062.21742112888
312803013,64,136,3062.428069277201,3068.029921127949
312803013,65,137,3068.7336248317733,3075.9674095525406
312803013,65,137,3076.178057700861,3083.47435399564
312803013,65,138,3083.685002143495,3087.4674095502123
312803013,65,138,3087.4697243650444,3090.252131771762
312803013,65,138,3090.462779919617,3096.58777991822
313857039,11,29,1596.7713100183755,1609.6879766830243
313857039,11,30,1610.7921433495358,1623.875465106219
313857039,64,135,3041.108636408113,3048.1132544633
313857039,64,135,3048.3239026116207,3054.752143351827
313857039,64,135,3054.754458166659,3055.078532240819
313857039,64,136,3055.289180388674,3062.21742112888
313857039,64,136,3062.428069277201,3068.029921127949
313857039,65,137,3068.7336248317733,3075.9674095525406
313857039,65,137,3076.178057700861,3083.47435399564
313857039,65,138,3083.685002143495,3087.4674095502123
313857039,65,138,3087.4697243650444,3090.252131771762
313857039,65,138,3090.462779919617,3096.58777991822
313891046,2,11,1354.1047474853694,1367.1464141495526
313891046,2,12,1368.6047359085642,1381.5005692406558
313934058,2,11,1354.1047474853694,1367.1464141495526
313934058,2,12,1368.6047359085642,1381.5005692406558
313934071,29,65,2088.2363794292323,2101.375256741885
313934071,29,66,2102.326645630412,2114.430812295992
313934111,2,11,1354.1047474853694,1367.1464141495526
313934111,2,12,1368.6047359085642,1381.5005692406558
313934111,29,65,2088.2363794292323,2101.375256741885
313934111,29,66,2102.326645630412,2114.430812295992
313934132,2,11,1354.1047474853694,1367.1464141495526
313934132,2,12,1368.6047359085642,1381.5005692406558
313934132,29,65,2088.2363794292323,2101.375256741885
313934132,29,66,2102.326645630412,2114.430812295992
313934178,29,65,2088.2363794292323,2101.375256741885
313934178,29,66,2102.326645630412,2114.430812295992
313934186,2,11,1354.1047474853694,1367.1464141495526
313934186,2,12,1368.6047359085642,1381.5005692406558
313934186,29,65,2088.2363794292323,2101.375256741885
313934186,29,66,2102.326645630412,2114.430812295992
313934195,2,11,1354.1047474853694,1367.1464141495526
313934195,2,12,1368.6047359085642,1381.5005692406558
313934217,29,65,2088.2363794292323,2101.375256741885
313934217,29,66,2102.326645630412,2114.430812295992
315806959,11,29,1596.7713100183755,1609.6879766830243
315806959,11,30,1610.7921433495358,1623.875465106219
316284824,11,29,1596.7713100183755,1609.6879766830243
316284824,11,30,1610.7921433495358,1623.875465106219
316295827,11,29,1596.7713100183755,1609.6879766830243
316295827,11,30,1610.7921433495358,1623.875465106219
316430346,38,83,2333.854319276754,2346.3334859414026
316430346,38,84,2347.2987637189217,2360.5487521416508
316802745,64,135,3041.108636408113,3048.1132544633
316802745,64,135,3048.3239026116207,3054.752143351827
316802745,64,135,3054.754458166659,3055.078532240819
316802745,64,136,3055.289180388674,3062.21742112888
316802745,64,136,3062.428069277201,3068.029921127949
316918406,5,17,1437.97971276287,1450.1880460991524
316918406,5,18,1451.563046099618,1464.2713678628206
317350326,12,31,1624.958798439242,1638.9796317690052
317350326,12,32,1640.0421317685395,1652.875453523826
317350326,13,33,1653.9171201903373,1667.6879535191692
317350326,13,34,1668.6254535187036,1682.3546086070128
318035342,12,31,1624.958798439242,1638.9796317690052
318035342,12,32,1640.0421317685395,1652.875453523826
318035342,39,85,2361.770974363666,2374.8543076934293
318035342,39,86,2375.86125213746,2389.715407225769
319218849,10,27,1569.4379882598296,1581.771321593318
319218849,10,28,1582.771321593318,1595.667143351864
319218849,11,29,1596.7713100183755,1609.6879766830243
319218849,11,30,1610.7921433495358,1623.875465106219
319435670,61,129,2962.7938563008797,2969.3332081544213
319435670,61,129,2969.543856302742,2975.1966225081123
319435670,61,130,2975.407270656433,2982.1896780659445
319435670,61,130,2982.400326214265,2988.2244002898224
319557917,61,129,2962.7938563008797,2969.3332081544213
319557917,61,129,2969.543856302742,2975.1966225081123
319557917,61,130,2975.407270656433,2982.1896780659445
319557917,61,130,2982.400326214265,2988.2244002898224
319557917,66,139,3097.6687868623994,3104.88869426772
319557917,66,139,3105.0993424160406,3111.9743424137123
319557917,66,140,3112.184990562033,3119.076194263529
319557917,66,140,3119.2451757448725,3124.2405345398
319557917,66,140,3124.272941946984,3126.4257197240368
319558212,62,131,2988.435048438143,2994.881807698868
319558212,62,131,2995.092455847189,3000.9234627927653
319558212,62,132,3001.134110941086,3007.53457390517
319558212,62,132,3007.7452220534906,3014.152629461605
319558877,61,129,2962.7938563008797,2969.3332081544213
319558877,61,129,2969.543856302742,2975.1966225081123
319558877,61,130,2975.407270656433,2982.1896780659445
319558877,61,130,2982.400326214265,2988.2244002898224
319558877,62,131,2988.435048438143,2994.881807698868
319558877,62,131,2995.092455847189,3000.9234627927653
319558877,62,132,3001.134110941086,3007.53457390517
319558877,62,132,3007.7452220534906,3014.152629461605
319558877,66,139,3097.6687868623994,3104.88869426772
319558877,66,139,3105.0993424160406,3111.9743424137123
319558877,66,140,3112.184990562033,3119.076194263529
319558877,66,140,3119.2451757448725,3124.2405345398
319558877,66,140,3124.272941946984,3126.4257197240368
319562179,61,129,2962.7938563008797,2969.3332081544213
319562179,61,129,2969.543856302742,2975.1966225081123
319562179,61,130,2975.407270656433,2982.1896780659445
319562179,61,130,2982.400326214265,2988.2244002898224
319609891,61,129,2962.7938563008797,2969.3332081544213
319609891,61,129,2969.543856302742,2975.1966225081123
319609891,61,130,2975.407270656433,2982.1896780659445
319609891,61,130,2982.400326214265,2988.2244002898224
321170838,64,135,3041.108636408113,3048.1132544633
321170838,64,135,3048.3239026116207,3054.752143351827
321170838,64,135,3054.754458166659,3055.078532240819
321170838,64,136,3055.289180388674,3062.21742112888
321170838,64,136,3062.428069277201,3068.029921127949
322306553,12,31,1624.958798439242,1638.9796317690052
322306553,12,32,1640.0421317685395,1652.875453523826
322306553,27,61,2036.2780692591327,2048.125279903412
322306553,27,62,2049.1530576804653,2060.6391687882133
322306553,39,85,2361.770974363666,2374.8543076934293
322306553,39,86,2375.86125213746,2389.715407225769
322306553,66,139,3097.6687868623994,3104.88869426772
322306553,66,139,3105.0993424160406,3111.9743424137123
322306553,66,140,3112.184990562033,3119.076194263529
322306553,66,140,3119.2451757448725,3124.2405345398
322306553,66,140,3124.272941946984,3126.4257197240368
322306553,67,141,3126.6363678723574,3133.1132197217084
322306553,67,141,3133.323867870029,3140.2497937935404
322306553,67,142,3140.460441941861,3147.703497495037
322306553,67,142,3147.91413406888,3154.395615548361
324119045,64,135,3041.108636408113,3048.1132544633
324119045,64,135,3048.3239026116207,3054.752143351827
324119045,64,135,3054.754458166659,3055.078532240819
324119045,64,136,3055.289180388674,3062.21742112888
324119045,64,136,3062.428069277201,3068.029921127949
324119045,65,137,3068.7336248317733,3075.9674095525406
324119045,65,137,3076.178057700861,3083.47435399564
324119045,65,138,3083.685002143495,3087.4674095502123
324119045,65,138,3087.4697243650444,3090.252131771762
324119045,65,138,3090.462779919617,3096.58777991822
324119045,66,139,3097.6687868623994,3104.88869426772
324119045,66,139,3105.0993424160406,3111.9743424137123
324119045,66,140,3112.184990562033,3119.076194263529
324119045,66,140,3119.2451757448725,3124.2405345398
324119045,66,140,3124.272941946984,3126.4257197240368
324119375,65,137,3068.7336248317733,3075.9674095525406
324119375,65,137,3076.178057700861,3083.47435399564
324119375,65,138,3083.685002143495,3087.4674095502123
324119375,65,138,3087.4697243650444,3090.252131771762
324119375,65,138,3090.462779919617,3096.58777991822
324119375,66,139,3097.6687868623994,3104.88869426772
324119375,66,139,3105.0993424160406,3111.9743424137123
324119375,66,140,3112.184990562033,3119.076194263529
324119375,66,140,3119.2451757448725,3124.2405345398
324119375,66,140,3124.272941946984,3126.4257197240368
325469904,27,61,2036.2780692591327,2048.125279903412
325469904,27,62,2049.1530576804653,2060.6391687882133
326538701,11,29,1596.7713100183755,1609.6879766830243
326538701,11,30,1610.7921433495358,1623.875465106219
326742300,11,29,1596.7713100183755,1609.6879766830243
326742300,11,30,1610.7921433495358,1623.875465106219
326742300,12,31,1624.958798439242,1638.9796317690052
326742300,12,32,1640.0421317685395,1652.875453523826
326857136,58,123,2882.323983593378,2889.4235206316225
326857136,58,123,2889.634168779477,2896.0554535030387
326857136,58,124,2896.26610165136,2903.38415720826
326857136,58,124,2903.5948053565808,2910.048509061802
327018071,11,29,1596.7713100183755,1609.6879766830243
327018071,11,30,1610.7921433495358,1623.875465106219
327018071,38,83,2333.854319276754,2346.3334859414026
327018071,38,84,2347.2987637189217,2360.5487521416508
327039106,12,31,1624.958798439242,1638.9796317690052
327039106,12,32,1640.0421317685395,1652.875453523826
327370514,57,121,2853.349458129145,2860.5763099808246
327370514,57,121,2860.7869581286795,2863.282328499481
327370514,57,121,2866.409643314313,2867.245291462168
327370514,57,122,2867.4559396104887,2874.606391000096
327370514,57,122,2874.8170391479507,2882.1133354450576
328234948,38,83,2333.854319276754,2346.3334859414026
328234948,38,84,2347.2987637189217,2360.5487521416508
328417482,16,39,1738.6462521115318,1750.3545854436234
328417482,16,40,1751.6670854436234,1763.312907202635
328417482,17,41,1764.687907202635,1776.2920738700775
328417482,17,42,1777.7295738700775,1789.1670622974634
328417482,17,42,1789.1878956304863,1789.6878956304863
328417482,56,119,2825.252247483935,2831.724469705019
328417482,56,119,2831.93511785334,2838.513821555767
328417482,56,120,2838.724469704088,2845.87723590713
328417482,56,120,2846.0855692406185,2853.1388099808246
328417482,57,121,2853.349458129145,2860.5763099808246
328417482,57,121,2860.7869581286795,2863.282328499481
328417482,57,121,2866.409643314313,2867.245291462168
328417482,57,122,2867.4559396104887,2874.606391000096
328417482,57,122,2874.8170391479507,2882.1133354450576
328777958,59,125,2910.259157210123,2916.742953508161
328777958,59,125,2916.9536016564816,2917.7707312861457
328777958,59,125,2917.77536091581,2923.347108602524
328777958,59,126,2923.5577567508444,2930.277664160356
328777958,59,126,2930.4883123086765,2936.6873863846995
328906141,65,137,3068.7336248317733,3075.9674095525406
328906141,65,137,3076.178057700861,3083.47435399564
328906141,65,138,3083.685002143495,3087.4674095502123
328906141,65,138,3087.4697243650444,3090.252131771762
328906141,65,138,3090.462779919617,3096.58777991822
329126533,11,29,1596.7713100183755,1609.6879766830243
329126533,11,30,1610.7921433495358,1623.875465106219
329538372,12,31,1624.958798439242,1638.9796317690052
329538372,12,32,1640.0421317685395,1652.875453523826
330287387,38,83,2333.854319276754,2346.3334859414026
330287387,38,84,2347.2987637189217,2360.5487521416508
332012383,11,29,1596.7713100183755,1609.6879766830243
332012383,11,30,1610.7921433495358,1623.875465106219
332159979,64,135,3041.108636408113,3048.1132544633
332159979,64,135,3048.3239026116207,3054.752143351827
332159979,64,135,3054.754458166659,3055.078532240819
332159979,64,136,3055.289180388674,3062.21742112888
332159979,64,136,3062.428069277201,3068.029921127949
332163041,64,135,3041.108636408113,3048.1132544633
332163041,64,135,3048.3239026116207,3054.752143351827
332163041,64,135,3054.754458166659,3055.078532240819
332163041,64,136,3055.289180388674,3062.21742112888
332163041,64,136,3062.428069277201,3068.029921127949
332213483,11,29,1596.7713100183755,1609.6879766830243
332213483,11,30,1610.7921433495358,1623.875465106219
332213483,38,83,2333.854319276754,2346.3334859414026
332213483,38,84,2347.2987637189217,2360.5487521416508
332469864,64,135,3041.108636408113,3048.1132544633
332469864,64,135,3048.3239026116207,3054.752143351827
332469864,64,135,3054.754458166659,3055.078532240819
332469864,64,136,3055.289180388674,3062.21742112888
332469864,64,136,3062.428069277201,3068.029921127949
332661361,31,69,2144.514134055469,2157.451622482855
332661361,31,70,2158.861344705336,2169.944678040687
332661361,32,71,2174.222455819603,2185.9377220263705
332661361,32,72,2186.9446664713323,2200.2293886975385
332860629,6,19,1468.2713678642176,1477.0213678670116
332860629,6,20,1478.1047012005,1490.0421896306798
332860629,32,71,2174.222455819603,2185.9377220263705
332860629,32,72,2186.9446664713323,2200.2293886975385
333298129,10,27,1569.4379882598296,1581.771321593318
333298129,10,28,1582.771321593318,1595.667143351864
333298129,11,29,1596.7713100183755,1609.6879766830243
333298129,11,30,1610.7921433495358,1623.875465106219
333298129,37,81,2307.2362868711352,2319.0279419636354
333298129,37,82,2320.222386407666,2332.576553073246
333298129,64,135,3041.108636408113,3048.1132544633
333298129,64,135,3048.3239026116207,3054.752143351827
333298129,64,135,3054.754458166659,3055.078532240819
333298129,64,136,3055.289180388674,3062.21742112888
333298129,64,136,3062.428069277201,3068.029921127949
333386671,10,27,1569.4379882598296,1581.771321593318
333386671,10,28,1582.771321593318,1595.667143351864
333386671,37,81,2307.2362868711352,2319.0279419636354
333386671,37,82,2320.222386407666,2332.576553073246
333386671,64,135,3041.108636408113,3048.1132544633
333386671,64,135,3048.3239026116207,3054.752143351827
333386671,64,135,3054.754458166659,3055.078532240819
333386671,64,136,3055.289180388674,3062.21742112888
333386671,64,136,3062.428069277201,3068.029921127949
333482849,10,27,1569.4379882598296,1581.771321593318
333482849,10,28,1582.771321593318,1595.667143351864
333822981,10,27,1569.4379882598296,1581.771321593318
333822981,10,28,1582.771321593318,1595.667143351864
333822981,37,81,2307.2362868711352,2319.0279419636354
333822981,37,82,2320.222386407666,2332.576553073246
333822981,64,135,3041.108636408113,3048.1132544633
333822981,64,135,3048.3239026116207,3054.752143351827
333822981,64,135,3054.754458166659,3055.078532240819
333822981,64,136,3055.289180388674,3062.21742112888
333822981,64,136,3062.428069277201,3068.029921127949
333823153,64,135,3041.108636408113,3048.1132544633
333823153,64,135,3048.3239026116207,3054.752143351827
333823153,64,135,3054.754458166659,3055.078532240819
333823153,64,136,3055.289180388674,3062.21742112888
333823153,64,136,3062.428069277201,3068.029921127949
334041309,38,83,2333.854319276754,2346.3334859414026
334041309,38,84,2347.2987637189217,2360.5487521416508
334129050,11,29,1596.7713100183755,1609.6879766830243
334129050,11,30,1610.7921433495358,1623.875465106219
334300225,10,27,1569.4379882598296,1581.771321593318
334300225,10,28,1582.771321593318,1595.667143351864
334425144,11,29,1596.7713100183755,1609.6879766830243
334425144,11,30,1610.7921433495358,1623.875465106219
334425144,65,137,3068.7336248317733,3075.9674095525406
334425144,65,137,3076.178057700861,3083.47435399564
334425144,65,138,3083.685002143495,3087.4674095502123
334425144,65,138,3087.4697243650444,3090.252131771762
334425144,65,138,3090.462779919617,3096.58777991822
334684206,10,27,1569.4379882598296,1581.771321593318
334684206,10,28,1582.771321593318,1595.667143351864
334684206,37,81,2307.2362868711352,2319.0279419636354
334684206,37,82,2320.222386407666,2332.576553073246
334684206,64,135,3041.108636408113,3048.1132544633
334684206,64,135,3048.3239026116207,3054.752143351827
334684206,64,135,3054.754458166659,3055.078532240819
334684206,64,136,3055.289180388674,3062.21742112888
334684206,64,136,3062.428069277201,3068.029921127949
334791374,64,135,3041.108636408113,3048.1132544633
334791374,64,135,3048.3239026116207,3054.752143351827
334791374,64,135,3054.754458166659,3055.078532240819
334791374,64,136,3055.289180388674,3062.21742112888
334791374,64,136,3062.428069277201,3068.029921127949
335046558,10,27,1569.4379882598296,1581.771321593318
335046558,10,28,1582.771321593318,1595.667143351864
335046558,37,81,2307.2362868711352,2319.0279419636354
335046558,37,82,2320.222386407666,2332.576553073246
335046560,10,27,1569.4379882598296,1581.771321593318
335046560,10,28,1582.771321593318,1595.667143351864
335287811,11,29,1596.7713100183755,1609.6879766830243
335287811,11,30,1610.7921433495358,1623.875465106219
335287811,64,135,3041.108636408113,3048.1132544633
335287811,64,135,3048.3239026116207,3054.752143351827
335287811,64,135,3054.754458166659,3055.078532240819
335287811,64,136,3055.289180388674,3062.21742112888
335287811,64,136,3062.428069277201,3068.029921127949
335287811,65,137,3068.7336248317733,3075.9674095525406
335287811,65,137,3076.178057700861,3083.47435399564
335287811,65,138,3083.685002143495,3087.4674095502123
335287811,65,138,3087.4697243650444,3090.252131771762
335287811,65,138,3090.462779919617,3096.58777991822
335370623,11,29,1596.7713100183755,1609.6879766830243
335370623,11,30,1610.7921433495358,1623.875465106219
335376063,11,29,1596.7713100183755,1609.6879766830243
335376063,11,30,1610.7921433495358,1623.875465106219
335376063,12,31,1624.958798439242,1638.9796317690052
335376063,12,32,1640.0421317685395,1652.875453523826
335376063,38,83,2333.854319276754,2346.3334859414026
335376063,38,84,2347.2987637189217,2360.5487521416508
335376063,65,137,3068.7336248317733,3075.9674095525406
335376063,65,137,3076.178057700861,3083.47435399564
335376063,65,138,3083.685002143495,3087.4674095502123
335376063,65,138,3087.4697243650444,3090.252131771762
335376063,65,138,3090.462779919617,3096.58777991822
335598085,11,29,1596.7713100183755,1609.6879766830243
335598085,11,30,1610.7921433495358,1623.875465106219
335598085,64,135,3041.108636408113,3048.1132544633
335598085,64,135,3048.3239026116207,3054.752143351827
335598085,64,135,3054.754458166659,3055.078532240819
335598085,64,136,3055.289180388674,3062.21742112888
335598085,64,136,3062.428069277201,3068.029921127949
335598085,65,137,3068.7336248317733,3075.9674095525406
335598085,65,137,3076.178057700861,3083.47435399564
335598085,65,138,3083.685002143495,3087.4674095502123
335598085,65,138,3087.4697243650444,3090.252131771762
335598085,65,138,3090.462779919617,3096.58777991822
335643748,11,29,1596.7713100183755,1609.6879766830243
335643748,11,30,1610.7921433495358,1623.875465106219
335643748,38,83,2333.854319276754,2346.3334859414026
335643748,38,84,2347.2987637189217,2360.5487521416508
335836484,38,83,2333.854319276754,2346.3334859414026
335836484,38,84,2347.2987637189217,2360.5487521416508
337147104,11,29,1596.7713100183755,1609.6879766830243
337147104,11,30,1610.7921433495358,1623.875465106219
337147104,12,31,1624.958798439242,1638.9796317690052
337147104,12,32,1640.0421317685395,1652.875453523826
338248268,11,29,1596.7713100183755,1609.6879766830243
338248268,11,30,1610.7921433495358,1623.875465106219
338248268,12,31,1624.958798439242,1638.9796317690052
338248268,12,32,1640.0421317685395,1652.875453523826
338248268,38,83,2333.854319276754,2346.3334859414026
338248268,38,84,2347.2987637189217,2360.5487521416508
338248268,65,137,3068.7336248317733,3075.9674095525406
338248268,65,137,3076.178057700861,3083.47435399564
338248268,65,138,3083.685002143495,3087.4674095502123
338248268,65,138,3087.4697243650444,3090.252131771762
338248268,65,138,3090.462779919617,3096.58777991822
338273577,11,29,1596.7713100183755,1609.6879766830243
338273577,11,30,1610.7921433495358,1623.875465106219
338655076,12,31,1624.958798439242,1638.9796317690052
338655076,12,32,1640.0421317685395,1652.875453523826
339308290,11,29,1596.7713100183755,1609.6879766830243
339308290,11,30,1610.7921433495358,1623.875465106219
339308290,12,31,1624.958798439242,1638.9796317690052
339308290,12,32,1640.0421317685395,1652.875453523826
339308290,38,83,2333.854319276754,2346.3334859414026
339308290,38,84,2347.2987637189217,2360.5487521416508
339308290,65,137,3068.7336248317733,3075.9674095525406
339308290,65,137,3076.178057700861,3083.47435399564
339308290,65,138,3083.685002143495,3087.4674095502123
339308290,65,138,3087.4697243650444,3090.252131771762
339308290,65,138,3090.462779919617,3096.58777991822
339565401,12,31,1624.958798439242,1638.9796317690052
339565401,12,32,1640.0421317685395,1652.875453523826
339565401,39,85,2361.770974363666,2374.8543076934293
339565401,39,86,2375.86125213746,2389.715407225769
339565401,66,139,3097.6687868623994,3104.88869426772
339565401,66,139,3105.0993424160406,3111.9743424137123
339565401,66,140,3112.184990562033,3119.076194263529
339565401,66,140,3119.2451757448725,3124.2405345398
339565401,66,140,3124.272941946984,3126.4257197240368
339567904,12,31,1624.958798439242,1638.9796317690052
339567904,12,32,1640.0421317685395,1652.875453523826
339567904,39,85,2361.770974363666,2374.8543076934293
339567904,39,86,2375.86125213746,2389.715407225769
339633702,1,9,1325.3130924007855,1338.5214257300831
339633702,1,10,1339.6672474890947,1353.167247485835
339633702,2,11,1354.1047474853694,1367.1464141495526
339633702,2,12,1368.6047359085642,1381.5005692406558
339633702,3,13,1381.7089025736786,1382.5214025736786
339633702,3,13,1382.6047359071672,1383.62556924019
339633702,3,13,1383.6672359071672,1384.2714025736786
339633702,3,13,1384.31306924019,1385.87556924019
339633702,3,13,1385.93806924019,1395.4380692397244
339633702,3,13,1395.583902573213,1396.458902573213
339633702,3,13,1396.5005692397244,1396.5630692397244
339633702,3,14,1396.646402573213,1409.3755576661788
339633702,4,15,1410.917224333156,1413.2505576666445
339633702,4,15,1413.2713909996671,1418.4797243336216
339633702,4,15,1421.2297243340872,1423.5005576675758
339633702,4,16,1424.5630576680414,1436.833879429381
339633702,6,19,1468.2713678642176,1477.0213678670116
339633702,6,20,1478.1047012005,1490.0421896306798
339633702,7,21,1491.625522964634,1503.0213563013822
339633702,7,22,1504.7088563023135,1516.0838447315618
339633702,8,23,1517.354678065516,1529.0630114017986
339633702,8,24,1530.2713447352871,1531.7296780692411
339633702,8,24,1535.0005114031956,1542.0004998305812
339633702,9,25,1543.2296664975584,1555.542166499421
339633702,9,26,1556.729666499421,1568.458821593318
339633702,10,27,1569.4379882598296,1581.771321593318
339633702,10,28,1582.771321593318,1595.667143351864
339633702,11,29,1596.7713100183755,1609.6879766830243
339633702,11,30,1610.7921433495358,1623.875465106219
339633702,12,31,1624.958798439242,1638.9796317690052
339633702,12,32,1640.0421317685395,1652.875453523826
339633702,29,65,2088.2363794292323,2101.375256741885
339633702,29,66,2102.326645630412,2114.430812295992
339633702,31,69,2144.514134055469,2157.451622482855
339633702,31,70,2158.861344705336,2169.944678040687
339633702,32,71,2174.222455819603,2185.9377220263705
339633702,32,72,2186.9446664713323,2200.2293886975385
339633702,33,73,2201.729388698004,2213.86132157268
339633702,33,74,2215.430766017642,2227.5696549103595
339633702,34,75,2228.750210466329,2240.902976674028
339633702,34,76,2241.9863100075163,2254.062698900234
339633702,35,77,2254.9863100117072,2266.1043539959937
339633702,35,77,2266.3751873290166,2267.146020662505
339633702,35,78,2268.583520662971,2279.979353998322
339633702,36,79,2280.902965109796,2292.8543424261734
339633702,36,80,2293.7918424261734,2305.9862868711352
339633702,39,85,2361.770974363666,2374.8543076934293
339633702,39,86,2375.86125213746,2389.715407225769
339634481,61,129,2962.7938563008797,2969.3332081544213
339634481,61,129,2969.543856302742,2975.1966225081123
339634481,61,130,2975.407270656433,2982.1896780659445
339634481,61,130,2982.400326214265,2988.2244002898224
339634481,63,133,3014.3632776099257,3021.187351684552
339634481,63,133,3021.3979998328723,3027.3910438148305
339634481,63,134,3027.601691963151,3034.0901178894565
339634481,63,134,3034.300766037777,3040.8979882597923
339668420,3,13,1381.7089025736786,1382.5214025736786
339668420,3,13,1382.6047359071672,1383.62556924019
339668420,3,13,1383.6672359071672,1384.2714025736786
339668420,3,13,1384.31306924019,1385.87556924019
339668420,3,13,1385.93806924019,1395.4380692397244
339668420,3,13,1395.583902573213,1396.458902573213
339668420,3,13,1396.5005692397244,1396.5630692397244
339668420,3,14,1396.646402573213,1409.3755576661788
339668420,6,19,1468.2713678642176,1477.0213678670116
339668420,6,20,1478.1047012005,1490.0421896306798
339668420,7,21,1491.625522964634,1503.0213563013822
339668420,7,22,1504.7088563023135,1516.0838447315618
339668420,9,25,1543.2296664975584,1555.542166499421
339668420,9,26,1556.729666499421,1568.458821593318
339668420,10,27,1569.4379882598296,1581.771321593318
339668420,10,28,1582.771321593318,1595.667143351864
339668420,13,33,1653.9171201903373,1667.6879535191692
339668420,13,34,1668.6254535187036,1682.3546086070128
339668420,27,61,2036.2780692591327,2048.125279903412
339668420,27,62,2049.1530576804653,2060.6391687882133
339668420,30,67,2115.882201184518,2129.139134054538
339668420,30,68,2130.208578499034,2143.222467388492
339668420,33,73,2201.729388698004,2213.86132157268
339668420,33,74,2215.430766017642,2227.5696549103595
339668420,34,75,2228.750210466329,2240.902976674028
339668420,34,76,2241.9863100075163,2254.062698900234
339668420,35,77,2254.9863100117072,2266.1043539959937
339668420,35,77,2266.3751873290166,2267.146020662505
339668420,35,78,2268.583520662971,2279.979353998322
339668420,36,79,2280.902965109796,2292.8543424261734
339668420,36,80,2293.7918424261734,2305.9862868711352
339668420,37,81,2307.2362868711352,2319.0279419636354
339668420,37,82,2320.222386407666,2332.576553073246
339668420,61,129,2962.7938563008797,2969.3332081544213
339668420,61,129,2969.543856302742,2975.1966225081123
339668420,61,130,2975.407270656433,2982.1896780659445
339668420,61,130,2982.400326214265,2988.2244002898224
339668420,62,131,2988.435048438143,2994.881807698868
339668420,62,131,2995.092455847189,3000.9234627927653
339668420,62,132,3001.134110941086,3007.53457390517
339668420,62,132,3007.7452220534906,3014.152629461605
339668420,67,141,3126.6363678723574,3133.1132197217084
339668420,67,141,3133.323867870029,3140.2497937935404
339668420,67,142,3140.460441941861,3147.703497495037
339668420,67,142,3147.91413406888,3154.395615548361
339770560,1,9,1325.3130924007855,1338.5214257300831
339770560,1,10,1339.6672474890947,1353.167247485835
339770560,2,11,1354.1047474853694,1367.1464141495526
339770560,2,12,1368.6047359085642,1381.5005692406558
339770560,3,13,1381.7089025736786,1382.5214025736786
339770560,3,13,1382.6047359071672,1383.62556924019
339770560,3,13,1383.6672359071672,1384.2714025736786
339770560,3,13,1384.31306924019,1385.87556924019
339770560,3,13,1385.93806924019,1395.4380692397244
339770560,3,13,1395.583902573213,1396.458902573213
339770560,3,13,1396.5005692397244,1396.5630692397244
339770560,3,14,1396.646402573213,1409.3755576661788
339770560,4,15,1410.917224333156,1413.2505576666445
339770560,4,15,1413.2713909996671,1418.4797243336216
339770560,4,15,1421.2297243340872,1423.5005576675758
339770560,4,16,1424.5630576680414,1436.833879429381
339770560,5,17,1437.97971276287,1450.1880460991524
339770560,5,18,1451.563046099618,1464.2713678628206
339770560,6,19,1468.2713678642176,1477.0213678670116
339770560,6,20,1478.1047012005,1490.0421896306798
339770560,7,21,1491.625522964634,1503.0213563013822
339770560,7,22,1504.7088563023135,1516.0838447315618
339770560,8,23,1517.354678065516,1529.0630114017986
339770560,8,24,1530.2713447352871,1531.7296780692411
339770560,8,24,1535.0005114031956,1542.0004998305812
339770560,9,25,1543.2296664975584,1555.542166499421
339770560,9,26,1556.729666499421,1568.458821593318
339770560,10,27,1569.4379882598296,1581.771321593318
339770560,10,28,1582.771321593318,1595.667143351864
339770560,11,29,1596.7713100183755,1609.6879766830243
339770560,11,30,1610.7921433495358,1623.875465106219
339770560,12,31,1624.958798439242,1638.9796317690052
339770560,12,32,1640.0421317685395,1652.875453523826
339770560,13,33,1653.9171201903373,1667.6879535191692
339770560,13,34,1668.6254535187036,1682.3546086070128
339770560,27,61,2036.2780692591327,2048.125279903412
339770560,27,62,2049.1530576804653,2060.6391687882133
339770560,28,63,2061.847502121236,2073.958601654973
339770560,28,64,2075.1530460990034,2087.0974905407056
339770560,29,65,2088.2363794292323,2101.375256741885
339770560,29,66,2102.326645630412,2114.430812295992
339770560,30,67,2115.882201184518,2129.139134054538
339770560,30,68,2130.208578499034,2143.222467388492
339770560,31,69,2144.514134055469,2157.451622482855
339770560,31,70,2158.861344705336,2169.944678040687
339770560,32,71,2174.222455819603,2185.9377220263705
339770560,32,72,2186.9446664713323,2200.2293886975385
339770560,33,73,2201.729388698004,2213.86132157268
339770560,33,74,2215.430766017642,2227.5696549103595
339770560,34,75,2228.750210466329,2240.902976674028
339770560,34,76,2241.9863100075163,2254.062698900234
339770560,37,81,2307.2362868711352,2319.0279419636354
339770560,37,82,2320.222386407666,2332.576553073246
339770560,38,83,2333.854319276754,2346.3334859414026
339770560,38,84,2347.2987637189217,2360.5487521416508
339770560,39,85,2361.770974363666,2374.8543076934293
339770560,39,86,2375.86125213746,2389.715407225769
339812943,11,29,1596.7713100183755,1609.6879766830243
339812943,11,30,1610.7921433495358,1623.875465106219
339812943,12,31,1624.958798439242,1638.9796317690052
339812943,12,32,1640.0421317685395,1652.875453523826
339812943,38,83,2333.854319276754,2346.3334859414026
339812943,38,84,2347.2987637189217,2360.5487521416508
340221485,11,29,1596.7713100183755,1609.6879766830243
340221485,11,30,1610.7921433495358,1623.875465106219
340481541,8,23,1517.354678065516,1529.0630114017986
340481541,8,24,1530.2713447352871,1531.7296780692411
340481541,8,24,1535.0005114031956,1542.0004998305812
341448790,38,83,2333.854319276754,2346.3334859414026
341448790,38,84,2347.2987637189217,2360.5487521416508
341935294,7,21,1491.625522964634,1503.0213563013822
341935294,7,22,1504.7088563023135,1516.0838447315618
341935294,8,23,1517.354678065516,1529.0630114017986
341935294,8,24,1530.2713447352871,1531.7296780692411
341935294,8,24,1535.0005114031956,1542.0004998305812
341935294,9,25,1543.2296664975584,1555.542166499421
341935294,9,26,1556.729666499421,1568.458821593318
341935294,35,77,2254.9863100117072,2266.1043539959937
341935294,35,77,2266.3751873290166,2267.146020662505
341935294,35,78,2268.583520662971,2279.979353998322
343965791,61,129,2962.7938563008797,2969.3332081544213
343965791,61,129,2969.543856302742,2975.1966225081123
343965791,61,130,2975.407270656433,2982.1896780659445
343965791,61,130,2982.400326214265,2988.2244002898224
343965791,62,131,2988.435048438143,2994.881807698868
343965791,62,131,2995.092455847189,3000.9234627927653
343965791,62,132,3001.134110941086,3007.53457390517
343965791,62,132,3007.7452220534906,3014.152629461605
343968113,61,129,2962.7938563008797,2969.3332081544213
343968113,61,129,2969.543856302742,2975.1966225081123
343968113,61,130,2975.407270656433,2982.1896780659445
343968113,61,130,2982.400326214265,2988.2244002898224
343968113,62,131,2988.435048438143,2994.881807698868
343968113,62,131,2995.092455847189,3000.9234627927653
343968113,62,132,3001.134110941086,3007.53457390517
343968113,62,132,3007.7452220534906,3014.152629461605
344138787,62,131,2988.435048438143,2994.881807698868
344138787,62,131,2995.092455847189,3000.9234627927653
344138787,62,132,3001.134110941086,3007.53457390517
344138787,62,132,3007.7452220534906,3014.152629461605
345135732,10,27,1569.4379882598296,1581.771321593318
345135732,10,28,1582.771321593318,1595.667143351864
345135732,37,81,2307.2362868711352,2319.0279419636354
345135732,37,82,2320.222386407666,2332.576553073246
345135732,63,133,3014.3632776099257,3021.187351684552
345135732,63,133,3021.3979998328723,3027.3910438148305
345135732,63,134,3027.601691963151,3034.0901178894565
345135732,63,134,3034.300766037777,3040.8979882597923
345135733,10,27,1569.4379882598296,1581.771321593318
345135733,10,28,1582.771321593318,1595.667143351864
345135733,37,81,2307.2362868711352,2319.0279419636354
345135733,37,82,2320.222386407666,2332.576553073246
345135733,63,133,3014.3632776099257,3021.187351684552
345135733,63,133,3021.3979998328723,3027.3910438148305
345135733,63,134,3027.601691963151,3034.0901178894565
345135733,63,134,3034.300766037777,3040.8979882597923
345521596,57,121,2853.349458129145,2860.5763099808246
345521596,57,121,2860.7869581286795,2863.282328499481
345521596,57,121,2866.409643314313,2867.245291462168
345521596,57,122,2867.4559396104887,2874.606391000096
345521596,57,122,2874.8170391479507,2882.1133354450576
346537908,43,93,2474.166761370376,2486.1250831289217
346537908,43,94,2487.180638684425,2498.888972017914
346538348,42,91,2447.687606282532,2460.3056502612308
346538348,42,92,2461.2362058167346,2473.159816926345
346539090,42,91,2447.687606282532,2460.3056502612308
346539090,42,92,2461.2362058167346,2473.159816926345
346539640,42,91,2447.687606282532,2460.3056502612308
346539640,42,92,2461.2362058167346,2473.159816926345
346539640,43,93,2474.166761370376,2486.1250831289217
346539640,43,94,2487.180638684425,2498.888972017914
346539640,44,95,2500.1875831289217,2511.7223053518683
346539640,44,96,2513.2014604443684,2519.4167382232845
346539640,44,96,2519.4236826677807,2524.4375715572387
346540010,42,91,2447.687606282532,2460.3056502612308
346540010,42,92,2461.2362058167346,2473.159816926345
346540010,43,93,2474.166761370376,2486.1250831289217
346540010,43,94,2487.180638684425,2498.888972017914
346540010,44,95,2500.1875831289217,2511.7223053518683
346540010,44,96,2513.2014604443684,2519.4167382232845
346540010,44,96,2519.4236826677807,2524.4375715572387
346540165,43,93,2474.166761370376,2486.1250831289217
346540165,43,94,2487.180638684425,2498.888972017914
346540234,42,91,2447.687606282532,2460.3056502612308
346540234,42,92,2461.2362058167346,2473.159816926345
346540234,43,93,2474.166761370376,2486.1250831289217
346540234,43,94,2487.180638684425,2498.888972017914
346540234,44,95,2500.1875831289217,2511.7223053518683
346540234,44,96,2513.2014604443684,2519.4167382232845
346540234,44,96,2519.4236826677807,2524.4375715572387
346540567,44,95,2500.1875831289217,2511.7223053518683
346540567,44,96,2513.2014604443684,2519.4167382232845
346540567,44,96,2519.4236826677807,2524.4375715572387
346540571,42,91,2447.687606282532,2460.3056502612308
346540571,42,92,2461.2362058167346,2473.159816926345
346540571,43,93,2474.166761370376,2486.1250831289217
346540571,43,94,2487.180638684425,2498.888972017914
346540571,44,95,2500.1875831289217,2511.7223053518683
346540571,44,96,2513.2014604443684,2519.4167382232845
346540571,44,96,2519.4236826677807,2524.4375715572387
346541383,58,123,2882.323983593378,2889.4235206316225
346541383,58,123,2889.634168779477,2896.0554535030387
346541383,58,124,2896.26610165136,2903.38415720826
346541383,58,124,2903.5948053565808,2910.048509061802
346541690,58,123,2882.323983593378,2889.4235206316225
346541690,58,123,2889.634168779477,2896.0554535030387
346541690,58,124,2896.26610165136,2903.38415720826
346541690,58,124,2903.5948053565808,2910.048509061802
346543067,43,93,2474.166761370376,2486.1250831289217
346543067,43,94,2487.180638684425,2498.888972017914
346543067,44,95,2500.1875831289217,2511.7223053518683
346543067,44,96,2513.2014604443684,2519.4167382232845
346543067,44,96,2519.4236826677807,2524.4375715572387
346543146,42,91,2447.687606282532,2460.3056502612308
346543146,42,92,2461.2362058167346,2473.159816926345
346543146,43,93,2474.166761370376,2486.1250831289217
346543146,43,94,2487.180638684425,2498.888972017914
346543146,44,95,2500.1875831289217,2511.7223053518683
346543146,44,96,2513.2014604443684,2519.4167382232845
346543146,44,96,2519.4236826677807,2524.4375715572387
346543276,42,91,2447.687606282532,2460.3056502612308
346543276,42,92,2461.2362058167346,2473.159816926345
346543276,43,93,2474.166761370376,2486.1250831289217
346543276,43,94,2487.180638684425,2498.888972017914
346543276,44,95,2500.1875831289217,2511.7223053518683
346543276,44,96,2513.2014604443684,2519.4167382232845
346543276,44,96,2519.4236826677807,2524.4375715572387
346543450,42,91,2447.687606282532,2460.3056502612308
346543450,42,92,2461.2362058167346,2473.159816926345
346543450,43,93,2474.166761370376,2486.1250831289217
346543450,43,94,2487.180638684425,2498.888972017914
346543450,44,95,2500.1875831289217,2511.7223053518683
346543450,44,96,2513.2014604443684,2519.4167382232845
346543450,44,96,2519.4236826677807,2524.4375715572387
346592043,42,91,2447.687606282532,2460.3056502612308
346592043,42,92,2461.2362058167346,2473.159816926345
346592043,43,93,2474.166761370376,2486.1250831289217
346592043,43,94,2487.180638684425,2498.888972017914
346592043,44,95,2500.1875831289217,2511.7223053518683
346592043,44,96,2513.2014604443684,2519.4167382232845
346592043,44,96,2519.4236826677807,2524.4375715572387
346592477,44,95,2500.1875831289217,2511.7223053518683
346592477,44,96,2513.2014604443684,2519.4167382232845
346592477,44,96,2519.4236826677807,2524.4375715572387
346592680,43,93,2474.166761370376,2486.1250831289217
346592680,43,94,2487.180638684425,2498.888972017914
346592949,43,93,2474.166761370376,2486.1250831289217
346592949,43,94,2487.180638684425,2498.888972017914
346592949,44,95,2500.1875831289217,2511.7223053518683
346592949,44,96,2513.2014604443684,2519.4167382232845
346592949,44,96,2519.4236826677807,2524.4375715572387
346593056,42,91,2447.687606282532,2460.3056502612308
346593056,42,92,2461.2362058167346,2473.159816926345
346593056,44,95,2500.1875831289217,2511.7223053518683
346593056,44,96,2513.2014604443684,2519.4167382232845
346593056,44,96,2519.4236826677807,2524.4375715572387
346593111,44,95,2500.1875831289217,2511.7223053518683
346593111,44,96,2513.2014604443684,2519.4167382232845
346593111,44,96,2519.4236826677807,2524.4375715572387
346593421,44,95,2500.1875831289217,2511.7223053518683
346593421,44,96,2513.2014604443684,2519.4167382232845
346593421,44,96,2519.4236826677807,2524.4375715572387
346594718,58,123,2882.323983593378,2889.4235206316225
346594718,58,123,2889.634168779477,2896.0554535030387
346594718,58,124,2896.26610165136,2903.38415720826
346594718,58,124,2903.5948053565808,2910.048509061802
346624368,42,91,2447.687606282532,2460.3056502612308
346624368,42,92,2461.2362058167346,2473.159816926345
346625064,44,95,2500.1875831289217,2511.7223053518683
346625064,44,96,2513.2014604443684,2519.4167382232845
346625064,44,96,2519.4236826677807,2524.4375715572387
346625140,42,91,2447.687606282532,2460.3056502612308
346625140,42,92,2461.2362058167346,2473.159816926345
346625140,43,93,2474.166761370376,2486.1250831289217
346625140,43,94,2487.180638684425,2498.888972017914
346625140,44,95,2500.1875831289217,2511.7223053518683
346625140,44,96,2513.2014604443684,2519.4167382232845
346625140,44,96,2519.4236826677807,2524.4375715572387
346625318,42,91,2447.687606282532,2460.3056502612308
346625318,42,92,2461.2362058167346,2473.159816926345
346625675,42,91,2447.687606282532,2460.3056502612308
346625675,42,92,2461.2362058167346,2473.159816926345
346625675,44,95,2500.1875831289217,2511.7223053518683
346625675,44,96,2513.2014604443684,2519.4167382232845
346625675,44,96,2519.4236826677807,2524.4375715572387
346625763,43,93,2474.166761370376,2486.1250831289217
346625763,43,94,2487.180638684425,2498.888972017914
346625763,44,95,2500.1875831289217,2511.7223053518683
346625763,44,96,2513.2014604443684,2519.4167382232845
346625763,44,96,2519.4236826677807,2524.4375715572387
346625996,44,95,2500.1875831289217,2511.7223053518683
346625996,44,96,2513.2014604443684,2519.4167382232845
346625996,44,96,2519.4236826677807,2524.4375715572387
346626038,42,91,2447.687606282532,2460.3056502612308
346626038,42,92,2461.2362058167346,2473.159816926345
346626038,43,93,2474.166761370376,2486.1250831289217
346626038,43,94,2487.180638684425,2498.888972017914
346626051,42,91,2447.687606282532,2460.3056502612308
346626051,42,92,2461.2362058167346,2473.159816926345
346626051,43,93,2474.166761370376,2486.1250831289217
346626051,43,94,2487.180638684425,2498.888972017914
346626051,44,95,2500.1875831289217,2511.7223053518683
346626051,44,96,2513.2014604443684,2519.4167382232845
346626051,44,96,2519.4236826677807,2524.4375715572387
346626130,42,91,2447.687606282532,2460.3056502612308
346626130,42,92,2461.2362058167346,2473.159816926345
346626130,43,93,2474.166761370376,2486.1250831289217
346626130,43,94,2487.180638684425,2498.888972017914
346626130,44,95,2500.1875831289217,2511.7223053518683
346626130,44,96,2513.2014604443684,2519.4167382232845
346626130,44,96,2519.4236826677807,2524.4375715572387
346699497,66,139,3097.6687868623994,3104.88869426772
346699497,66,139,3105.0993424160406,3111.9743424137123
346699497,66,140,3112.184990562033,3119.076194263529
346699497,66,140,3119.2451757448725,3124.2405345398
346699497,66,140,3124.272941946984,3126.4257197240368
346699497,67,141,3126.6363678723574,3133.1132197217084
346699497,67,141,3133.323867870029,3140.2497937935404
346699497,67,142,3140.460441941861,3147.703497495037
346699497,67,142,3147.91413406888,3154.395615548361
346893664,59,125,2910.259157210123,2916.742953508161
346893664,59,125,2916.9536016564816,2917.7707312861457
346893664,59,125,2917.77536091581,2923.347108602524
346893664,59,126,2923.5577567508444,2930.277664160356
346893664,59,126,2930.4883123086765,2936.6873863846995
347049918,59,125,2910.259157210123,2916.742953508161
347049918,59,125,2916.9536016564816,2917.7707312861457
347049918,59,125,2917.77536091581,2923.347108602524
347049918,59,126,2923.5577567508444,2930.277664160356
347049918,59,126,2930.4883123086765,2936.6873863846995
347121672,59,125,2910.259157210123,2916.742953508161
347121672,59,125,2916.9536016564816,2917.7707312861457
347121672,59,125,2917.77536091581,2923.347108602524
347121672,59,126,2923.5577567508444,2930.277664160356
347121672,59,126,2930.4883123086765,2936.6873863846995
347126347,59,125,2910.259157210123,2916.742953508161
347126347,59,125,2916.9536016564816,2917.7707312861457
347126347,59,125,2917.77536091581,2923.347108602524
347126347,59,126,2923.5577567508444,2930.277664160356
347126347,59,126,2930.4883123086765,2936.6873863846995
347308085,57,121,2853.349458129145,2860.5763099808246
347308085,57,121,2860.7869581286795,2863.282328499481
347308085,57,121,2866.409643314313,2867.245291462168
347308085,57,122,2867.4559396104887,2874.606391000096
347308085,57,122,2874.8170391479507,2882.1133354450576
347308085,58,123,2882.323983593378,2889.4235206316225
347308085,58,123,2889.634168779477,2896.0554535030387
347308085,58,124,2896.26610165136,2903.38415720826
347308085,58,124,2903.5948053565808,2910.048509061802
347568056,58,123,2882.323983593378,2889.4235206316225
347568056,58,123,2889.634168779477,2896.0554535030387
347568056,58,124,2896.26610165136,2903.38415720826
347568056,58,124,2903.5948053565808,2910.048509061802
347638371,59,125,2910.259157210123,2916.742953508161
347638371,59,125,2916.9536016564816,2917.7707312861457
347638371,59,125,2917.77536091581,2923.347108602524
347638371,59,126,2923.5577567508444,2930.277664160356
347638371,59,126,2930.4883123086765,2936.6873863846995
347718143,19,45,1816.0837173955515,1827.9795507323
347718143,19,46,1828.9587173992768,1838.708705828525
347718143,19,46,1838.7295391620137,1841.1462058294564
347718143,59,125,2910.259157210123,2916.742953508161
347718143,59,125,2916.9536016564816,2917.7707312861457
347718143,59,125,2917.77536091581,2923.347108602524
347718143,59,126,2923.5577567508444,2930.277664160356
347718143,59,126,2930.4883123086765,2936.6873863846995
348638062,42,91,2447.687606282532,2460.3056502612308
348638062,42,92,2461.2362058167346,2473.159816926345
348638062,44,95,2500.1875831289217,2511.7223053518683
348638062,44,96,2513.2014604443684,2519.4167382232845
348638062,44,96,2519.4236826677807,2524.4375715572387
348638324,42,91,2447.687606282532,2460.3056502612308
348638324,42,92,2461.2362058167346,2473.159816926345
348638324,43,93,2474.166761370376,2486.1250831289217
348638324,43,94,2487.180638684425,2498.888972017914
348638324,44,95,2500.1875831289217,2511.7223053518683
348638324,44,96,2513.2014604443684,2519.4167382232845
348638324,44,96,2519.4236826677807,2524.4375715572387
348638386,43,93,2474.166761370376,2486.1250831289217
348638386,43,94,2487.180638684425,2498.888972017914
348638399,42,91,2447.687606282532,2460.3056502612308
348638399,42,92,2461.2362058167346,2473.159816926345
348638399,43,93,2474.166761370376,2486.1250831289217
348638399,43,94,2487.180638684425,2498.888972017914
348638415,44,95,2500.1875831289217,2511.7223053518683
348638415,44,96,2513.2014604443684,2519.4167382232845
348638415,44,96,2519.4236826677807,2524.4375715572387
348638431,42,91,2447.687606282532,2460.3056502612308
348638431,42,92,2461.2362058167346,2473.159816926345
348638431,43,93,2474.166761370376,2486.1250831289217
348638431,43,94,2487.180638684425,2498.888972017914
348638431,44,95,2500.1875831289217,2511.7223053518683
348638431,44,96,2513.2014604443684,2519.4167382232845
348638431,44,96,2519.4236826677807,2524.4375715572387
348638527,42,91,2447.687606282532,2460.3056502612308
348638527,42,92,2461.2362058167346,2473.159816926345
348638527,43,93,2474.166761370376,2486.1250831289217
348638527,43,94,2487.180638684425,2498.888972017914
348638527,44,95,2500.1875831289217,2511.7223053518683
348638527,44,96,2513.2014604443684,2519.4167382232845
348638527,44,96,2519.4236826677807,2524.4375715572387
348638623,43,93,2474.166761370376,2486.1250831289217
348638623,43,94,2487.180638684425,2498.888972017914
348638763,42,91,2447.687606282532,2460.3056502612308
348638763,42,92,2461.2362058167346,2473.159816926345
348638763,43,93,2474.166761370376,2486.1250831289217
348638763,43,94,2487.180638684425,2498.888972017914
348638763,44,95,2500.1875831289217,2511.7223053518683
348638763,44,96,2513.2014604443684,2519.4167382232845
348638763,44,96,2519.4236826677807,2524.4375715572387
348638801,42,91,2447.687606282532,2460.3056502612308
348638801,42,92,2461.2362058167346,2473.159816926345
348638810,44,95,2500.1875831289217,2511.7223053518683
348638810,44,96,2513.2014604443684,2519.4167382232845
348638810,44,96,2519.4236826677807,2524.4375715572387
348638812,44,95,2500.1875831289217,2511.7223053518683
348638812,44,96,2513.2014604443684,2519.4167382232845
348638812,44,96,2519.4236826677807,2524.4375715572387
348638813,42,91,2447.687606282532,2460.3056502612308
348638813,42,92,2461.2362058167346,2473.159816926345
348638813,43,93,2474.166761370376,2486.1250831289217
348638813,43,94,2487.180638684425,2498.888972017914
348638813,44,95,2500.1875831289217,2511.7223053518683
348638813,44,96,2513.2014604443684,2519.4167382232845
348638813,44,96,2519.4236826677807,2524.4375715572387
348638859,42,91,2447.687606282532,2460.3056502612308
348638859,42,92,2461.2362058167346,2473.159816926345
348638859,43,93,2474.166761370376,2486.1250831289217
348638859,43,94,2487.180638684425,2498.888972017914
348638859,44,95,2500.1875831289217,2511.7223053518683
348638859,44,96,2513.2014604443684,2519.4167382232845
348638859,44,96,2519.4236826677807,2524.4375715572387
348638902,42,91,2447.687606282532,2460.3056502612308
348638902,42,92,2461.2362058167346,2473.159816926345
348638902,43,93,2474.166761370376,2486.1250831289217
348638902,43,94,2487.180638684425,2498.888972017914
348638902,44,95,2500.1875831289217,2511.7223053518683
348638902,44,96,2513.2014604443684,2519.4167382232845
348638902,44,96,2519.4236826677807,2524.4375715572387
348638903,42,91,2447.687606282532,2460.3056502612308
348638903,42,92,2461.2362058167346,2473.159816926345
348638903,43,93,2474.166761370376,2486.1250831289217
348638903,43,94,2487.180638684425,2498.888972017914
348638903,44,95,2500.1875831289217,2511.7223053518683
348638903,44,96,2513.2014604443684,2519.4167382232845
348638903,44,96,2519.4236826677807,2524.4375715572387
348638938,42,91,2447.687606282532,2460.3056502612308
348638938,42,92,2461.2362058167346,2473.159816926345
348638938,43,93,2474.166761370376,2486.1250831289217
348638938,43,94,2487.180638684425,2498.888972017914
348638969,43,93,2474.166761370376,2486.1250831289217
348638969,43,94,2487.180638684425,2498.888972017914
348638969,44,95,2500.1875831289217,2511.7223053518683
348638969,44,96,2513.2014604443684,2519.4167382232845
348638969,44,96,2519.4236826677807,2524.4375715572387
348638984,42,91,2447.687606282532,2460.3056502612308
348638984,42,92,2461.2362058167346,2473.159816926345
348639006,42,91,2447.687606282532,2460.3056502612308
348639006,42,92,2461.2362058167346,2473.159816926345
348639093,42,91,2447.687606282532,2460.3056502612308
348639093,42,92,2461.2362058167346,2473.159816926345
348665154,43,93,2474.166761370376,2486.1250831289217
348665154,43,94,2487.180638684425,2498.888972017914
348665154,44,95,2500.1875831289217,2511.7223053518683
348665154,44,96,2513.2014604443684,2519.4167382232845
348665154,44,96,2519.4236826677807,2524.4375715572387
348722861,42,91,2447.687606282532,2460.3056502612308
348722861,42,92,2461.2362058167346,2473.159816926345
348722861,43,93,2474.166761370376,2486.1250831289217
348722861,43,94,2487.180638684425,2498.888972017914
348722861,44,95,2500.1875831289217,2511.7223053518683
348722861,44,96,2513.2014604443684,2519.4167382232845
348722861,44,96,2519.4236826677807,2524.4375715572387
348723421,42,91,2447.687606282532,2460.3056502612308
348723421,42,92,2461.2362058167346,2473.159816926345
348768846,43,93,2474.166761370376,2486.1250831289217
348768846,43,94,2487.180638684425,2498.888972017914
348768951,43,93,2474.166761370376,2486.1250831289217
348768951,43,94,2487.180638684425,2498.888972017914
348769440,44,95,2500.1875831289217,2511.7223053518683
348769440,44,96,2513.2014604443684,2519.4167382232845
348769440,44,96,2519.4236826677807,2524.4375715572387
348769589,42,91,2447.687606282532,2460.3056502612308
348769589,42,92,2461.2362058167346,2473.159816926345
348769589,43,93,2474.166761370376,2486.1250831289217
348769589,43,94,2487.180638684425,2498.888972017914
348769589,44,95,2500.1875831289217,2511.7223053518683
348769589,44,96,2513.2014604443684,2519.4167382232845
348769589,44,96,2519.4236826677807,2524.4375715572387
348839142,61,129,2962.7938563008797,2969.3332081544213
348839142,61,129,2969.543856302742,2975.1966225081123
348839142,61,130,2975.407270656433,2982.1896780659445
348839142,61,130,2982.400326214265,2988.2244002898224
348839142,62,131,2988.435048438143,2994.881807698868
348839142,62,131,2995.092455847189,3000.9234627927653
348839142,62,132,3001.134110941086,3007.53457390517
348839142,62,132,3007.7452220534906,3014.152629461605
348839142,63,133,3014.3632776099257,3021.187351684552
348839142,63,133,3021.3979998328723,3027.3910438148305
348839142,63,134,3027.601691963151,3034.0901178894565
348839142,63,134,3034.300766037777,3040.8979882597923
348839142,65,137,3068.7336248317733,3075.9674095525406
348839142,65,137,3076.178057700861,3083.47435399564
348839142,65,138,3083.685002143495,3087.4674095502123
348839142,65,138,3087.4697243650444,3090.252131771762
348839142,65,138,3090.462779919617,3096.58777991822
348839142,66,139,3097.6687868623994,3104.88869426772
348839142,66,139,3105.0993424160406,3111.9743424137123
348839142,66,140,3112.184990562033,3119.076194263529
348839142,66,140,3119.2451757448725,3124.2405345398
348839142,66,140,3124.272941946984,3126.4257197240368
348839142,67,141,3126.6363678723574,3133.1132197217084
348839142,67,141,3133.323867870029,3140.2497937935404
348839142,67,142,3140.460441941861,3147.703497495037
348839142,67,142,3147.91413406888,3154.395615548361
348839788,1,9,1325.3130924007855,1338.5214257300831
348839788,1,10,1339.6672474890947,1353.167247485835
348839788,2,11,1354.1047474853694,1367.1464141495526
348839788,2,12,1368.6047359085642,1381.5005692406558
348839788,3,13,1381.7089025736786,1382.5214025736786
348839788,3,13,1382.6047359071672,1383.62556924019
348839788,3,13,1383.6672359071672,1384.2714025736786
348839788,3,13,1384.31306924019,1385.87556924019
348839788,3,13,1385.93806924019,1395.4380692397244
348839788,3,13,1395.583902573213,1396.458902573213
348839788,3,13,1396.5005692397244,1396.5630692397244
348839788,3,14,1396.646402573213,1409.3755576661788
348839788,4,15,1410.917224333156,1413.2505576666445
348839788,4,15,1413.2713909996671,1418.4797243336216
348839788,4,15,1421.2297243340872,1423.5005576675758
348839788,4,16,1424.5630576680414,1436.833879429381
348839788,5,17,1437.97971276287,1450.1880460991524
348839788,5,18,1451.563046099618,1464.2713678628206
348839788,6,19,1468.2713678642176,1477.0213678670116
348839788,6,20,1478.1047012005,1490.0421896306798
348839788,9,25,1543.2296664975584,1555.542166499421
348839788,9,26,1556.729666499421,1568.458821593318
348839788,10,27,1569.4379882598296,1581.771321593318
348839788,10,28,1582.771321593318,1595.667143351864
348839788,11,29,1596.7713100183755,1609.6879766830243
348839788,11,30,1610.7921433495358,1623.875465106219
348839788,12,31,1624.958798439242,1638.9796317690052
348839788,12,32,1640.0421317685395,1652.875453523826
348839788,13,33,1653.9171201903373,1667.6879535191692
348839788,13,34,1668.6254535187036,1682.3546086070128
348839788,30,67,2115.882201184518,2129.139134054538
348839788,30,68,2130.208578499034,2143.222467388492
348839788,31,69,2144.514134055469,2157.451622482855
348839788,31,70,2158.861344705336,2169.944678040687
348839788,32,71,2174.222455819603,2185.9377220263705
348839788,32,72,2186.9446664713323,2200.2293886975385
348839788,33,73,2201.729388698004,2213.86132157268
348839788,33,74,2215.430766017642,2227.5696549103595
348839788,34,75,2228.750210466329,2240.902976674028
348839788,34,76,2241.9863100075163,2254.062698900234
348839788,36,79,2280.902965109796,2292.8543424261734
348839788,36,80,2293.7918424261734,2305.9862868711352
348839788,37,81,2307.2362868711352,2319.0279419636354
348839788,37,82,2320.222386407666,2332.576553073246
348839788,38,83,2333.854319276754,2346.3334859414026
348839788,38,84,2347.2987637189217,2360.5487521416508
348839788,39,85,2361.770974363666,2374.8543076934293
348839788,39,86,2375.86125213746,2389.715407225769
348867108,43,93,2474.166761370376,2486.1250831289217
348867108,43,94,2487.180638684425,2498.888972017914
348867108,44,95,2500.1875831289217,2511.7223053518683
348867108,44,96,2513.2014604443684,2519.4167382232845
348867108,44,96,2519.4236826677807,2524.4375715572387
349003587,43,93,2474.166761370376,2486.1250831289217
349003587,43,94,2487.180638684425,2498.888972017914
349003587,44,95,2500.1875831289217,2511.7223053518683
349003587,44,96,2513.2014604443684,2519.4167382232845
349003587,44,96,2519.4236826677807,2524.4375715572387
349055504,5,17,1437.97971276287,1450.1880460991524
349055504,5,18,1451.563046099618,1464.2713678628206
349055504,6,19,1468.2713678642176,1477.0213678670116
349055504,6,20,1478.1047012005,1490.0421896306798
349055504,7,21,1491.625522964634,1503.0213563013822
349055504,7,22,1504.7088563023135,1516.0838447315618
349055504,8,23,1517.354678065516,1529.0630114017986
349055504,8,24,1530.2713447352871,1531.7296780692411
349055504,8,24,1535.0005114031956,1542.0004998305812
349055504,12,31,1624.958798439242,1638.9796317690052
349055504,12,32,1640.0421317685395,1652.875453523826
349055504,13,33,1653.9171201903373,1667.6879535191692
349055504,13,34,1668.6254535187036,1682.3546086070128
349055504,27,61,2036.2780692591327,2048.125279903412
349055504,27,62,2049.1530576804653,2060.6391687882133
349055504,28,63,2061.847502121236,2073.958601654973
349055504,28,64,2075.1530460990034,2087.0974905407056
349055504,29,65,2088.2363794292323,2101.375256741885
349055504,29,66,2102.326645630412,2114.430812295992
349055504,30,67,2115.882201184518,2129.139134054538
349055504,30,68,2130.208578499034,2143.222467388492
349055504,36,79,2280.902965109796,2292.8543424261734
349055504,36,80,2293.7918424261734,2305.9862868711352
349055504,37,81,2307.2362868711352,2319.0279419636354
349055504,37,82,2320.222386407666,2332.576553073246
349055504,38,83,2333.854319276754,2346.3334859414026
349055504,38,84,2347.2987637189217,2360.5487521416508
349055504,39,85,2361.770974363666,2374.8543076934293
349055504,39,86,2375.86125213746,2389.715407225769
349055504,61,129,2962.7938563008797,2969.3332081544213
349055504,61,129,2969.543856302742,2975.1966225081123
349055504,61,130,2975.407270656433,2982.1896780659445
349055504,61,130,2982.400326214265,2988.2244002898224
349055504,63,133,3014.3632776099257,3021.187351684552
349055504,63,133,3021.3979998328723,3027.3910438148305
349055504,63,134,3027.601691963151,3034.0901178894565
349055504,63,134,3034.300766037777,3040.8979882597923
349055504,64,135,3041.108636408113,3048.1132544633
349055504,64,135,3048.3239026116207,3054.752143351827
349055504,64,135,3054.754458166659,3055.078532240819
349055504,64,136,3055.289180388674,3062.21742112888
349055504,64,136,3062.428069277201,3068.029921127949
349055504,65,137,3068.7336248317733,3075.9674095525406
349055504,65,137,3076.178057700861,3083.47435399564
349055504,65,138,3083.685002143495,3087.4674095502123
349055504,65,138,3087.4697243650444,3090.252131771762
349055504,65,138,3090.462779919617,3096.58777991822
349055504,66,139,3097.6687868623994,3104.88869426772
349055504,66,139,3105.0993424160406,3111.9743424137123
349055504,66,140,3112.184990562033,3119.076194263529
349055504,66,140,3119.2451757448725,3124.2405345398
349055504,66,140,3124.272941946984,3126.4257197240368
349072683,43,93,2474.166761370376,2486.1250831289217
349072683,43,94,2487.180638684425,2498.888972017914
349072683,44,95,2500.1875831289217,2511.7223053518683
349072683,44,96,2513.2014604443684,2519.4167382232845
349072683,44,96,2519.4236826677807,2524.4375715572387
349195685,4,15,1410.917224333156,1413.2505576666445
349195685,4,15,1413.2713909996671,1418.4797243336216
349195685,4,15,1421.2297243340872,1423.5005576675758
349195685,4,16,1424.5630576680414,1436.833879429381
349195685,5,17,1437.97971276287,1450.1880460991524
349195685,5,18,1451.563046099618,1464.2713678628206
349195685,7,21,1491.625522964634,1503.0213563013822
349195685,7,22,1504.7088563023135,1516.0838447315618
349195685,8,23,1517.354678065516,1529.0630114017986
349195685,8,24,1530.2713447352871,1531.7296780692411
349195685,8,24,1535.0005114031956,1542.0004998305812
349195685,10,27,1569.4379882598296,1581.771321593318
349195685,10,28,1582.771321593318,1595.667143351864
349195685,29,65,2088.2363794292323,2101.375256741885
349195685,29,66,2102.326645630412,2114.430812295992
349195685,33,73,2201.729388698004,2213.86132157268
349195685,33,74,2215.430766017642,2227.5696549103595
349195685,36,79,2280.902965109796,2292.8543424261734
349195685,36,80,2293.7918424261734,2305.9862868711352
349195685,37,81,2307.2362868711352,2319.0279419636354
349195685,37,82,2320.222386407666,2332.576553073246
349195685,38,83,2333.854319276754,2346.3334859414026
349195685,38,84,2347.2987637189217,2360.5487521416508
349195685,39,85,2361.770974363666,2374.8543076934293
349195685,39,86,2375.86125213746,2389.715407225769
349195685,64,135,3041.108636408113,3048.1132544633
349195685,64,135,3048.3239026116207,3054.752143351827
349195685,64,135,3054.754458166659,3055.078532240819
349195685,64,136,3055.289180388674,3062.21742112888
349195685,64,136,3062.428069277201,3068.029921127949
349448154,43,93,2474.166761370376,2486.1250831289217
349448154,43,94,2487.180638684425,2498.888972017914
349448154,59,125,2910.259157210123,2916.742953508161
349448154,59,125,2916.9536016564816,2917.7707312861457
349448154,59,125,2917.77536091581,2923.347108602524
349448154,59,126,2923.5577567508444,2930.277664160356
349448154,59,126,2930.4883123086765,2936.6873863846995
349583705,43,93,2474.166761370376,2486.1250831289217
349583705,43,94,2487.180638684425,2498.888972017914
349583705,44,95,2500.1875831289217,2511.7223053518683
349583705,44,96,2513.2014604443684,2519.4167382232845
349583705,44,96,2519.4236826677807,2524.4375715572387
349689239,44,95,2500.1875831289217,2511.7223053518683
349689239,44,96,2513.2014604443684,2519.4167382232845
349689239,44,96,2519.4236826677807,2524.4375715572387
349920992,62,131,2988.435048438143,2994.881807698868
349920992,62,131,2995.092455847189,3000.9234627927653
349920992,62,132,3001.134110941086,3007.53457390517
349920992,62,132,3007.7452220534906,3014.152629461605
350092591,27,61,2036.2780692591327,2048.125279903412
350092591,27,62,2049.1530576804653,2060.6391687882133
350092592,27,61,2036.2780692591327,2048.125279903412
350092592,27,62,2049.1530576804653,2060.6391687882133
350559457,4,15,1410.917224333156,1413.2505576666445
350559457,4,15,1413.2713909996671,1418.4797243336216
350559457,4,15,1421.2297243340872,1423.5005576675758
350559457,4,16,1424.5630576680414,1436.833879429381
350559457,6,19,1468.2713678642176,1477.0213678670116
350559457,6,20,1478.1047012005,1490.0421896306798
350559457,7,21,1491.625522964634,1503.0213563013822
350559457,7,22,1504.7088563023135,1516.0838447315618
350559457,8,23,1517.354678065516,1529.0630114017986
350559457,8,24,1530.2713447352871,1531.7296780692411
350559457,8,24,1535.0005114031956,1542.0004998305812
350559457,27,61,2036.2780692591327,2048.125279903412
350559457,27,62,2049.1530576804653,2060.6391687882133
350559457,29,65,2088.2363794292323,2101.375256741885
350559457,29,66,2102.326645630412,2114.430812295992
350559457,33,73,2201.729388698004,2213.86132157268
350559457,33,74,2215.430766017642,2227.5696549103595
350559457,34,75,2228.750210466329,2240.902976674028
350559457,34,76,2241.9863100075163,2254.062698900234
350559457,36,79,2280.902965109796,2292.8543424261734
350559457,36,80,2293.7918424261734,2305.9862868711352
350559457,37,81,2307.2362868711352,2319.0279419636354
350559457,37,82,2320.222386407666,2332.576553073246
350559457,38,83,2333.854319276754,2346.3334859414026
350559457,38,84,2347.2987637189217,2360.5487521416508
350712873,5,17,1437.97971276287,1450.1880460991524
350712873,5,18,1451.563046099618,1464.2713678628206
350712873,6,19,1468.2713678642176,1477.0213678670116
350712873,6,20,1478.1047012005,1490.0421896306798
350712873,7,21,1491.625522964634,1503.0213563013822
350712873,7,22,1504.7088563023135,1516.0838447315618
350712873,8,23,1517.354678065516,1529.0630114017986
350712873,8,24,1530.2713447352871,1531.7296780692411
350712873,8,24,1535.0005114031956,1542.0004998305812
350712873,10,27,1569.4379882598296,1581.771321593318
350712873,10,28,1582.771321593318,1595.667143351864
350712873,11,29,1596.7713100183755,1609.6879766830243
350712873,11,30,1610.7921433495358,1623.875465106219
350712873,13,33,1653.9171201903373,1667.6879535191692
350712873,13,34,1668.6254535187036,1682.3546086070128
350712873,27,61,2036.2780692591327,2048.125279903412
350712873,27,62,2049.1530576804653,2060.6391687882133
350712873,28,63,2061.847502121236,2073.958601654973
350712873,28,64,2075.1530460990034,2087.0974905407056
350712873,29,65,2088.2363794292323,2101.375256741885
350712873,29,66,2102.326645630412,2114.430812295992
350712873,30,67,2115.882201184518,2129.139134054538
350712873,30,68,2130.208578499034,2143.222467388492
350712873,31,69,2144.514134055469,2157.451622482855
350712873,31,70,2158.861344705336,2169.944678040687
350712873,32,71,2174.222455819603,2185.9377220263705
350712873,32,72,2186.9446664713323,2200.2293886975385
350712873,33,73,2201.729388698004,2213.86132157268
350712873,33,74,2215.430766017642,2227.5696549103595
350712873,36,79,2280.902965109796,2292.8543424261734
350712873,36,80,2293.7918424261734,2305.9862868711352
350712873,37,81,2307.2362868711352,2319.0279419636354
350712873,37,82,2320.222386407666,2332.576553073246
350712873,38,83,2333.854319276754,2346.3334859414026
350712873,38,84,2347.2987637189217,2360.5487521416508
350712873,39,85,2361.770974363666,2374.8543076934293
350712873,39,86,2375.86125213746,2389.715407225769
350712873,61,129,2962.7938563008797,2969.3332081544213
350712873,61,129,2969.543856302742,2975.1966225081123
350712873,61,130,2975.407270656433,2982.1896780659445
350712873,61,130,2982.400326214265,2988.2244002898224
350712873,62,131,2988.435048438143,2994.881807698868
350712873,62,131,2995.092455847189,3000.9234627927653
350712873,62,132,3001.134110941086,3007.53457390517
350712873,62,132,3007.7452220534906,3014.152629461605
350712873,64,135,3041.108636408113,3048.1132544633
350712873,64,135,3048.3239026116207,3054.752143351827
350712873,64,135,3054.754458166659,3055.078532240819
350712873,64,136,3055.289180388674,3062.21742112888
350712873,64,136,3062.428069277201,3068.029921127949
350712873,66,139,3097.6687868623994,3104.88869426772
350712873,66,139,3105.0993424160406,3111.9743424137123
350712873,66,140,3112.184990562033,3119.076194263529
350712873,66,140,3119.2451757448725,3124.2405345398
350712873,66,140,3124.272941946984,3126.4257197240368
350712873,67,141,3126.6363678723574,3133.1132197217084
350712873,67,141,3133.323867870029,3140.2497937935404
350712873,67,142,3140.460441941861,3147.703497495037
350712873,67,142,3147.91413406888,3154.395615548361
352162554,12,31,1624.958798439242,1638.9796317690052
352162554,12,32,1640.0421317685395,1652.875453523826
352901324,58,123,2882.323983593378,2889.4235206316225
352901324,58,123,2889.634168779477,2896.0554535030387
352901324,58,124,2896.26610165136,2903.38415720826
352901324,58,124,2903.5948053565808,2910.048509061802
353202794,59,125,2910.259157210123,2916.742953508161
353202794,59,125,2916.9536016564816,2917.7707312861457
353202794,59,125,2917.77536091581,2923.347108602524
353202794,59,126,2923.5577567508444,2930.277664160356
353202794,59,126,2930.4883123086765,2936.6873863846995
353502339,52,111,2718.631935013924,2720.208312328439
353502339,52,111,2720.2152567729354,2730.29859010363
353502339,52,112,2731.444423436653,2743.0763678778894
353764061,59,125,2910.259157210123,2916.742953508161
353764061,59,125,2916.9536016564816,2917.7707312861457
353764061,59,125,2917.77536091581,2923.347108602524
353764061,59,126,2923.5577567508444,2930.277664160356
353764061,59,126,2930.4883123086765,2936.6873863846995
353846256,59,125,2910.259157210123,2916.742953508161
353846256,59,125,2916.9536016564816,2917.7707312861457
353846256,59,125,2917.77536091581,2923.347108602524
353846256,59,126,2923.5577567508444,2930.277664160356
353846256,59,126,2930.4883123086765,2936.6873863846995
353902766,59,125,2910.259157210123,2916.742953508161
353902766,59,125,2916.9536016564816,2917.7707312861457
353902766,59,125,2917.77536091581,2923.347108602524
353902766,59,126,2923.5577567508444,2930.277664160356
353902766,59,126,2930.4883123086765,2936.6873863846995
353927315,42,91,2447.687606282532,2460.3056502612308
353927315,42,92,2461.2362058167346,2473.159816926345
353927315,44,95,2500.1875831289217,2511.7223053518683
353927315,44,96,2513.2014604443684,2519.4167382232845
353927315,44,96,2519.4236826677807,2524.4375715572387
353927317,43,93,2474.166761370376,2486.1250831289217
353927317,43,94,2487.180638684425,2498.888972017914
353927317,44,95,2500.1875831289217,2511.7223053518683
353927317,44,96,2513.2014604443684,2519.4167382232845
353927317,44,96,2519.4236826677807,2524.4375715572387
353927374,43,93,2474.166761370376,2486.1250831289217
353927374,43,94,2487.180638684425,2498.888972017914
353927374,44,95,2500.1875831289217,2511.7223053518683
353927374,44,96,2513.2014604443684,2519.4167382232845
353927374,44,96,2519.4236826677807,2524.4375715572387
353927610,43,93,2474.166761370376,2486.1250831289217
353927610,43,94,2487.180638684425,2498.888972017914
353927750,43,93,2474.166761370376,2486.1250831289217
353927750,43,94,2487.180638684425,2498.888972017914
353927867,44,95,2500.1875831289217,2511.7223053518683
353927867,44,96,2513.2014604443684,2519.4167382232845
353927867,44,96,2519.4236826677807,2524.4375715572387
353927906,42,91,2447.687606282532,2460.3056502612308
353927906,42,92,2461.2362058167346,2473.159816926345
353927958,42,91,2447.687606282532,2460.3056502612308
353927958,42,92,2461.2362058167346,2473.159816926345
353927958,43,93,2474.166761370376,2486.1250831289217
353927958,43,94,2487.180638684425,2498.888972017914
353927958,44,95,2500.1875831289217,2511.7223053518683
353927958,44,96,2513.2014604443684,2519.4167382232845
353927958,44,96,2519.4236826677807,2524.4375715572387
353928017,44,95,2500.1875831289217,2511.7223053518683
353928017,44,96,2513.2014604443684,2519.4167382232845
353928017,44,96,2519.4236826677807,2524.4375715572387
353928189,42,91,2447.687606282532,2460.3056502612308
353928189,42,92,2461.2362058167346,2473.159816926345
353928189,43,93,2474.166761370376,2486.1250831289217
353928189,43,94,2487.180638684425,2498.888972017914
353929099,42,91,2447.687606282532,2460.3056502612308
353929099,42,92,2461.2362058167346,2473.159816926345
353929099,43,93,2474.166761370376,2486.1250831289217
353929099,43,94,2487.180638684425,2498.888972017914
353929099,44,95,2500.1875831289217,2511.7223053518683
353929099,44,96,2513.2014604443684,2519.4167382232845
353929099,44,96,2519.4236826677807,2524.4375715572387
353929099,58,123,2882.323983593378,2889.4235206316225
353929099,58,123,2889.634168779477,2896.0554535030387
353929099,58,124,2896.26610165136,2903.38415720826
353929099,58,124,2903.5948053565808,2910.048509061802
354571603,5,17,1437.97971276287,1450.1880460991524
354571603,5,18,1451.563046099618,1464.2713678628206
354571603,6,19,1468.2713678642176,1477.0213678670116
354571603,6,20,1478.1047012005,1490.0421896306798
354571603,33,73,2201.729388698004,2213.86132157268
354571603,33,74,2215.430766017642,2227.5696549103595
354571604,5,17,1437.97971276287,1450.1880460991524
354571604,5,18,1451.563046099618,1464.2713678628206
354571604,6,19,1468.2713678642176,1477.0213678670116
354571604,6,20,1478.1047012005,1490.0421896306798
354571604,33,73,2201.729388698004,2213.86132157268
354571604,33,74,2215.430766017642,2227.5696549103595
354795507,59,125,2910.259157210123,2916.742953508161
354795507,59,125,2916.9536016564816,2917.7707312861457
354795507,59,125,2917.77536091581,2923.347108602524
354795507,59,126,2923.5577567508444,2930.277664160356
354795507,59,126,2930.4883123086765,2936.6873863846995
354795829,59,125,2910.259157210123,2916.742953508161
354795829,59,125,2916.9536016564816,2917.7707312861457
354795829,59,125,2917.77536091581,2923.347108602524
354795829,59,126,2923.5577567508444,2930.277664160356
354795829,59,126,2930.4883123086765,2936.6873863846995
354795914,59,125,2910.259157210123,2916.742953508161
354795914,59,125,2916.9536016564816,2917.7707312861457
354795914,59,125,2917.77536091581,2923.347108602524
354795914,59,126,2923.5577567508444,2930.277664160356
354795914,59,126,2930.4883123086765,2936.6873863846995
354931043,8,23,1517.354678065516,1529.0630114017986
354931043,8,24,1530.2713447352871,1531.7296780692411
354931043,8,24,1535.0005114031956,1542.0004998305812
354931043,34,75,2228.750210466329,2240.902976674028
354931043,34,76,2241.9863100075163,2254.062698900234
354931043,61,129,2962.7938563008797,2969.3332081544213
354931043,61,129,2969.543856302742,2975.1966225081123
354931043,61,130,2975.407270656433,2982.1896780659445
354931043,61,130,2982.400326214265,2988.2244002898224
355078068,60,127,2936.89803453302,2943.703590090852
355078068,60,127,2943.914238238707,2949.766078518704
355078068,60,128,2949.9767266665585,2949.992930370383
355078068,60,128,2955.039226668421,2956.2429303727117
355078068,60,128,2956.453578520566,2962.5832081525587
355279206,61,129,2962.7938563008797,2969.3332081544213
355279206,61,129,2969.543856302742,2975.1966225081123
355279206,61,130,2975.407270656433,2982.1896780659445
355279206,61,130,2982.400326214265,2988.2244002898224
355279206,62,131,2988.435048438143,2994.881807698868
355279206,62,131,2995.092455847189,3000.9234627927653
355279206,62,132,3001.134110941086,3007.53457390517
355279206,62,132,3007.7452220534906,3014.152629461605
355353917,61,129,2962.7938563008797,2969.3332081544213
355353917,61,129,2969.543856302742,2975.1966225081123
355353917,61,130,2975.407270656433,2982.1896780659445
355353917,61,130,2982.400326214265,2988.2244002898224
355359657,62,131,2988.435048438143,2994.881807698868
355359657,62,131,2995.092455847189,3000.9234627927653
355359657,62,132,3001.134110941086,3007.53457390517
355359657,62,132,3007.7452220534906,3014.152629461605
355373774,8,23,1517.354678065516,1529.0630114017986
355373774,8,24,1530.2713447352871,1531.7296780692411
355373774,8,24,1535.0005114031956,1542.0004998305812
355373774,9,25,1543.2296664975584,1555.542166499421
355373774,9,26,1556.729666499421,1568.458821593318
355373774,35,77,2254.9863100117072,2266.1043539959937
355373774,35,77,2266.3751873290166,2267.146020662505
355373774,35,78,2268.583520662971,2279.979353998322
355373774,36,79,2280.902965109796,2292.8543424261734
355373774,36,80,2293.7918424261734,2305.9862868711352
355373774,64,135,3041.108636408113,3048.1132544633
355373774,64,135,3048.3239026116207,3054.752143351827
355373774,64,135,3054.754458166659,3055.078532240819
355373774,64,136,3055.289180388674,3062.21742112888
355373774,64,136,3062.428069277201,3068.029921127949
355794672,9,25,1543.2296664975584,1555.542166499421
355794672,9,26,1556.729666499421,1568.458821593318
355794672,10,27,1569.4379882598296,1581.771321593318
355794672,10,28,1582.771321593318,1595.667143351864
355794672,11,29,1596.7713100183755,1609.6879766830243
355794672,11,30,1610.7921433495358,1623.875465106219
355794672,35,77,2254.9863100117072,2266.1043539959937
355794672,35,77,2266.3751873290166,2267.146020662505
355794672,35,78,2268.583520662971,2279.979353998322
355794672,36,79,2280.902965109796,2292.8543424261734
355794672,36,80,2293.7918424261734,2305.9862868711352
355794672,37,81,2307.2362868711352,2319.0279419636354
355794672,37,82,2320.222386407666,2332.576553073246
355824252,18,43,1790.6670622974634,1791.1045622974634
355824252,18,43,1791.375395630952,1802.4378956332805
355824252,18,44,1803.4587289667688,1815.0212173955515
355824252,19,45,1816.0837173955515,1827.9795507323
355824252,19,46,1828.9587173992768,1838.708705828525
355824252,19,46,1838.7295391620137,1841.1462058294564
355824252,59,125,2910.259157210123,2916.742953508161
355824252,59,125,2916.9536016564816,2917.7707312861457
355824252,59,125,2917.77536091581,2923.347108602524
355824252,59,126,2923.5577567508444,2930.277664160356
355824252,59,126,2930.4883123086765,2936.6873863846995
356460403,9,25,1543.2296664975584,1555.542166499421
356460403,9,26,1556.729666499421,1568.458821593318
356460403,10,27,1569.4379882598296,1581.771321593318
356460403,10,28,1582.771321593318,1595.667143351864
356460403,35,77,2254.9863100117072,2266.1043539959937
356460403,35,77,2266.3751873290166,2267.146020662505
356460403,35,78,2268.583520662971,2279.979353998322
356460403,36,79,2280.902965109796,2292.8543424261734
356460403,36,80,2293.7918424261734,2305.9862868711352
356460403,37,81,2307.2362868711352,2319.0279419636354
356460403,37,82,2320.222386407666,2332.576553073246
356460403,62,131,2988.435048438143,2994.881807698868
356460403,62,131,2995.092455847189,3000.9234627927653
356460403,62,132,3001.134110941086,3007.53457390517
356460403,62,132,3007.7452220534906,3014.152629461605
356460403,64,135,3041.108636408113,3048.1132544633
356460403,64,135,3048.3239026116207,3054.752143351827
356460403,64,135,3054.754458166659,3055.078532240819
356460403,64,136,3055.289180388674,3062.21742112888
356460403,64,136,3062.428069277201,3068.029921127949
356814191,11,29,1596.7713100183755,1609.6879766830243
356814191,11,30,1610.7921433495358,1623.875465106219
356814191,13,33,1653.9171201903373,1667.6879535191692
356814191,13,34,1668.6254535187036,1682.3546086070128
356814191,65,137,3068.7336248317733,3075.9674095525406
356814191,65,137,3076.178057700861,3083.47435399564
356814191,65,138,3083.685002143495,3087.4674095502123
356814191,65,138,3087.4697243650444,3090.252131771762
356814191,65,138,3090.462779919617,3096.58777991822
356814191,66,139,3097.6687868623994,3104.88869426772
356814191,66,139,3105.0993424160406,3111.9743424137123
356814191,66,140,3112.184990562033,3119.076194263529
356814191,66,140,3119.2451757448725,3124.2405345398
356814191,66,140,3124.272941946984,3126.4257197240368
356883380,43,93,2474.166761370376,2486.1250831289217
356883380,43,94,2487.180638684425,2498.888972017914
356900912,11,29,1596.7713100183755,1609.6879766830243
356900912,11,30,1610.7921433495358,1623.875465106219
356900912,12,31,1624.958798439242,1638.9796317690052
356900912,12,32,1640.0421317685395,1652.875453523826
356900912,38,83,2333.854319276754,2346.3334859414026
356900912,38,84,2347.2987637189217,2360.5487521416508
356900912,39,85,2361.770974363666,2374.8543076934293
356900912,39,86,2375.86125213746,2389.715407225769
356900912,65,137,3068.7336248317733,3075.9674095525406
356900912,65,137,3076.178057700861,3083.47435399564
356900912,65,138,3083.685002143495,3087.4674095502123
356900912,65,138,3087.4697243650444,3090.252131771762
356900912,65,138,3090.462779919617,3096.58777991822
356900912,66,139,3097.6687868623994,3104.88869426772
356900912,66,139,3105.0993424160406,3111.9743424137123
356900912,66,140,3112.184990562033,3119.076194263529
356900912,66,140,3119.2451757448725,3124.2405345398
356900912,66,140,3124.272941946984,3126.4257197240368
357019659,12,31,1624.958798439242,1638.9796317690052
357019659,12,32,1640.0421317685395,1652.875453523826
357019659,38,83,2333.854319276754,2346.3334859414026
357019659,38,84,2347.2987637189217,2360.5487521416508
357019659,39,85,2361.770974363666,2374.8543076934293
357019659,39,86,2375.86125213746,2389.715407225769
357023705,9,25,1543.2296664975584,1555.542166499421
357023705,9,26,1556.729666499421,1568.458821593318
357023705,10,27,1569.4379882598296,1581.771321593318
357023705,10,28,1582.771321593318,1595.667143351864
357023705,36,79,2280.902965109796,2292.8543424261734
357023705,36,80,2293.7918424261734,2305.9862868711352
357023705,37,81,2307.2362868711352,2319.0279419636354
357023705,37,82,2320.222386407666,2332.576553073246
357023705,38,83,2333.854319276754,2346.3334859414026
357023705,38,84,2347.2987637189217,2360.5487521416508
357023705,62,131,2988.435048438143,2994.881807698868
357023705,62,131,2995.092455847189,3000.9234627927653
357023705,62,132,3001.134110941086,3007.53457390517
357023705,62,132,3007.7452220534906,3014.152629461605
357023705,63,133,3014.3632776099257,3021.187351684552
357023705,63,133,3021.3979998328723,3027.3910438148305
357023705,63,134,3027.601691963151,3034.0901178894565
357023705,63,134,3034.300766037777,3040.8979882597923
357023705,64,135,3041.108636408113,3048.1132544633
357023705,64,135,3048.3239026116207,3054.752143351827
357023705,64,135,3054.754458166659,3055.078532240819
357023705,64,136,3055.289180388674,3062.21742112888
357023705,64,136,3062.428069277201,3068.029921127949
357105141,11,29,1596.7713100183755,1609.6879766830243
357105141,11,30,1610.7921433495358,1623.875465106219
357105141,12,31,1624.958798439242,1638.9796317690052
357105141,12,32,1640.0421317685395,1652.875453523826
357105141,65,137,3068.7336248317733,3075.9674095525406
357105141,65,137,3076.178057700861,3083.47435399564
357105141,65,138,3083.685002143495,3087.4674095502123
357105141,65,138,3087.4697243650444,3090.252131771762
357105141,65,138,3090.462779919617,3096.58777991822
357105141,66,139,3097.6687868623994,3104.88869426772
357105141,66,139,3105.0993424160406,3111.9743424137123
357105141,66,140,3112.184990562033,3119.076194263529
357105141,66,140,3119.2451757448725,3124.2405345398
357105141,66,140,3124.272941946984,3126.4257197240368
357105301,11,29,1596.7713100183755,1609.6879766830243
357105301,11,30,1610.7921433495358,1623.875465106219
357105301,12,31,1624.958798439242,1638.9796317690052
357105301,12,32,1640.0421317685395,1652.875453523826
357105301,38,83,2333.854319276754,2346.3334859414026
357105301,38,84,2347.2987637189217,2360.5487521416508
357105301,39,85,2361.770974363666,2374.8543076934293
357105301,39,86,2375.86125213746,2389.715407225769
357207000,65,137,3068.7336248317733,3075.9674095525406
357207000,65,137,3076.178057700861,3083.47435399564
357207000,65,138,3083.685002143495,3087.4674095502123
357207000,65,138,3087.4697243650444,3090.252131771762
357207000,65,138,3090.462779919617,3096.58777991822
357207000,66,139,3097.6687868623994,3104.88869426772
357207000,66,139,3105.0993424160406,3111.9743424137123
357207000,66,140,3112.184990562033,3119.076194263529
357207000,66,140,3119.2451757448725,3124.2405345398
357207000,66,140,3124.272941946984,3126.4257197240368
357311864,65,137,3068.7336248317733,3075.9674095525406
357311864,65,137,3076.178057700861,3083.47435399564
357311864,65,138,3083.685002143495,3087.4674095502123
357311864,65,138,3087.4697243650444,3090.252131771762
357311864,65,138,3090.462779919617,3096.58777991822
357314434,66,139,3097.6687868623994,3104.88869426772
357314434,66,139,3105.0993424160406,3111.9743424137123
357314434,66,140,3112.184990562033,3119.076194263529
357314434,66,140,3119.2451757448725,3124.2405345398
357314434,66,140,3124.272941946984,3126.4257197240368
357567470,11,29,1596.7713100183755,1609.6879766830243
357567470,11,30,1610.7921433495358,1623.875465106219
357567470,12,31,1624.958798439242,1638.9796317690052
357567470,12,32,1640.0421317685395,1652.875453523826
357567470,65,137,3068.7336248317733,3075.9674095525406
357567470,65,137,3076.178057700861,3083.47435399564
357567470,65,138,3083.685002143495,3087.4674095502123
357567470,65,138,3087.4697243650444,3090.252131771762
357567470,65,138,3090.462779919617,3096.58777991822
357567470,66,139,3097.6687868623994,3104.88869426772
357567470,66,139,3105.0993424160406,3111.9743424137123
357567470,66,140,3112.184990562033,3119.076194263529
357567470,66,140,3119.2451757448725,3124.2405345398
357567470,66,140,3124.272941946984,3126.4257197240368
357709302,39,85,2361.770974363666,2374.8543076934293
357709302,39,86,2375.86125213746,2389.715407225769
357709302,66,139,3097.6687868623994,3104.88869426772
357709302,66,139,3105.0993424160406,3111.9743424137123
357709302,66,140,3112.184990562033,3119.076194263529
357709302,66,140,3119.2451757448725,3124.2405345398
357709302,66,140,3124.272941946984,3126.4257197240368
357779388,65,137,3068.7336248317733,3075.9674095525406
357779388,65,137,3076.178057700861,3083.47435399564
357779388,65,138,3083.685002143495,3087.4674095502123
357779388,65,138,3087.4697243650444,3090.252131771762
357779388,65,138,3090.462779919617,3096.58777991822
357779388,66,139,3097.6687868623994,3104.88869426772
357779388,66,139,3105.0993424160406,3111.9743424137123
357779388,66,140,3112.184990562033,3119.076194263529
357779388,66,140,3119.2451757448725,3124.2405345398
357779388,66,140,3124.272941946984,3126.4257197240368
357950905,26,59,2010.2711363970304,2022.187791485805
359110060,11,29,1596.7713100183755,1609.6879766830243
359110060,11,30,1610.7921433495358,1623.875465106219
359137193,11,29,1596.7713100183755,1609.6879766830243
359137193,11,30,1610.7921433495358,1623.875465106219
359137193,12,31,1624.958798439242,1638.9796317690052
359137193,12,32,1640.0421317685395,1652.875453523826
359137193,38,83,2333.854319276754,2346.3334859414026
359137193,38,84,2347.2987637189217,2360.5487521416508
359137193,39,85,2361.770974363666,2374.8543076934293
359137193,39,86,2375.86125213746,2389.715407225769
359137193,65,137,3068.7336248317733,3075.9674095525406
359137193,65,137,3076.178057700861,3083.47435399564
359137193,65,138,3083.685002143495,3087.4674095502123
359137193,65,138,3087.4697243650444,3090.252131771762
359137193,65,138,3090.462779919617,3096.58777991822
359137193,66,139,3097.6687868623994,3104.88869426772
359137193,66,139,3105.0993424160406,3111.9743424137123
359137193,66,140,3112.184990562033,3119.076194263529
359137193,66,140,3119.2451757448725,3124.2405345398
359137193,66,140,3124.272941946984,3126.4257197240368
359299728,38,83,2333.854319276754,2346.3334859414026
359299728,38,84,2347.2987637189217,2360.5487521416508
359299728,64,135,3041.108636408113,3048.1132544633
359299728,64,135,3048.3239026116207,3054.752143351827
359299728,64,135,3054.754458166659,3055.078532240819
359299728,64,136,3055.289180388674,3062.21742112888
359299728,64,136,3062.428069277201,3068.029921127949
359357695,38,83,2333.854319276754,2346.3334859414026
359357695,38,84,2347.2987637189217,2360.5487521416508
359357695,39,85,2361.770974363666,2374.8543076934293
359357695,39,86,2375.86125213746,2389.715407225769
359357695,64,135,3041.108636408113,3048.1132544633
359357695,64,135,3048.3239026116207,3054.752143351827
359357695,64,135,3054.754458166659,3055.078532240819
359357695,64,136,3055.289180388674,3062.21742112888
359357695,64,136,3062.428069277201,3068.029921127949
359627920,10,27,1569.4379882598296,1581.771321593318
359627920,10,28,1582.771321593318,1595.667143351864
359627920,11,29,1596.7713100183755,1609.6879766830243
359627920,11,30,1610.7921433495358,1623.875465106219
359627920,64,135,3041.108636408113,3048.1132544633
359627920,64,135,3048.3239026116207,3054.752143351827
359627920,64,135,3054.754458166659,3055.078532240819
359627920,64,136,3055.289180388674,3062.21742112888
359627920,64,136,3062.428069277201,3068.029921127949
359641042,11,29,1596.7713100183755,1609.6879766830243
359641042,11,30,1610.7921433495358,1623.875465106219
359641042,38,83,2333.854319276754,2346.3334859414026
359641042,38,84,2347.2987637189217,2360.5487521416508
359641042,39,85,2361.770974363666,2374.8543076934293
359641042,39,86,2375.86125213746,2389.715407225769
359690566,11,29,1596.7713100183755,1609.6879766830243
359690566,11,30,1610.7921433495358,1623.875465106219
359690566,64,135,3041.108636408113,3048.1132544633
359690566,64,135,3048.3239026116207,3054.752143351827
359690566,64,135,3054.754458166659,3055.078532240819
359690566,64,136,3055.289180388674,3062.21742112888
359690566,64,136,3062.428069277201,3068.029921127949
359740883,9,25,1543.2296664975584,1555.542166499421
359740883,9,26,1556.729666499421,1568.458821593318
359740883,10,27,1569.4379882598296,1581.771321593318
359740883,10,28,1582.771321593318,1595.667143351864
359740883,36,79,2280.902965109796,2292.8543424261734
359740883,36,80,2293.7918424261734,2305.9862868711352
359740883,37,81,2307.2362868711352,2319.0279419636354
359740883,37,82,2320.222386407666,2332.576553073246
359740883,62,131,2988.435048438143,2994.881807698868
359740883,62,131,2995.092455847189,3000.9234627927653
359740883,62,132,3001.134110941086,3007.53457390517
359740883,62,132,3007.7452220534906,3014.152629461605
359740883,64,135,3041.108636408113,3048.1132544633
359740883,64,135,3048.3239026116207,3054.752143351827
359740883,64,135,3054.754458166659,3055.078532240819
359740883,64,136,3055.289180388674,3062.21742112888
359740883,64,136,3062.428069277201,3068.029921127949
359766629,38,83,2333.854319276754,2346.3334859414026
359766629,38,84,2347.2987637189217,2360.5487521416508
359766629,39,85,2361.770974363666,2374.8543076934293
359766629,39,86,2375.86125213746,2389.715407225769
359766954,11,29,1596.7713100183755,1609.6879766830243
359766954,11,30,1610.7921433495358,1623.875465106219
359766954,12,31,1624.958798439242,1638.9796317690052
359766954,12,32,1640.0421317685395,1652.875453523826
359766954,38,83,2333.854319276754,2346.3334859414026
359766954,38,84,2347.2987637189217,2360.5487521416508
359766954,39,85,2361.770974363666,2374.8543076934293
359766954,39,86,2375.86125213746,2389.715407225769
359766954,64,135,3041.108636408113,3048.1132544633
359766954,64,135,3048.3239026116207,3054.752143351827
359766954,64,135,3054.754458166659,3055.078532240819
359766954,64,136,3055.289180388674,3062.21742112888
359766954,64,136,3062.428069277201,3068.029921127949
359766954,65,137,3068.7336248317733,3075.9674095525406
359766954,65,137,3076.178057700861,3083.47435399564
359766954,65,138,3083.685002143495,3087.4674095502123
359766954,65,138,3087.4697243650444,3090.252131771762
359766954,65,138,3090.462779919617,3096.58777991822
359767082,11,29,1596.7713100183755,1609.6879766830243
359767082,11,30,1610.7921433495358,1623.875465106219
359767082,12,31,1624.958798439242,1638.9796317690052
359767082,12,32,1640.0421317685395,1652.875453523826
359767082,64,135,3041.108636408113,3048.1132544633
359767082,64,135,3048.3239026116207,3054.752143351827
359767082,64,135,3054.754458166659,3055.078532240819
359767082,64,136,3055.289180388674,3062.21742112888
359767082,64,136,3062.428069277201,3068.029921127949
359767082,65,137,3068.7336248317733,3075.9674095525406
359767082,65,137,3076.178057700861,3083.47435399564
359767082,65,138,3083.685002143495,3087.4674095502123
359767082,65,138,3087.4697243650444,3090.252131771762
359767082,65,138,3090.462779919617,3096.58777991822
359767456,11,29,1596.7713100183755,1609.6879766830243
359767456,11,30,1610.7921433495358,1623.875465106219
359767456,12,31,1624.958798439242,1638.9796317690052
359767456,12,32,1640.0421317685395,1652.875453523826
359767456,38,83,2333.854319276754,2346.3334859414026
359767456,38,84,2347.2987637189217,2360.5487521416508
359767456,39,85,2361.770974363666,2374.8543076934293
359767456,39,86,2375.86125213746,2389.715407225769
359767456,64,135,3041.108636408113,3048.1132544633
359767456,64,135,3048.3239026116207,3054.752143351827
359767456,64,135,3054.754458166659,3055.078532240819
359767456,64,136,3055.289180388674,3062.21742112888
359767456,64,136,3062.428069277201,3068.029921127949
359767456,65,137,3068.7336248317733,3075.9674095525406
359767456,65,137,3076.178057700861,3083.47435399564
359767456,65,138,3083.685002143495,3087.4674095502123
359767456,65,138,3087.4697243650444,3090.252131771762
359767456,65,138,3090.462779919617,3096.58777991822
359830202,11,29,1596.7713100183755,1609.6879766830243
359830202,11,30,1610.7921433495358,1623.875465106219
359834490,38,83,2333.854319276754,2346.3334859414026
359834490,38,84,2347.2987637189217,2360.5487521416508
360156606,65,137,3068.7336248317733,3075.9674095525406
360156606,65,137,3076.178057700861,3083.47435399564
360156606,65,138,3083.685002143495,3087.4674095502123
360156606,65,138,3087.4697243650444,3090.252131771762
360156606,65,138,3090.462779919617,3096.58777991822
360205899,9,25,1543.2296664975584,1555.542166499421
360205899,9,26,1556.729666499421,1568.458821593318
360205899,63,133,3014.3632776099257,3021.187351684552
360205899,63,133,3021.3979998328723,3027.3910438148305
360205899,63,134,3027.601691963151,3034.0901178894565
360205899,63,134,3034.300766037777,3040.8979882597923
360205899,64,135,3041.108636408113,3048.1132544633
360205899,64,135,3048.3239026116207,3054.752143351827
360205899,64,135,3054.754458166659,3055.078532240819
360205899,64,136,3055.289180388674,3062.21742112888
360205899,64,136,3062.428069277201,3068.029921127949
360261300,11,29,1596.7713100183755,1609.6879766830243
360261300,11,30,1610.7921433495358,1623.875465106219
360261300,12,31,1624.958798439242,1638.9796317690052
360261300,12,32,1640.0421317685395,1652.875453523826
360261300,64,135,3041.108636408113,3048.1132544633
360261300,64,135,3048.3239026116207,3054.752143351827
360261300,64,135,3054.754458166659,3055.078532240819
360261300,64,136,3055.289180388674,3062.21742112888
360261300,64,136,3062.428069277201,3068.029921127949
360261300,65,137,3068.7336248317733,3075.9674095525406
360261300,65,137,3076.178057700861,3083.47435399564
360261300,65,138,3083.685002143495,3087.4674095502123
360261300,65,138,3087.4697243650444,3090.252131771762
360261300,65,138,3090.462779919617,3096.58777991822
360339486,11,29,1596.7713100183755,1609.6879766830243
360339486,11,30,1610.7921433495358,1623.875465106219
360339486,12,31,1624.958798439242,1638.9796317690052
360339486,12,32,1640.0421317685395,1652.875453523826
360631514,11,29,1596.7713100183755,1609.6879766830243
360631514,11,30,1610.7921433495358,1623.875465106219
360631514,12,31,1624.958798439242,1638.9796317690052
360631514,12,32,1640.0421317685395,1652.875453523826
360631514,38,83,2333.854319276754,2346.3334859414026
360631514,38,84,2347.2987637189217,2360.5487521416508
360631514,39,85,2361.770974363666,2374.8543076934293
360631514,39,86,2375.86125213746,2389.715407225769
360709162,9,25,1543.2296664975584,1555.542166499421
360709162,9,26,1556.729666499421,1568.458821593318
360709162,10,27,1569.4379882598296,1581.771321593318
360709162,10,28,1582.771321593318,1595.667143351864
360709162,11,29,1596.7713100183755,1609.6879766830243
360709162,11,30,1610.7921433495358,1623.875465106219
360709162,36,79,2280.902965109796,2292.8543424261734
360709162,36,80,2293.7918424261734,2305.9862868711352
360709162,37,81,2307.2362868711352,2319.0279419636354
360709162,37,82,2320.222386407666,2332.576553073246
360709162,38,83,2333.854319276754,2346.3334859414026
360709162,38,84,2347.2987637189217,2360.5487521416508
360709162,63,133,3014.3632776099257,3021.187351684552
360709162,63,133,3021.3979998328723,3027.3910438148305
360709162,63,134,3027.601691963151,3034.0901178894565
360709162,63,134,3034.300766037777,3040.8979882597923
360709162,64,135,3041.108636408113,3048.1132544633
360709162,64,135,3048.3239026116207,3054.752143351827
360709162,64,135,3054.754458166659,3055.078532240819
360709162,64,136,3055.289180388674,3062.21742112888
360709162,64,136,3062.428069277201,3068.029921127949
360779428,9,25,1543.2296664975584,1555.542166499421
360779428,9,26,1556.729666499421,1568.458821593318
360779428,10,27,1569.4379882598296,1581.771321593318
360779428,10,28,1582.771321593318,1595.667143351864
360779428,36,79,2280.902965109796,2292.8543424261734
360779428,36,80,2293.7918424261734,2305.9862868711352
360779428,37,81,2307.2362868711352,2319.0279419636354
360779428,37,82,2320.222386407666,2332.576553073246
360779428,64,135,3041.108636408113,3048.1132544633
360779428,64,135,3048.3239026116207,3054.752143351827
360779428,64,135,3054.754458166659,3055.078532240819
360779428,64,136,3055.289180388674,3062.21742112888
360779428,64,136,3062.428069277201,3068.029921127949
361225005,63,133,3014.3632776099257,3021.187351684552
361225005,63,133,3021.3979998328723,3027.3910438148305
361225005,63,134,3027.601691963151,3034.0901178894565
361225005,63,134,3034.300766037777,3040.8979882597923
361225005,64,135,3041.108636408113,3048.1132544633
361225005,64,135,3048.3239026116207,3054.752143351827
361225005,64,135,3054.754458166659,3055.078532240819
361225005,64,136,3055.289180388674,3062.21742112888
361225005,64,136,3062.428069277201,3068.029921127949
361289085,12,31,1624.958798439242,1638.9796317690052
361289085,12,32,1640.0421317685395,1652.875453523826
361289085,39,85,2361.770974363666,2374.8543076934293
361289085,39,86,2375.86125213746,2389.715407225769
361289085,65,137,3068.7336248317733,3075.9674095525406
361289085,65,137,3076.178057700861,3083.47435399564
361289085,65,138,3083.685002143495,3087.4674095502123
361289085,65,138,3087.4697243650444,3090.252131771762
361289085,65,138,3090.462779919617,3096.58777991822
361289085,66,139,3097.6687868623994,3104.88869426772
361289085,66,139,3105.0993424160406,3111.9743424137123
361289085,66,140,3112.184990562033,3119.076194263529
361289085,66,140,3119.2451757448725,3124.2405345398
361289085,66,140,3124.272941946984,3126.4257197240368
361600252,39,85,2361.770974363666,2374.8543076934293
361600252,39,86,2375.86125213746,2389.715407225769
361695358,63,133,3014.3632776099257,3021.187351684552
361695358,63,133,3021.3979998328723,3027.3910438148305
361695358,63,134,3027.601691963151,3034.0901178894565
361695358,63,134,3034.300766037777,3040.8979882597923
361815724,65,137,3068.7336248317733,3075.9674095525406
361815724,65,137,3076.178057700861,3083.47435399564
361815724,65,138,3083.685002143495,3087.4674095502123
361815724,65,138,3087.4697243650444,3090.252131771762
361815724,65,138,3090.462779919617,3096.58777991822
361815724,66,139,3097.6687868623994,3104.88869426772
361815724,66,139,3105.0993424160406,3111.9743424137123
361815724,66,140,3112.184990562033,3119.076194263529
361815724,66,140,3119.2451757448725,3124.2405345398
361815724,66,140,3124.272941946984,3126.4257197240368
361958490,65,137,3068.7336248317733,3075.9674095525406
361958490,65,137,3076.178057700861,3083.47435399564
361958490,65,138,3083.685002143495,3087.4674095502123
361958490,65,138,3087.4697243650444,3090.252131771762
361958490,65,138,3090.462779919617,3096.58777991822
361958490,66,139,3097.6687868623994,3104.88869426772
361958490,66,139,3105.0993424160406,3111.9743424137123
361958490,66,140,3112.184990562033,3119.076194263529
361958490,66,140,3119.2451757448725,3124.2405345398
361958490,66,140,3124.272941946984,3126.4257197240368
362413145,9,25,1543.2296664975584,1555.542166499421
362413145,9,26,1556.729666499421,1568.458821593318
362413145,11,29,1596.7713100183755,1609.6879766830243
362413145,11,30,1610.7921433495358,1623.875465106219
362413145,36,79,2280.902965109796,2292.8543424261734
362413145,36,80,2293.7918424261734,2305.9862868711352
362413145,37,81,2307.2362868711352,2319.0279419636354
362413145,37,82,2320.222386407666,2332.576553073246
363622300,64,135,3041.108636408113,3048.1132544633
363622300,64,135,3048.3239026116207,3054.752143351827
363622300,64,135,3054.754458166659,3055.078532240819
363622300,64,136,3055.289180388674,3062.21742112888
363622300,64,136,3062.428069277201,3068.029921127949
363622794,11,29,1596.7713100183755,1609.6879766830243
363622794,11,30,1610.7921433495358,1623.875465106219
363622794,64,135,3041.108636408113,3048.1132544633
363622794,64,135,3048.3239026116207,3054.752143351827
363622794,64,135,3054.754458166659,3055.078532240819
363622794,64,136,3055.289180388674,3062.21742112888
363622794,64,136,3062.428069277201,3068.029921127949
363656704,64,135,3041.108636408113,3048.1132544633
363656704,64,135,3048.3239026116207,3054.752143351827
363656704,64,135,3054.754458166659,3055.078532240819
363656704,64,136,3055.289180388674,3062.21742112888
363656704,64,136,3062.428069277201,3068.029921127949
363773536,11,29,1596.7713100183755,1609.6879766830243
363773536,11,30,1610.7921433495358,1623.875465106219
363773536,64,135,3041.108636408113,3048.1132544633
363773536,64,135,3048.3239026116207,3054.752143351827
363773536,64,135,3054.754458166659,3055.078532240819
363773536,64,136,3055.289180388674,3062.21742112888
363773536,64,136,3062.428069277201,3068.029921127949
363782810,13,33,1653.9171201903373,1667.6879535191692
363782810,13,34,1668.6254535187036,1682.3546086070128
363782810,66,139,3097.6687868623994,3104.88869426772
363782810,66,139,3105.0993424160406,3111.9743424137123
363782810,66,140,3112.184990562033,3119.076194263529
363782810,66,140,3119.2451757448725,3124.2405345398
363782810,66,140,3124.272941946984,3126.4257197240368
364052908,8,23,1517.354678065516,1529.0630114017986
364052908,8,24,1530.2713447352871,1531.7296780692411
364052908,8,24,1535.0005114031956,1542.0004998305812
364200072,12,31,1624.958798439242,1638.9796317690052
364200072,12,32,1640.0421317685395,1652.875453523826
365073057,42,91,2447.687606282532,2460.3056502612308
365073057,42,92,2461.2362058167346,2473.159816926345
365073057,43,93,2474.166761370376,2486.1250831289217
365073057,43,94,2487.180638684425,2498.888972017914
365332374,43,93,2474.166761370376,2486.1250831289217
365332374,43,94,2487.180638684425,2498.888972017914
365544575,17,41,1764.687907202635,1776.2920738700775
365544575,17,42,1777.7295738700775,1789.1670622974634
365544575,17,42,1789.1878956304863,1789.6878956304863
366577296,34,75,2228.750210466329,2240.902976674028
366577296,34,76,2241.9863100075163,2254.062698900234
366728479,41,89,2419.9862289754674,2432.5973400827497
366728479,41,90,2433.715395637788,2446.5764951715246
366728479,55,117,2797.0971664721146,2809.9582775798626
366728479,55,118,2810.867999801878,2824.2638215580955
367537706,19,45,1816.0837173955515,1827.9795507323
367537706,19,46,1828.9587173992768,1838.708705828525
367537706,19,46,1838.7295391620137,1841.1462058294564
367770314,59,125,2910.259157210123,2916.742953508161
367770314,59,125,2916.9536016564816,2917.7707312861457
367770314,59,125,2917.77536091581,2923.347108602524
367770314,59,126,2923.5577567508444,2930.277664160356
367770314,59,126,2930.4883123086765,2936.6873863846995
369743686,38,83,2333.854319276754,2346.3334859414026
369743686,38,84,2347.2987637189217,2360.5487521416508
369862028,12,31,1624.958798439242,1638.9796317690052
369862028,12,32,1640.0421317685395,1652.875453523826
369862028,38,83,2333.854319276754,2346.3334859414026
369862028,38,84,2347.2987637189217,2360.5487521416508
369862028,39,85,2361.770974363666,2374.8543076934293
369862028,39,86,2375.86125213746,2389.715407225769
369862028,67,141,3126.6363678723574,3133.1132197217084
369862028,67,141,3133.323867870029,3140.2497937935404
369862028,67,142,3140.460441941861,3147.703497495037
369862028,67,142,3147.91413406888,3154.395615548361
371122327,11,29,1596.7713100183755,1609.6879766830243
371122327,11,30,1610.7921433495358,1623.875465106219
371122327,38,83,2333.854319276754,2346.3334859414026
371122327,38,84,2347.2987637189217,2360.5487521416508
372228993,63,133,3014.3632776099257,3021.187351684552
372228993,63,133,3021.3979998328723,3027.3910438148305
372228993,63,134,3027.601691963151,3034.0901178894565
372228993,63,134,3034.300766037777,3040.8979882597923
372228993,64,135,3041.108636408113,3048.1132544633
372228993,64,135,3048.3239026116207,3054.752143351827
372228993,64,135,3054.754458166659,3055.078532240819
372228993,64,136,3055.289180388674,3062.21742112888
372228993,64,136,3062.428069277201,3068.029921127949
372228993,65,137,3068.7336248317733,3075.9674095525406
372228993,65,137,3076.178057700861,3083.47435399564
372228993,65,138,3083.685002143495,3087.4674095502123
372228993,65,138,3087.4697243650444,3090.252131771762
372228993,65,138,3090.462779919617,3096.58777991822
372515585,10,27,1569.4379882598296,1581.771321593318
372515585,10,28,1582.771321593318,1595.667143351864
372515585,12,31,1624.958798439242,1638.9796317690052
372515585,12,32,1640.0421317685395,1652.875453523826
372515585,37,81,2307.2362868711352,2319.0279419636354
372515585,37,82,2320.222386407666,2332.576553073246
372515585,38,83,2333.854319276754,2346.3334859414026
372515585,38,84,2347.2987637189217,2360.5487521416508
372515598,10,27,1569.4379882598296,1581.771321593318
372515598,10,28,1582.771321593318,1595.667143351864
372515598,11,29,1596.7713100183755,1609.6879766830243
372515598,11,30,1610.7921433495358,1623.875465106219
372515598,12,31,1624.958798439242,1638.9796317690052
372515598,12,32,1640.0421317685395,1652.875453523826
372515598,64,135,3041.108636408113,3048.1132544633
372515598,64,135,3048.3239026116207,3054.752143351827
372515598,64,135,3054.754458166659,3055.078532240819
372515598,64,136,3055.289180388674,3062.21742112888
372515598,64,136,3062.428069277201,3068.029921127949
372515598,65,137,3068.7336248317733,3075.9674095525406
372515598,65,137,3076.178057700861,3083.47435399564
372515598,65,138,3083.685002143495,3087.4674095502123
372515598,65,138,3087.4697243650444,3090.252131771762
372515598,65,138,3090.462779919617,3096.58777991822
372810731,10,27,1569.4379882598296,1581.771321593318
372810731,10,28,1582.771321593318,1595.667143351864
372810731,11,29,1596.7713100183755,1609.6879766830243
372810731,11,30,1610.7921433495358,1623.875465106219
372810731,65,137,3068.7336248317733,3075.9674095525406
372810731,65,137,3076.178057700861,3083.47435399564
372810731,65,138,3083.685002143495,3087.4674095502123
372810731,65,138,3087.4697243650444,3090.252131771762
372810731,65,138,3090.462779919617,3096.58777991822
374648559,12,31,1624.958798439242,1638.9796317690052
374648559,12,32,1640.0421317685395,1652.875453523826
374648559,65,137,3068.7336248317733,3075.9674095525406
374648559,65,137,3076.178057700861,3083.47435399564
374648559,65,138,3083.685002143495,3087.4674095502123
374648559,65,138,3087.4697243650444,3090.252131771762
374648559,65,138,3090.462779919617,3096.58777991822
374811843,12,31,1624.958798439242,1638.9796317690052
374811843,12,32,1640.0421317685395,1652.875453523826
374823554,12,31,1624.958798439242,1638.9796317690052
374823554,12,32,1640.0421317685395,1652.875453523826
375179245,63,133,3014.3632776099257,3021.187351684552
375179245,63,133,3021.3979998328723,3027.3910438148305
375179245,63,134,3027.601691963151,3034.0901178894565
375179245,63,134,3034.300766037777,3040.8979882597923
375179245,64,135,3041.108636408113,3048.1132544633
375179245,64,135,3048.3239026116207,3054.752143351827
375179245,64,135,3054.754458166659,3055.078532240819
375179245,64,136,3055.289180388674,3062.21742112888
375179245,64,136,3062.428069277201,3068.029921127949
375179245,66,139,3097.6687868623994,3104.88869426772
375179245,66,139,3105.0993424160406,3111.9743424137123
375179245,66,140,3112.184990562033,3119.076194263529
375179245,66,140,3119.2451757448725,3124.2405345398
375179245,66,140,3124.272941946984,3126.4257197240368
376008569,37,81,2307.2362868711352,2319.0279419636354
376008569,37,82,2320.222386407666,2332.576553073246
376175834,14,35,1683.3546086065471,1696.3754419358447
376175834,14,36,1697.3546086023562,1710.187930358108
378094374,12,31,1624.958798439242,1638.9796317690052
378094374,12,32,1640.0421317685395,1652.875453523826
378117290,37,81,2307.2362868711352,2319.0279419636354
378117290,37,82,2320.222386407666,2332.576553073246
378126824,10,27,1569.4379882598296,1581.771321593318
378126824,10,28,1582.771321593318,1595.667143351864
378126824,11,29,1596.7713100183755,1609.6879766830243
378126824,11,30,1610.7921433495358,1623.875465106219
378126824,36,79,2280.902965109796,2292.8543424261734
378126824,36,80,2293.7918424261734,2305.9862868711352
378126824,37,81,2307.2362868711352,2319.0279419636354
378126824,37,82,2320.222386407666,2332.576553073246
378126824,63,133,3014.3632776099257,3021.187351684552
378126824,63,133,3021.3979998328723,3027.3910438148305
378126824,63,134,3027.601691963151,3034.0901178894565
378126824,63,134,3034.300766037777,3040.8979882597923
378126824,64,135,3041.108636408113,3048.1132544633
378126824,64,135,3048.3239026116207,3054.752143351827
378126824,64,135,3054.754458166659,3055.078532240819
378126824,64,136,3055.289180388674,3062.21742112888
378126824,64,136,3062.428069277201,3068.029921127949
378413560,10,27,1569.4379882598296,1581.771321593318
378413560,10,28,1582.771321593318,1595.667143351864
378413560,11,29,1596.7713100183755,1609.6879766830243
378413560,11,30,1610.7921433495358,1623.875465106219
378413560,63,133,3014.3632776099257,3021.187351684552
378413560,63,133,3021.3979998328723,3027.3910438148305
378413560,63,134,3027.601691963151,3034.0901178894565
378413560,63,134,3034.300766037777,3040.8979882597923
378413560,64,135,3041.108636408113,3048.1132544633
378413560,64,135,3048.3239026116207,3054.752143351827
378413560,64,135,3054.754458166659,3055.078532240819
378413560,64,136,3055.289180388674,3062.21742112888
378413560,64,136,3062.428069277201,3068.029921127949
378804584,10,27,1569.4379882598296,1581.771321593318
378804584,10,28,1582.771321593318,1595.667143351864
378804584,37,81,2307.2362868711352,2319.0279419636354
378804584,37,82,2320.222386407666,2332.576553073246
378804584,38,83,2333.854319276754,2346.3334859414026
378804584,38,84,2347.2987637189217,2360.5487521416508
379593781,11,29,1596.7713100183755,1609.6879766830243
379593781,11,30,1610.7921433495358,1623.875465106219
379769581,11,29,1596.7713100183755,1609.6879766830243
379769581,11,30,1610.7921433495358,1623.875465106219
379769581,64,135,3041.108636408113,3048.1132544633
379769581,64,135,3048.3239026116207,3054.752143351827
379769581,64,135,3054.754458166659,3055.078532240819
379769581,64,136,3055.289180388674,3062.21742112888
379769581,64,136,3062.428069277201,3068.029921127949
379769581,65,137,3068.7336248317733,3075.9674095525406
379769581,65,137,3076.178057700861,3083.47435399564
379769581,65,138,3083.685002143495,3087.4674095502123
379769581,65,138,3087.4697243650444,3090.252131771762
379769581,65,138,3090.462779919617,3096.58777991822
379953991,62,131,2988.435048438143,2994.881807698868
379953991,62,131,2995.092455847189,3000.9234627927653
379953991,62,132,3001.134110941086,3007.53457390517
379953991,62,132,3007.7452220534906,3014.152629461605
380679651,10,27,1569.4379882598296,1581.771321593318
380679651,10,28,1582.771321593318,1595.667143351864
380679651,11,29,1596.7713100183755,1609.6879766830243
380679651,11,30,1610.7921433495358,1623.875465106219
381377851,38,83,2333.854319276754,2346.3334859414026
381377851,38,84,2347.2987637189217,2360.5487521416508
381838186,11,29,1596.7713100183755,1609.6879766830243
381838186,11,30,1610.7921433495358,1623.875465106219
381838186,64,135,3041.108636408113,3048.1132544633
381838186,64,135,3048.3239026116207,3054.752143351827
381838186,64,135,3054.754458166659,3055.078532240819
381838186,64,136,3055.289180388674,3062.21742112888
381838186,64,136,3062.428069277201,3068.029921127949
381838186,65,137,3068.7336248317733,3075.9674095525406
381838186,65,137,3076.178057700861,3083.47435399564
381838186,65,138,3083.685002143495,3087.4674095502123
381838186,65,138,3087.4697243650444,3090.252131771762
381838186,65,138,3090.462779919617,3096.58777991822
381849249,58,123,2882.323983593378,2889.4235206316225
381849249,58,123,2889.634168779477,2896.0554535030387
381849249,58,124,2896.26610165136,2903.38415720826
381849249,58,124,2903.5948053565808,2910.048509061802
381949410,4,15,1410.917224333156,1413.2505576666445
381949410,4,15,1413.2713909996671,1418.4797243336216
381949410,4,15,1421.2297243340872,1423.5005576675758
381949410,4,16,1424.5630576680414,1436.833879429381
381949410,5,17,1437.97971276287,1450.1880460991524
381949410,5,18,1451.563046099618,1464.2713678628206
381949410,6,19,1468.2713678642176,1477.0213678670116
381949410,6,20,1478.1047012005,1490.0421896306798
381949410,7,21,1491.625522964634,1503.0213563013822
381949410,7,22,1504.7088563023135,1516.0838447315618
381949410,8,23,1517.354678065516,1529.0630114017986
381949410,8,24,1530.2713447352871,1531.7296780692411
381949410,8,24,1535.0005114031956,1542.0004998305812
381949410,9,25,1543.2296664975584,1555.542166499421
381949410,9,26,1556.729666499421,1568.458821593318
381949410,10,27,1569.4379882598296,1581.771321593318
381949410,10,28,1582.771321593318,1595.667143351864
381949410,12,31,1624.958798439242,1638.9796317690052
381949410,12,32,1640.0421317685395,1652.875453523826
381949410,13,33,1653.9171201903373,1667.6879535191692
381949410,13,34,1668.6254535187036,1682.3546086070128
381949410,27,61,2036.2780692591327,2048.125279903412
381949410,27,62,2049.1530576804653,2060.6391687882133
381949410,28,63,2061.847502121236,2073.958601654973
381949410,28,64,2075.1530460990034,2087.0974905407056
381949410,29,65,2088.2363794292323,2101.375256741885
381949410,29,66,2102.326645630412,2114.430812295992
381949410,30,67,2115.882201184518,2129.139134054538
381949410,30,68,2130.208578499034,2143.222467388492
381949410,31,69,2144.514134055469,2157.451622482855
381949410,31,70,2158.861344705336,2169.944678040687
381949410,32,71,2174.222455819603,2185.9377220263705
381949410,32,72,2186.9446664713323,2200.2293886975385
381949410,33,73,2201.729388698004,2213.86132157268
381949410,33,74,2215.430766017642,2227.5696549103595
381949410,34,75,2228.750210466329,2240.902976674028
381949410,34,76,2241.9863100075163,2254.062698900234
381949410,35,77,2254.9863100117072,2266.1043539959937
381949410,35,77,2266.3751873290166,2267.146020662505
381949410,35,78,2268.583520662971,2279.979353998322
381949410,36,79,2280.902965109796,2292.8543424261734
381949410,36,80,2293.7918424261734,2305.9862868711352
381949410,37,81,2307.2362868711352,2319.0279419636354
381949410,37,82,2320.222386407666,2332.576553073246
381949410,38,83,2333.854319276754,2346.3334859414026
381949410,38,84,2347.2987637189217,2360.5487521416508
381949410,39,85,2361.770974363666,2374.8543076934293
381949410,39,86,2375.86125213746,2389.715407225769
381949410,61,129,2962.7938563008797,2969.3332081544213
381949410,61,129,2969.543856302742,2975.1966225081123
381949410,61,130,2975.407270656433,2982.1896780659445
381949410,61,130,2982.400326214265,2988.2244002898224
381949410,62,131,2988.435048438143,2994.881807698868
381949410,62,131,2995.092455847189,3000.9234627927653
381949410,62,132,3001.134110941086,3007.53457390517
381949410,62,132,3007.7452220534906,3014.152629461605
381949410,63,133,3014.3632776099257,3021.187351684552
381949410,63,133,3021.3979998328723,3027.3910438148305
381949410,63,134,3027.601691963151,3034.0901178894565
381949410,63,134,3034.300766037777,3040.8979882597923
381949410,64,135,3041.108636408113,3048.1132544633
381949410,64,135,3048.3239026116207,3054.752143351827
381949410,64,135,3054.754458166659,3055.078532240819
381949410,64,136,3055.289180388674,3062.21742112888
381949410,64,136,3062.428069277201,3068.029921127949
381949410,65,137,3068.7336248317733,3075.9674095525406
381949410,65,137,3076.178057700861,3083.47435399564
381949410,65,138,3083.685002143495,3087.4674095502123
381949410,65,138,3087.4697243650444,3090.252131771762
381949410,65,138,3090.462779919617,3096.58777991822
381949410,66,139,3097.6687868623994,3104.88869426772
381949410,66,139,3105.0993424160406,3111.9743424137123
381949410,66,140,3112.184990562033,3119.076194263529
381949410,66,140,3119.2451757448725,3124.2405345398
381949410,66,140,3124.272941946984,3126.4257197240368
381949410,67,141,3126.6363678723574,3133.1132197217084
381949410,67,141,3133.323867870029,3140.2497937935404
381949410,67,142,3140.460441941861,3147.703497495037
381949410,67,142,3147.91413406888,3154.395615548361
382043650,3,13,1381.7089025736786,1382.5214025736786
382043650,3,13,1382.6047359071672,1383.62556924019
382043650,3,13,1383.6672359071672,1384.2714025736786
382043650,3,13,1384.31306924019,1385.87556924019
382043650,3,13,1385.93806924019,1395.4380692397244
382043650,3,13,1395.583902573213,1396.458902573213
382043650,3,13,1396.5005692397244,1396.5630692397244
382043650,3,14,1396.646402573213,1409.3755576661788
382043650,4,15,1410.917224333156,1413.2505576666445
382043650,4,15,1413.2713909996671,1418.4797243336216
382043650,4,15,1421.2297243340872,1423.5005576675758
382043650,4,16,1424.5630576680414,1436.833879429381
382043650,5,17,1437.97971276287,1450.1880460991524
382043650,5,18,1451.563046099618,1464.2713678628206
382043650,6,19,1468.2713678642176,1477.0213678670116
382043650,6,20,1478.1047012005,1490.0421896306798
382043650,7,21,1491.625522964634,1503.0213563013822
382043650,7,22,1504.7088563023135,1516.0838447315618
382043650,10,27,1569.4379882598296,1581.771321593318
382043650,10,28,1582.771321593318,1595.667143351864
382043650,13,33,1653.9171201903373,1667.6879535191692
382043650,13,34,1668.6254535187036,1682.3546086070128
382043650,27,61,2036.2780692591327,2048.125279903412
382043650,27,62,2049.1530576804653,2060.6391687882133
382043650,30,67,2115.882201184518,2129.139134054538
382043650,30,68,2130.208578499034,2143.222467388492
382043650,31,69,2144.514134055469,2157.451622482855
382043650,31,70,2158.861344705336,2169.944678040687
382043650,32,71,2174.222455819603,2185.9377220263705
382043650,32,72,2186.9446664713323,2200.2293886975385
382043650,33,73,2201.729388698004,2213.86132157268
382043650,33,74,2215.430766017642,2227.5696549103595
382043650,36,79,2280.902965109796,2292.8543424261734
382043650,36,80,2293.7918424261734,2305.9862868711352
382043650,37,81,2307.2362868711352,2319.0279419636354
382043650,37,82,2320.222386407666,2332.576553073246
382043650,64,135,3041.108636408113,3048.1132544633
382043650,64,135,3048.3239026116207,3054.752143351827
382043650,64,135,3054.754458166659,3055.078532240819
382043650,64,136,3055.289180388674,3062.21742112888
382043650,64,136,3062.428069277201,3068.029921127949
382043650,65,137,3068.7336248317733,3075.9674095525406
382043650,65,137,3076.178057700861,3083.47435399564
382043650,65,138,3083.685002143495,3087.4674095502123
382043650,65,138,3087.4697243650444,3090.252131771762
382043650,65,138,3090.462779919617,3096.58777991822
382043650,66,139,3097.6687868623994,3104.88869426772
382043650,66,139,3105.0993424160406,3111.9743424137123
382043650,66,140,3112.184990562033,3119.076194263529
382043650,66,140,3119.2451757448725,3124.2405345398
382043650,66,140,3124.272941946984,3126.4257197240368
382043650,67,141,3126.6363678723574,3133.1132197217084
382043650,67,141,3133.323867870029,3140.2497937935404
382043650,67,142,3140.460441941861,3147.703497495037
382043650,67,142,3147.91413406888,3154.395615548361
382407397,37,81,2307.2362868711352,2319.0279419636354
382407397,37,82,2320.222386407666,2332.576553073246
382407397,38,83,2333.854319276754,2346.3334859414026
382407397,38,84,2347.2987637189217,2360.5487521416508
382407397,64,135,3041.108636408113,3048.1132544633
382407397,64,135,3048.3239026116207,3054.752143351827
382407397,64,135,3054.754458166659,3055.078532240819
382407397,64,136,3055.289180388674,3062.21742112888
382407397,64,136,3062.428069277201,3068.029921127949
382407397,65,137,3068.7336248317733,3075.9674095525406
382407397,65,137,3076.178057700861,3083.47435399564
382407397,65,138,3083.685002143495,3087.4674095502123
382407397,65,138,3087.4697243650444,3090.252131771762
382407397,65,138,3090.462779919617,3096.58777991822
382407573,11,29,1596.7713100183755,1609.6879766830243
382407573,11,30,1610.7921433495358,1623.875465106219
382619547,11,29,1596.7713100183755,1609.6879766830243
382619547,11,30,1610.7921433495358,1623.875465106219
382619547,37,81,2307.2362868711352,2319.0279419636354
382619547,37,82,2320.222386407666,2332.576553073246
382619547,38,83,2333.854319276754,2346.3334859414026
382619547,38,84,2347.2987637189217,2360.5487521416508
382624902,1,9,1325.3130924007855,1338.5214257300831
382624902,1,10,1339.6672474890947,1353.167247485835
382624902,2,11,1354.1047474853694,1367.1464141495526
382624902,2,12,1368.6047359085642,1381.5005692406558
382624902,4,15,1410.917224333156,1413.2505576666445
382624902,4,15,1413.2713909996671,1418.4797243336216
382624902,4,15,1421.2297243340872,1423.5005576675758
382624902,4,16,1424.5630576680414,1436.833879429381
382624902,5,17,1437.97971276287,1450.1880460991524
382624902,5,18,1451.563046099618,1464.2713678628206
382624902,7,21,1491.625522964634,1503.0213563013822
382624902,7,22,1504.7088563023135,1516.0838447315618
382624902,8,23,1517.354678065516,1529.0630114017986
382624902,8,24,1530.2713447352871,1531.7296780692411
382624902,8,24,1535.0005114031956,1542.0004998305812
382624902,9,25,1543.2296664975584,1555.542166499421
382624902,9,26,1556.729666499421,1568.458821593318
382624902,10,27,1569.4379882598296,1581.771321593318
382624902,10,28,1582.771321593318,1595.667143351864
382624902,11,29,1596.7713100183755,1609.6879766830243
382624902,11,30,1610.7921433495358,1623.875465106219
382624902,12,31,1624.958798439242,1638.9796317690052
382624902,12,32,1640.0421317685395,1652.875453523826
382624902,27,61,2036.2780692591327,2048.125279903412
382624902,27,62,2049.1530576804653,2060.6391687882133
382624902,28,63,2061.847502121236,2073.958601654973
382624902,28,64,2075.1530460990034,2087.0974905407056
382624902,30,67,2115.882201184518,2129.139134054538
382624902,30,68,2130.208578499034,2143.222467388492
382624902,31,69,2144.514134055469,2157.451622482855
382624902,31,70,2158.861344705336,2169.944678040687
382624902,32,71,2174.222455819603,2185.9377220263705
382624902,32,72,2186.9446664713323,2200.2293886975385
382624902,34,75,2228.750210466329,2240.902976674028
382624902,34,76,2241.9863100075163,2254.062698900234
382624902,35,77,2254.9863100117072,2266.1043539959937
382624902,35,77,2266.3751873290166,2267.146020662505
382624902,35,78,2268.583520662971,2279.979353998322
382624902,37,81,2307.2362868711352,2319.0279419636354
382624902,37,82,2320.222386407666,2332.576553073246
382624902,38,83,2333.854319276754,2346.3334859414026
382624902,38,84,2347.2987637189217,2360.5487521416508
383632304,38,83,2333.854319276754,2346.3334859414026
383632304,38,84,2347.2987637189217,2360.5487521416508
383664368,8,23,1517.354678065516,1529.0630114017986
383664368,8,24,1530.2713447352871,1531.7296780692411
383664368,8,24,1535.0005114031956,1542.0004998305812
383664368,9,25,1543.2296664975584,1555.542166499421
383664368,9,26,1556.729666499421,1568.458821593318
383664368,10,27,1569.4379882598296,1581.771321593318
383664368,10,28,1582.771321593318,1595.667143351864
383664368,35,77,2254.9863100117072,2266.1043539959937
383664368,35,77,2266.3751873290166,2267.146020662505
383664368,35,78,2268.583520662971,2279.979353998322
383664368,36,79,2280.902965109796,2292.8543424261734
383664368,36,80,2293.7918424261734,2305.9862868711352
383664368,37,81,2307.2362868711352,2319.0279419636354
383664368,37,82,2320.222386407666,2332.576553073246
383664368,63,133,3014.3632776099257,3021.187351684552
383664368,63,133,3021.3979998328723,3027.3910438148305
383664368,63,134,3027.601691963151,3034.0901178894565
383664368,63,134,3034.300766037777,3040.8979882597923
383952870,35,77,2254.9863100117072,2266.1043539959937
383952870,35,77,2266.3751873290166,2267.146020662505
383952870,35,78,2268.583520662971,2279.979353998322
383952870,36,79,2280.902965109796,2292.8543424261734
383952870,36,80,2293.7918424261734,2305.9862868711352
383952870,37,81,2307.2362868711352,2319.0279419636354
383952870,37,82,2320.222386407666,2332.576553073246
383952870,62,131,2988.435048438143,2994.881807698868
383952870,62,131,2995.092455847189,3000.9234627927653
383952870,62,132,3001.134110941086,3007.53457390517
383952870,62,132,3007.7452220534906,3014.152629461605
383952870,63,133,3014.3632776099257,3021.187351684552
383952870,63,133,3021.3979998328723,3027.3910438148305
383952870,63,134,3027.601691963151,3034.0901178894565
383952870,63,134,3034.300766037777,3040.8979882597923
383952870,64,135,3041.108636408113,3048.1132544633
383952870,64,135,3048.3239026116207,3054.752143351827
383952870,64,135,3054.754458166659,3055.078532240819
383952870,64,136,3055.289180388674,3062.21742112888
383952870,64,136,3062.428069277201,3068.029921127949
384064144,65,137,3068.7336248317733,3075.9674095525406
384064144,65,137,3076.178057700861,3083.47435399564
384064144,65,138,3083.685002143495,3087.4674095502123
384064144,65,138,3087.4697243650444,3090.252131771762
384064144,65,138,3090.462779919617,3096.58777991822
384064144,66,139,3097.6687868623994,3104.88869426772
384064144,66,139,3105.0993424160406,3111.9743424137123
384064144,66,140,3112.184990562033,3119.076194263529
384064144,66,140,3119.2451757448725,3124.2405345398
384064144,66,140,3124.272941946984,3126.4257197240368
384152961,66,139,3097.6687868623994,3104.88869426772
384152961,66,139,3105.0993424160406,3111.9743424137123
384152961,66,140,3112.184990562033,3119.076194263529
384152961,66,140,3119.2451757448725,3124.2405345398
384152961,66,140,3124.272941946984,3126.4257197240368
384294724,66,139,3097.6687868623994,3104.88869426772
384294724,66,139,3105.0993424160406,3111.9743424137123
384294724,66,140,3112.184990562033,3119.076194263529
384294724,66,140,3119.2451757448725,3124.2405345398
384294724,66,140,3124.272941946984,3126.4257197240368
384604627,66,139,3097.6687868623994,3104.88869426772
384604627,66,139,3105.0993424160406,3111.9743424137123
384604627,66,140,3112.184990562033,3119.076194263529
384604627,66,140,3119.2451757448725,3124.2405345398
384604627,66,140,3124.272941946984,3126.4257197240368
384800468,66,139,3097.6687868623994,3104.88869426772
384800468,66,139,3105.0993424160406,3111.9743424137123
384800468,66,140,3112.184990562033,3119.076194263529
384800468,66,140,3119.2451757448725,3124.2405345398
384800468,66,140,3124.272941946984,3126.4257197240368
384821509,66,139,3097.6687868623994,3104.88869426772
384821509,66,139,3105.0993424160406,3111.9743424137123
384821509,66,140,3112.184990562033,3119.076194263529
384821509,66,140,3119.2451757448725,3124.2405345398
384821509,66,140,3124.272941946984,3126.4257197240368
384830195,58,123,2882.323983593378,2889.4235206316225
384830195,58,123,2889.634168779477,2896.0554535030387
384830195,58,124,2896.26610165136,2903.38415720826
384830195,58,124,2903.5948053565808,2910.048509061802
384830195,59,125,2910.259157210123,2916.742953508161
384830195,59,125,2916.9536016564816,2917.7707312861457
384830195,59,125,2917.77536091581,2923.347108602524
384830195,59,126,2923.5577567508444,2930.277664160356
384830195,59,126,2930.4883123086765,2936.6873863846995
384950919,9,25,1543.2296664975584,1555.542166499421
384950919,9,26,1556.729666499421,1568.458821593318
384950919,10,27,1569.4379882598296,1581.771321593318
384950919,10,28,1582.771321593318,1595.667143351864
384950919,35,77,2254.9863100117072,2266.1043539959937
384950919,35,77,2266.3751873290166,2267.146020662505
384950919,35,78,2268.583520662971,2279.979353998322
384950919,36,79,2280.902965109796,2292.8543424261734
384950919,36,80,2293.7918424261734,2305.9862868711352
384950919,37,81,2307.2362868711352,2319.0279419636354
384950919,37,82,2320.222386407666,2332.576553073246
384950919,62,131,2988.435048438143,2994.881807698868
384950919,62,131,2995.092455847189,3000.9234627927653
384950919,62,132,3001.134110941086,3007.53457390517
384950919,62,132,3007.7452220534906,3014.152629461605
384950919,64,135,3041.108636408113,3048.1132544633
384950919,64,135,3048.3239026116207,3054.752143351827
384950919,64,135,3054.754458166659,3055.078532240819
384950919,64,136,3055.289180388674,3062.21742112888
384950919,64,136,3062.428069277201,3068.029921127949
384984325,18,43,1790.6670622974634,1791.1045622974634
384984325,18,43,1791.375395630952,1802.4378956332805
384984325,18,44,1803.4587289667688,1815.0212173955515
384985967,58,123,2882.323983593378,2889.4235206316225
384985967,58,123,2889.634168779477,2896.0554535030387
384985967,58,124,2896.26610165136,2903.38415720826
384985967,58,124,2903.5948053565808,2910.048509061802
385012516,9,25,1543.2296664975584,1555.542166499421
385012516,9,26,1556.729666499421,1568.458821593318
385012516,10,27,1569.4379882598296,1581.771321593318
385012516,10,28,1582.771321593318,1595.667143351864
385012516,35,77,2254.9863100117072,2266.1043539959937
385012516,35,77,2266.3751873290166,2267.146020662505
385012516,35,78,2268.583520662971,2279.979353998322
385012516,36,79,2280.902965109796,2292.8543424261734
385012516,36,80,2293.7918424261734,2305.9862868711352
385012516,37,81,2307.2362868711352,2319.0279419636354
385012516,37,82,2320.222386407666,2332.576553073246
385012516,62,131,2988.435048438143,2994.881807698868
385012516,62,131,2995.092455847189,3000.9234627927653
385012516,62,132,3001.134110941086,3007.53457390517
385012516,62,132,3007.7452220534906,3014.152629461605
385012516,63,133,3014.3632776099257,3021.187351684552
385012516,63,133,3021.3979998328723,3027.3910438148305
385012516,63,134,3027.601691963151,3034.0901178894565
385012516,63,134,3034.300766037777,3040.8979882597923
385040964,58,123,2882.323983593378,2889.4235206316225
385040964,58,123,2889.634168779477,2896.0554535030387
385040964,58,124,2896.26610165136,2903.38415720826
385040964,58,124,2903.5948053565808,2910.048509061802
385041419,58,123,2882.323983593378,2889.4235206316225
385041419,58,123,2889.634168779477,2896.0554535030387
385041419,58,124,2896.26610165136,2903.38415720826
385041419,58,124,2903.5948053565808,2910.048509061802
385245910,58,123,2882.323983593378,2889.4235206316225
385245910,58,123,2889.634168779477,2896.0554535030387
385245910,58,124,2896.26610165136,2903.38415720826
385245910,58,124,2903.5948053565808,2910.048509061802
385258947,58,123,2882.323983593378,2889.4235206316225
385258947,58,123,2889.634168779477,2896.0554535030387
385258947,58,124,2896.26610165136,2903.38415720826
385258947,58,124,2903.5948053565808,2910.048509061802
385344085,58,123,2882.323983593378,2889.4235206316225
385344085,58,123,2889.634168779477,2896.0554535030387
385344085,58,124,2896.26610165136,2903.38415720826
385344085,58,124,2903.5948053565808,2910.048509061802
385344085,59,125,2910.259157210123,2916.742953508161
385344085,59,125,2916.9536016564816,2917.7707312861457
385344085,59,125,2917.77536091581,2923.347108602524
385344085,59,126,2923.5577567508444,2930.277664160356
385344085,59,126,2930.4883123086765,2936.6873863846995
385345787,58,123,2882.323983593378,2889.4235206316225
385345787,58,123,2889.634168779477,2896.0554535030387
385345787,58,124,2896.26610165136,2903.38415720826
385345787,58,124,2903.5948053565808,2910.048509061802
385345787,59,125,2910.259157210123,2916.742953508161
385345787,59,125,2916.9536016564816,2917.7707312861457
385345787,59,125,2917.77536091581,2923.347108602524
385345787,59,126,2923.5577567508444,2930.277664160356
385345787,59,126,2930.4883123086765,2936.6873863846995
385408979,58,123,2882.323983593378,2889.4235206316225
385408979,58,123,2889.634168779477,2896.0554535030387
385408979,58,124,2896.26610165136,2903.38415720826
385408979,58,124,2903.5948053565808,2910.048509061802
385408979,59,125,2910.259157210123,2916.742953508161
385408979,59,125,2916.9536016564816,2917.7707312861457
385408979,59,125,2917.77536091581,2923.347108602524
385408979,59,126,2923.5577567508444,2930.277664160356
385408979,59,126,2930.4883123086765,2936.6873863846995
385506258,43,93,2474.166761370376,2486.1250831289217
385506258,43,94,2487.180638684425,2498.888972017914
385506258,58,123,2882.323983593378,2889.4235206316225
385506258,58,123,2889.634168779477,2896.0554535030387
385506258,58,124,2896.26610165136,2903.38415720826
385506258,58,124,2903.5948053565808,2910.048509061802
385508264,42,91,2447.687606282532,2460.3056502612308
385508264,42,92,2461.2362058167346,2473.159816926345
385508264,43,93,2474.166761370376,2486.1250831289217
385508264,43,94,2487.180638684425,2498.888972017914
385508264,44,95,2500.1875831289217,2511.7223053518683
385508264,44,96,2513.2014604443684,2519.4167382232845
385508264,44,96,2519.4236826677807,2524.4375715572387
385508618,42,91,2447.687606282532,2460.3056502612308
385508618,42,92,2461.2362058167346,2473.159816926345
385508618,43,93,2474.166761370376,2486.1250831289217
385508618,43,94,2487.180638684425,2498.888972017914
385508618,44,95,2500.1875831289217,2511.7223053518683
385508618,44,96,2513.2014604443684,2519.4167382232845
385508618,44,96,2519.4236826677807,2524.4375715572387
385508622,42,91,2447.687606282532,2460.3056502612308
385508622,42,92,2461.2362058167346,2473.159816926345
385508622,44,95,2500.1875831289217,2511.7223053518683
385508622,44,96,2513.2014604443684,2519.4167382232845
385508622,44,96,2519.4236826677807,2524.4375715572387
385508704,44,95,2500.1875831289217,2511.7223053518683
385508704,44,96,2513.2014604443684,2519.4167382232845
385508704,44,96,2519.4236826677807,2524.4375715572387
385508852,42,91,2447.687606282532,2460.3056502612308
385508852,42,92,2461.2362058167346,2473.159816926345
385508852,43,93,2474.166761370376,2486.1250831289217
385508852,43,94,2487.180638684425,2498.888972017914
385508852,44,95,2500.1875831289217,2511.7223053518683
385508852,44,96,2513.2014604443684,2519.4167382232845
385508852,44,96,2519.4236826677807,2524.4375715572387
385508854,42,91,2447.687606282532,2460.3056502612308
385508854,42,92,2461.2362058167346,2473.159816926345
385508854,43,93,2474.166761370376,2486.1250831289217
385508854,43,94,2487.180638684425,2498.888972017914
385508854,44,95,2500.1875831289217,2511.7223053518683
385508854,44,96,2513.2014604443684,2519.4167382232845
385508854,44,96,2519.4236826677807,2524.4375715572387
385508943,42,91,2447.687606282532,2460.3056502612308
385508943,42,92,2461.2362058167346,2473.159816926345
385508943,43,93,2474.166761370376,2486.1250831289217
385508943,43,94,2487.180638684425,2498.888972017914
385509004,43,93,2474.166761370376,2486.1250831289217
385509004,43,94,2487.180638684425,2498.888972017914
385509057,43,93,2474.166761370376,2486.1250831289217
385509057,43,94,2487.180638684425,2498.888972017914
385509109,42,91,2447.687606282532,2460.3056502612308
385509109,42,92,2461.2362058167346,2473.159816926345
385509159,43,93,2474.166761370376,2486.1250831289217
385509159,43,94,2487.180638684425,2498.888972017914
385509159,44,95,2500.1875831289217,2511.7223053518683
385509159,44,96,2513.2014604443684,2519.4167382232845
385509159,44,96,2519.4236826677807,2524.4375715572387
385509305,42,91,2447.687606282532,2460.3056502612308
385509305,42,92,2461.2362058167346,2473.159816926345
385509305,43,93,2474.166761370376,2486.1250831289217
385509305,43,94,2487.180638684425,2498.888972017914
385509405,42,91,2447.687606282532,2460.3056502612308
385509405,42,92,2461.2362058167346,2473.159816926345
385509405,43,93,2474.166761370376,2486.1250831289217
385509405,43,94,2487.180638684425,2498.888972017914
385509435,43,93,2474.166761370376,2486.1250831289217
385509435,43,94,2487.180638684425,2498.888972017914
385552109,43,93,2474.166761370376,2486.1250831289217
385552109,43,94,2487.180638684425,2498.888972017914
385552109,44,95,2500.1875831289217,2511.7223053518683
385552109,44,96,2513.2014604443684,2519.4167382232845
385552109,44,96,2519.4236826677807,2524.4375715572387
385552163,42,91,2447.687606282532,2460.3056502612308
385552163,42,92,2461.2362058167346,2473.159816926345
385552163,43,93,2474.166761370376,2486.1250831289217
385552163,43,94,2487.180638684425,2498.888972017914
385552163,44,95,2500.1875831289217,2511.7223053518683
385552163,44,96,2513.2014604443684,2519.4167382232845
385552163,44,96,2519.4236826677807,2524.4375715572387
385552187,42,91,2447.687606282532,2460.3056502612308
385552187,42,92,2461.2362058167346,2473.159816926345
385552187,43,93,2474.166761370376,2486.1250831289217
385552187,43,94,2487.180638684425,2498.888972017914
385552187,44,95,2500.1875831289217,2511.7223053518683
385552187,44,96,2513.2014604443684,2519.4167382232845
385552187,44,96,2519.4236826677807,2524.4375715572387
385552195,42,91,2447.687606282532,2460.3056502612308
385552195,42,92,2461.2362058167346,2473.159816926345
385552242,42,91,2447.687606282532,2460.3056502612308
385552242,42,92,2461.2362058167346,2473.159816926345
385552242,44,95,2500.1875831289217,2511.7223053518683
385552242,44,96,2513.2014604443684,2519.4167382232845
385552242,44,96,2519.4236826677807,2524.4375715572387
385552281,44,95,2500.1875831289217,2511.7223053518683
385552281,44,96,2513.2014604443684,2519.4167382232845
385552281,44,96,2519.4236826677807,2524.4375715572387
385552287,43,93,2474.166761370376,2486.1250831289217
385552287,43,94,2487.180638684425,2498.888972017914
385552287,44,95,2500.1875831289217,2511.7223053518683
385552287,44,96,2513.2014604443684,2519.4167382232845
385552287,44,96,2519.4236826677807,2524.4375715572387
385552305,43,93,2474.166761370376,2486.1250831289217
385552305,43,94,2487.180638684425,2498.888972017914
385552421,42,91,2447.687606282532,2460.3056502612308
385552421,42,92,2461.2362058167346,2473.159816926345
385552421,43,93,2474.166761370376,2486.1250831289217
385552421,43,94,2487.180638684425,2498.888972017914
385552421,44,95,2500.1875831289217,2511.7223053518683
385552421,44,96,2513.2014604443684,2519.4167382232845
385552421,44,96,2519.4236826677807,2524.4375715572387
385552440,43,93,2474.166761370376,2486.1250831289217
385552440,43,94,2487.180638684425,2498.888972017914
385552440,44,95,2500.1875831289217,2511.7223053518683
385552440,44,96,2513.2014604443684,2519.4167382232845
385552440,44,96,2519.4236826677807,2524.4375715572387
385552466,44,95,2500.1875831289217,2511.7223053518683
385552466,44,96,2513.2014604443684,2519.4167382232845
385552466,44,96,2519.4236826677807,2524.4375715572387
385552485,42,91,2447.687606282532,2460.3056502612308
385552485,42,92,2461.2362058167346,2473.159816926345
385552720,42,91,2447.687606282532,2460.3056502612308
385552720,42,92,2461.2362058167346,2473.159816926345
385552720,43,93,2474.166761370376,2486.1250831289217
385552720,43,94,2487.180638684425,2498.888972017914
385552744,42,91,2447.687606282532,2460.3056502612308
385552744,42,92,2461.2362058167346,2473.159816926345
385552744,44,95,2500.1875831289217,2511.7223053518683
385552744,44,96,2513.2014604443684,2519.4167382232845
385552744,44,96,2519.4236826677807,2524.4375715572387
385552801,42,91,2447.687606282532,2460.3056502612308
385552801,42,92,2461.2362058167346,2473.159816926345
385552801,43,93,2474.166761370376,2486.1250831289217
385552801,43,94,2487.180638684425,2498.888972017914
385552820,42,91,2447.687606282532,2460.3056502612308
385552820,42,92,2461.2362058167346,2473.159816926345
385552820,43,93,2474.166761370376,2486.1250831289217
385552820,43,94,2487.180638684425,2498.888972017914
385552820,44,95,2500.1875831289217,2511.7223053518683
385552820,44,96,2513.2014604443684,2519.4167382232845
385552820,44,96,2519.4236826677807,2524.4375715572387
385553257,43,93,2474.166761370376,2486.1250831289217
385553257,43,94,2487.180638684425,2498.888972017914
385553288,42,91,2447.687606282532,2460.3056502612308
385553288,42,92,2461.2362058167346,2473.159816926345
385558153,42,91,2447.687606282532,2460.3056502612308
385558153,42,92,2461.2362058167346,2473.159816926345
385558153,43,93,2474.166761370376,2486.1250831289217
385558153,43,94,2487.180638684425,2498.888972017914
385558153,44,95,2500.1875831289217,2511.7223053518683
385558153,44,96,2513.2014604443684,2519.4167382232845
385558153,44,96,2519.4236826677807,2524.4375715572387
385558399,43,93,2474.166761370376,2486.1250831289217
385558399,43,94,2487.180638684425,2498.888972017914
385558399,44,95,2500.1875831289217,2511.7223053518683
385558399,44,96,2513.2014604443684,2519.4167382232845
385558399,44,96,2519.4236826677807,2524.4375715572387
385558563,42,91,2447.687606282532,2460.3056502612308
385558563,42,92,2461.2362058167346,2473.159816926345
385558563,43,93,2474.166761370376,2486.1250831289217
385558563,43,94,2487.180638684425,2498.888972017914
385558563,44,95,2500.1875831289217,2511.7223053518683
385558563,44,96,2513.2014604443684,2519.4167382232845
385558563,44,96,2519.4236826677807,2524.4375715572387
385558575,43,93,2474.166761370376,2486.1250831289217
385558575,43,94,2487.180638684425,2498.888972017914
385558575,44,95,2500.1875831289217,2511.7223053518683
385558575,44,96,2513.2014604443684,2519.4167382232845
385558575,44,96,2519.4236826677807,2524.4375715572387
385589317,42,91,2447.687606282532,2460.3056502612308
385589317,42,92,2461.2362058167346,2473.159816926345
385589317,44,95,2500.1875831289217,2511.7223053518683
385589317,44,96,2513.2014604443684,2519.4167382232845
385589317,44,96,2519.4236826677807,2524.4375715572387
385589319,42,91,2447.687606282532,2460.3056502612308
385589319,42,92,2461.2362058167346,2473.159816926345
385589319,43,93,2474.166761370376,2486.1250831289217
385589319,43,94,2487.180638684425,2498.888972017914
385589319,44,95,2500.1875831289217,2511.7223053518683
385589319,44,96,2513.2014604443684,2519.4167382232845
385589319,44,96,2519.4236826677807,2524.4375715572387
385589386,42,91,2447.687606282532,2460.3056502612308
385589386,42,92,2461.2362058167346,2473.159816926345
385589386,43,93,2474.166761370376,2486.1250831289217
385589386,43,94,2487.180638684425,2498.888972017914
385589435,44,95,2500.1875831289217,2511.7223053518683
385589435,44,96,2513.2014604443684,2519.4167382232845
385589435,44,96,2519.4236826677807,2524.4375715572387
385589524,42,91,2447.687606282532,2460.3056502612308
385589524,42,92,2461.2362058167346,2473.159816926345
385589524,43,93,2474.166761370376,2486.1250831289217
385589524,43,94,2487.180638684425,2498.888972017914
385589578,42,91,2447.687606282532,2460.3056502612308
385589578,42,92,2461.2362058167346,2473.159816926345
385589578,43,93,2474.166761370376,2486.1250831289217
385589578,43,94,2487.180638684425,2498.888972017914
385589609,44,95,2500.1875831289217,2511.7223053518683
385589609,44,96,2513.2014604443684,2519.4167382232845
385589609,44,96,2519.4236826677807,2524.4375715572387
385590112,42,91,2447.687606282532,2460.3056502612308
385590112,42,92,2461.2362058167346,2473.159816926345
385590112,43,93,2474.166761370376,2486.1250831289217
385590112,43,94,2487.180638684425,2498.888972017914
385590112,44,95,2500.1875831289217,2511.7223053518683
385590112,44,96,2513.2014604443684,2519.4167382232845
385590112,44,96,2519.4236826677807,2524.4375715572387
385590134,42,91,2447.687606282532,2460.3056502612308
385590134,42,92,2461.2362058167346,2473.159816926345
385590134,43,93,2474.166761370376,2486.1250831289217
385590134,43,94,2487.180638684425,2498.888972017914
385590134,44,95,2500.1875831289217,2511.7223053518683
385590134,44,96,2513.2014604443684,2519.4167382232845
385590134,44,96,2519.4236826677807,2524.4375715572387
385590587,42,91,2447.687606282532,2460.3056502612308
385590587,42,92,2461.2362058167346,2473.159816926345
385590587,44,95,2500.1875831289217,2511.7223053518683
385590587,44,96,2513.2014604443684,2519.4167382232845
385590587,44,96,2519.4236826677807,2524.4375715572387
385590965,43,93,2474.166761370376,2486.1250831289217
385590965,43,94,2487.180638684425,2498.888972017914
385590965,44,95,2500.1875831289217,2511.7223053518683
385590965,44,96,2513.2014604443684,2519.4167382232845
385590965,44,96,2519.4236826677807,2524.4375715572387
385591142,42,91,2447.687606282532,2460.3056502612308
385591142,42,92,2461.2362058167346,2473.159816926345
385591142,43,93,2474.166761370376,2486.1250831289217
385591142,43,94,2487.180638684425,2498.888972017914
385591142,44,95,2500.1875831289217,2511.7223053518683
385591142,44,96,2513.2014604443684,2519.4167382232845
385591142,44,96,2519.4236826677807,2524.4375715572387
385591175,44,95,2500.1875831289217,2511.7223053518683
385591175,44,96,2513.2014604443684,2519.4167382232845
385591175,44,96,2519.4236826677807,2524.4375715572387
385591266,42,91,2447.687606282532,2460.3056502612308
385591266,42,92,2461.2362058167346,2473.159816926345
385591266,43,93,2474.166761370376,2486.1250831289217
385591266,43,94,2487.180638684425,2498.888972017914
385591266,44,95,2500.1875831289217,2511.7223053518683
385591266,44,96,2513.2014604443684,2519.4167382232845
385591266,44,96,2519.4236826677807,2524.4375715572387
385626253,9,25,1543.2296664975584,1555.542166499421
385626253,9,26,1556.729666499421,1568.458821593318
385626253,10,27,1569.4379882598296,1581.771321593318
385626253,10,28,1582.771321593318,1595.667143351864
385626253,35,77,2254.9863100117072,2266.1043539959937
385626253,35,77,2266.3751873290166,2267.146020662505
385626253,35,78,2268.583520662971,2279.979353998322
385626253,36,79,2280.902965109796,2292.8543424261734
385626253,36,80,2293.7918424261734,2305.9862868711352
385626253,37,81,2307.2362868711352,2319.0279419636354
385626253,37,82,2320.222386407666,2332.576553073246
385626253,62,131,2988.435048438143,2994.881807698868
385626253,62,131,2995.092455847189,3000.9234627927653
385626253,62,132,3001.134110941086,3007.53457390517
385626253,62,132,3007.7452220534906,3014.152629461605
385626253,63,133,3014.3632776099257,3021.187351684552
385626253,63,133,3021.3979998328723,3027.3910438148305
385626253,63,134,3027.601691963151,3034.0901178894565
385626253,63,134,3034.300766037777,3040.8979882597923
386411251,9,25,1543.2296664975584,1555.542166499421
386411251,9,26,1556.729666499421,1568.458821593318
386411251,10,27,1569.4379882598296,1581.771321593318
386411251,10,28,1582.771321593318,1595.667143351864
386411251,36,79,2280.902965109796,2292.8543424261734
386411251,36,80,2293.7918424261734,2305.9862868711352
386411251,37,81,2307.2362868711352,2319.0279419636354
386411251,37,82,2320.222386407666,2332.576553073246
387719481,43,93,2474.166761370376,2486.1250831289217
387719481,43,94,2487.180638684425,2498.888972017914
387719481,44,95,2500.1875831289217,2511.7223053518683
387719481,44,96,2513.2014604443684,2519.4167382232845
387719481,44,96,2519.4236826677807,2524.4375715572387
388128331,6,19,1468.2713678642176,1477.0213678670116
388128331,6,20,1478.1047012005,1490.0421896306798
388128331,7,21,1491.625522964634,1503.0213563013822
388128331,7,22,1504.7088563023135,1516.0838447315618
388128331,9,25,1543.2296664975584,1555.542166499421
388128331,9,26,1556.729666499421,1568.458821593318
388128331,11,29,1596.7713100183755,1609.6879766830243
388128331,11,30,1610.7921433495358,1623.875465106219
388128331,28,63,2061.847502121236,2073.958601654973
388128331,28,64,2075.1530460990034,2087.0974905407056
388128331,29,65,2088.2363794292323,2101.375256741885
388128331,29,66,2102.326645630412,2114.430812295992
388128331,30,67,2115.882201184518,2129.139134054538
388128331,30,68,2130.208578499034,2143.222467388492
388128331,32,71,2174.222455819603,2185.9377220263705
388128331,32,72,2186.9446664713323,2200.2293886975385
388128331,35,77,2254.9863100117072,2266.1043539959937
388128331,35,77,2266.3751873290166,2267.146020662505
388128331,35,78,2268.583520662971,2279.979353998322
388128331,36,79,2280.902965109796,2292.8543424261734
388128331,36,80,2293.7918424261734,2305.9862868711352
388128331,37,81,2307.2362868711352,2319.0279419636354
388128331,37,82,2320.222386407666,2332.576553073246
388128331,38,83,2333.854319276754,2346.3334859414026
388128331,38,84,2347.2987637189217,2360.5487521416508
388128331,39,85,2361.770974363666,2374.8543076934293
388128331,39,86,2375.86125213746,2389.715407225769
388128331,61,129,2962.7938563008797,2969.3332081544213
388128331,61,129,2969.543856302742,2975.1966225081123
388128331,61,130,2975.407270656433,2982.1896780659445
388128331,61,130,2982.400326214265,2988.2244002898224
388128331,62,131,2988.435048438143,2994.881807698868
388128331,62,131,2995.092455847189,3000.9234627927653
388128331,62,132,3001.134110941086,3007.53457390517
388128331,62,132,3007.7452220534906,3014.152629461605
388128331,64,135,3041.108636408113,3048.1132544633
388128331,64,135,3048.3239026116207,3054.752143351827
388128331,64,135,3054.754458166659,3055.078532240819
388128331,64,136,3055.289180388674,3062.21742112888
388128331,64,136,3062.428069277201,3068.029921127949
388128331,65,137,3068.7336248317733,3075.9674095525406
388128331,65,137,3076.178057700861,3083.47435399564
388128331,65,138,3083.685002143495,3087.4674095502123
388128331,65,138,3087.4697243650444,3090.252131771762
388128331,65,138,3090.462779919617,3096.58777991822
388240837,11,29,1596.7713100183755,1609.6879766830243
388240837,11,30,1610.7921433495358,1623.875465106219
388240837,12,31,1624.958798439242,1638.9796317690052
388240837,12,32,1640.0421317685395,1652.875453523826
388240837,13,33,1653.9171201903373,1667.6879535191692
388240837,13,34,1668.6254535187036,1682.3546086070128
388240837,27,61,2036.2780692591327,2048.125279903412
388240837,27,62,2049.1530576804653,2060.6391687882133
388240837,38,83,2333.854319276754,2346.3334859414026
388240837,38,84,2347.2987637189217,2360.5487521416508
388240837,39,85,2361.770974363666,2374.8543076934293
388240837,39,86,2375.86125213746,2389.715407225769
388240837,61,129,2962.7938563008797,2969.3332081544213
388240837,61,129,2969.543856302742,2975.1966225081123
388240837,61,130,2975.407270656433,2982.1896780659445
388240837,61,130,2982.400326214265,2988.2244002898224
388240837,65,137,3068.7336248317733,3075.9674095525406
388240837,65,137,3076.178057700861,3083.47435399564
388240837,65,138,3083.685002143495,3087.4674095502123
388240837,65,138,3087.4697243650444,3090.252131771762
388240837,65,138,3090.462779919617,3096.58777991822
388240837,67,141,3126.6363678723574,3133.1132197217084
388240837,67,141,3133.323867870029,3140.2497937935404
388240837,67,142,3140.460441941861,3147.703497495037
388240837,67,142,3147.91413406888,3154.395615548361
389085401,44,95,2500.1875831289217,2511.7223053518683
389085401,44,96,2513.2014604443684,2519.4167382232845
389085401,44,96,2519.4236826677807,2524.4375715572387
389925947,63,133,3014.3632776099257,3021.187351684552
389925947,63,133,3021.3979998328723,3027.3910438148305
389925947,63,134,3027.601691963151,3034.0901178894565
389925947,63,134,3034.300766037777,3040.8979882597923
390229592,10,27,1569.4379882598296,1581.771321593318
390229592,10,28,1582.771321593318,1595.667143351864
390229592,11,29,1596.7713100183755,1609.6879766830243
390229592,11,30,1610.7921433495358,1623.875465106219
390229592,37,81,2307.2362868711352,2319.0279419636354
390229592,37,82,2320.222386407666,2332.576553073246
390294856,37,81,2307.2362868711352,2319.0279419636354
390294856,37,82,2320.222386407666,2332.576553073246
390294856,38,83,2333.854319276754,2346.3334859414026
390294856,38,84,2347.2987637189217,2360.5487521416508
390366768,10,27,1569.4379882598296,1581.771321593318
390366768,10,28,1582.771321593318,1595.667143351864
390397794,11,29,1596.7713100183755,1609.6879766830243
390397794,11,30,1610.7921433495358,1623.875465106219
390397794,38,83,2333.854319276754,2346.3334859414026
390397794,38,84,2347.2987637189217,2360.5487521416508
390441711,10,27,1569.4379882598296,1581.771321593318
390441711,10,28,1582.771321593318,1595.667143351864
390441711,37,81,2307.2362868711352,2319.0279419636354
390441711,37,82,2320.222386407666,2332.576553073246
390441711,38,83,2333.854319276754,2346.3334859414026
390441711,38,84,2347.2987637189217,2360.5487521416508
390441711,64,135,3041.108636408113,3048.1132544633
390441711,64,135,3048.3239026116207,3054.752143351827
390441711,64,135,3054.754458166659,3055.078532240819
390441711,64,136,3055.289180388674,3062.21742112888
390441711,64,136,3062.428069277201,3068.029921127949
390847186,63,133,3014.3632776099257,3021.187351684552
390847186,63,133,3021.3979998328723,3027.3910438148305
390847186,63,134,3027.601691963151,3034.0901178894565
390847186,63,134,3034.300766037777,3040.8979882597923
391341577,10,27,1569.4379882598296,1581.771321593318
391341577,10,28,1582.771321593318,1595.667143351864
391745863,1,9,1325.3130924007855,1338.5214257300831
391745863,1,10,1339.6672474890947,1353.167247485835
391745863,3,13,1381.7089025736786,1382.5214025736786
391745863,3,13,1382.6047359071672,1383.62556924019
391745863,3,13,1383.6672359071672,1384.2714025736786
391745863,3,13,1384.31306924019,1385.87556924019
391745863,3,13,1385.93806924019,1395.4380692397244
391745863,3,13,1395.583902573213,1396.458902573213
391745863,3,13,1396.5005692397244,1396.5630692397244
391745863,3,14,1396.646402573213,1409.3755576661788
391745863,4,15,1410.917224333156,1413.2505576666445
391745863,4,15,1413.2713909996671,1418.4797243336216
391745863,4,15,1421.2297243340872,1423.5005576675758
391745863,4,16,1424.5630576680414,1436.833879429381
391745863,5,17,1437.97971276287,1450.1880460991524
391745863,5,18,1451.563046099618,1464.2713678628206
391745863,6,19,1468.2713678642176,1477.0213678670116
391745863,6,20,1478.1047012005,1490.0421896306798
391745863,7,21,1491.625522964634,1503.0213563013822
391745863,7,22,1504.7088563023135,1516.0838447315618
391745863,8,23,1517.354678065516,1529.0630114017986
391745863,8,24,1530.2713447352871,1531.7296780692411
391745863,8,24,1535.0005114031956,1542.0004998305812
391745863,10,27,1569.4379882598296,1581.771321593318
391745863,10,28,1582.771321593318,1595.667143351864
391745863,11,29,1596.7713100183755,1609.6879766830243
391745863,11,30,1610.7921433495358,1623.875465106219
391745863,13,33,1653.9171201903373,1667.6879535191692
391745863,13,34,1668.6254535187036,1682.3546086070128
391745863,27,61,2036.2780692591327,2048.125279903412
391745863,27,62,2049.1530576804653,2060.6391687882133
391745863,28,63,2061.847502121236,2073.958601654973
391745863,28,64,2075.1530460990034,2087.0974905407056
391745863,30,67,2115.882201184518,2129.139134054538
391745863,30,68,2130.208578499034,2143.222467388492
391745863,31,69,2144.514134055469,2157.451622482855
391745863,31,70,2158.861344705336,2169.944678040687
391745863,33,73,2201.729388698004,2213.86132157268
391745863,33,74,2215.430766017642,2227.5696549103595
391745863,34,75,2228.750210466329,2240.902976674028
391745863,34,76,2241.9863100075163,2254.062698900234
391745863,35,77,2254.9863100117072,2266.1043539959937
391745863,35,77,2266.3751873290166,2267.146020662505
391745863,35,78,2268.583520662971,2279.979353998322
391745863,36,79,2280.902965109796,2292.8543424261734
391745863,36,80,2293.7918424261734,2305.9862868711352
391745863,37,81,2307.2362868711352,2319.0279419636354
391745863,37,82,2320.222386407666,2332.576553073246
391745863,38,83,2333.854319276754,2346.3334859414026
391745863,38,84,2347.2987637189217,2360.5487521416508
392038114,12,31,1624.958798439242,1638.9796317690052
392038114,12,32,1640.0421317685395,1652.875453523826
392102549,12,31,1624.958798439242,1638.9796317690052
392102549,12,32,1640.0421317685395,1652.875453523826
392788625,11,29,1596.7713100183755,1609.6879766830243
392788625,11,30,1610.7921433495358,1623.875465106219
392838495,11,29,1596.7713100183755,1609.6879766830243
392838495,11,30,1610.7921433495358,1623.875465106219
392838495,65,137,3068.7336248317733,3075.9674095525406
392838495,65,137,3076.178057700861,3083.47435399564
392838495,65,138,3083.685002143495,3087.4674095502123
392838495,65,138,3087.4697243650444,3090.252131771762
392838495,65,138,3090.462779919617,3096.58777991822
393490554,2,11,1354.1047474853694,1367.1464141495526
393490554,2,12,1368.6047359085642,1381.5005692406558
393490554,3,13,1381.7089025736786,1382.5214025736786
393490554,3,13,1382.6047359071672,1383.62556924019
393490554,3,13,1383.6672359071672,1384.2714025736786
393490554,3,13,1384.31306924019,1385.87556924019
393490554,3,13,1385.93806924019,1395.4380692397244
393490554,3,13,1395.583902573213,1396.458902573213
393490554,3,13,1396.5005692397244,1396.5630692397244
393490554,3,14,1396.646402573213,1409.3755576661788
393490554,4,15,1410.917224333156,1413.2505576666445
393490554,4,15,1413.2713909996671,1418.4797243336216
393490554,4,15,1421.2297243340872,1423.5005576675758
393490554,4,16,1424.5630576680414,1436.833879429381
393490554,5,17,1437.97971276287,1450.1880460991524
393490554,5,18,1451.563046099618,1464.2713678628206
393490554,8,23,1517.354678065516,1529.0630114017986
393490554,8,24,1530.2713447352871,1531.7296780692411
393490554,8,24,1535.0005114031956,1542.0004998305812
393490554,9,25,1543.2296664975584,1555.542166499421
393490554,9,26,1556.729666499421,1568.458821593318
393490554,12,31,1624.958798439242,1638.9796317690052
393490554,12,32,1640.0421317685395,1652.875453523826
393490554,29,65,2088.2363794292323,2101.375256741885
393490554,29,66,2102.326645630412,2114.430812295992
393490554,30,67,2115.882201184518,2129.139134054538
393490554,30,68,2130.208578499034,2143.222467388492
393490554,31,69,2144.514134055469,2157.451622482855
393490554,31,70,2158.861344705336,2169.944678040687
393490554,32,71,2174.222455819603,2185.9377220263705
393490554,32,72,2186.9446664713323,2200.2293886975385
393490554,35,77,2254.9863100117072,2266.1043539959937
393490554,35,77,2266.3751873290166,2267.146020662505
393490554,35,78,2268.583520662971,2279.979353998322
393490554,36,79,2280.902965109796,2292.8543424261734
393490554,36,80,2293.7918424261734,2305.9862868711352
393490554,39,85,2361.770974363666,2374.8543076934293
393490554,39,86,2375.86125213746,2389.715407225769
393490554,62,131,2988.435048438143,2994.881807698868
393490554,62,131,2995.092455847189,3000.9234627927653
393490554,62,132,3001.134110941086,3007.53457390517
393490554,62,132,3007.7452220534906,3014.152629461605
393490554,63,133,3014.3632776099257,3021.187351684552
393490554,63,133,3021.3979998328723,3027.3910438148305
393490554,63,134,3027.601691963151,3034.0901178894565
393490554,63,134,3034.300766037777,3040.8979882597923
393490554,64,135,3041.108636408113,3048.1132544633
393490554,64,135,3048.3239026116207,3054.752143351827
393490554,64,135,3054.754458166659,3055.078532240819
393490554,64,136,3055.289180388674,3062.21742112888
393490554,64,136,3062.428069277201,3068.029921127949
393490554,65,137,3068.7336248317733,3075.9674095525406
393490554,65,137,3076.178057700861,3083.47435399564
393490554,65,138,3083.685002143495,3087.4674095502123
393490554,65,138,3087.4697243650444,3090.252131771762
393490554,65,138,3090.462779919617,3096.58777991822
393490554,66,139,3097.6687868623994,3104.88869426772
393490554,66,139,3105.0993424160406,3111.9743424137123
393490554,66,140,3112.184990562033,3119.076194263529
393490554,66,140,3119.2451757448725,3124.2405345398
393490554,66,140,3124.272941946984,3126.4257197240368
393794445,5,17,1437.97971276287,1450.1880460991524
393794445,5,18,1451.563046099618,1464.2713678628206
393794445,6,19,1468.2713678642176,1477.0213678670116
393794445,6,20,1478.1047012005,1490.0421896306798
393794445,32,71,2174.222455819603,2185.9377220263705
393794445,32,72,2186.9446664713323,2200.2293886975385
394136141,1,9,1325.3130924007855,1338.5214257300831
394136141,1,10,1339.6672474890947,1353.167247485835
394136141,27,61,2036.2780692591327,2048.125279903412
394136141,27,62,2049.1530576804653,2060.6391687882133
394136141,28,63,2061.847502121236,2073.958601654973
394136141,28,64,2075.1530460990034,2087.0974905407056
394136141,67,141,3126.6363678723574,3133.1132197217084
394136141,67,141,3133.323867870029,3140.2497937935404
394136141,67,142,3140.460441941861,3147.703497495037
394136141,67,142,3147.91413406888,3154.395615548361
394238292,64,135,3041.108636408113,3048.1132544633
394238292,64,135,3048.3239026116207,3054.752143351827
394238292,64,135,3054.754458166659,3055.078532240819
394238292,64,136,3055.289180388674,3062.21742112888
394238292,64,136,3062.428069277201,3068.029921127949
394238292,65,137,3068.7336248317733,3075.9674095525406
394238292,65,137,3076.178057700861,3083.47435399564
394238292,65,138,3083.685002143495,3087.4674095502123
394238292,65,138,3087.4697243650444,3090.252131771762
394238292,65,138,3090.462779919617,3096.58777991822
394238292,66,139,3097.6687868623994,3104.88869426772
394238292,66,139,3105.0993424160406,3111.9743424137123
394238292,66,140,3112.184990562033,3119.076194263529
394238292,66,140,3119.2451757448725,3124.2405345398
394238292,66,140,3124.272941946984,3126.4257197240368
394241607,11,29,1596.7713100183755,1609.6879766830243
394241607,11,30,1610.7921433495358,1623.875465106219
394241607,12,31,1624.958798439242,1638.9796317690052
394241607,12,32,1640.0421317685395,1652.875453523826
394241607,38,83,2333.854319276754,2346.3334859414026
394241607,38,84,2347.2987637189217,2360.5487521416508
394241607,39,85,2361.770974363666,2374.8543076934293
394241607,39,86,2375.86125213746,2389.715407225769
394241607,64,135,3041.108636408113,3048.1132544633
394241607,64,135,3048.3239026116207,3054.752143351827
394241607,64,135,3054.754458166659,3055.078532240819
394241607,64,136,3055.289180388674,3062.21742112888
394241607,64,136,3062.428069277201,3068.029921127949
394241607,65,137,3068.7336248317733,3075.9674095525406
394241607,65,137,3076.178057700861,3083.47435399564
394241607,65,138,3083.685002143495,3087.4674095502123
394241607,65,138,3087.4697243650444,3090.252131771762
394241607,65,138,3090.462779919617,3096.58777991822
394241607,66,139,3097.6687868623994,3104.88869426772
394241607,66,139,3105.0993424160406,3111.9743424137123
394241607,66,140,3112.184990562033,3119.076194263529
394241607,66,140,3119.2451757448725,3124.2405345398
394241607,66,140,3124.272941946984,3126.4257197240368
394334524,66,139,3097.6687868623994,3104.88869426772
394334524,66,139,3105.0993424160406,3111.9743424137123
394334524,66,140,3112.184990562033,3119.076194263529
394334524,66,140,3119.2451757448725,3124.2405345398
394334524,66,140,3124.272941946984,3126.4257197240368
394351304,66,139,3097.6687868623994,3104.88869426772
394351304,66,139,3105.0993424160406,3111.9743424137123
394351304,66,140,3112.184990562033,3119.076194263529
394351304,66,140,3119.2451757448725,3124.2405345398
394351304,66,140,3124.272941946984,3126.4257197240368
394459715,67,141,3126.6363678723574,3133.1132197217084
394459715,67,141,3133.323867870029,3140.2497937935404
394459715,67,142,3140.460441941861,3147.703497495037
394459715,67,142,3147.91413406888,3154.395615548361
394489435,64,135,3041.108636408113,3048.1132544633
394489435,64,135,3048.3239026116207,3054.752143351827
394489435,64,135,3054.754458166659,3055.078532240819
394489435,64,136,3055.289180388674,3062.21742112888
394489435,64,136,3062.428069277201,3068.029921127949
394588883,64,135,3041.108636408113,3048.1132544633
394588883,64,135,3048.3239026116207,3054.752143351827
394588883,64,135,3054.754458166659,3055.078532240819
394588883,64,136,3055.289180388674,3062.21742112888
394588883,64,136,3062.428069277201,3068.029921127949
394588883,65,137,3068.7336248317733,3075.9674095525406
394588883,65,137,3076.178057700861,3083.47435399564
394588883,65,138,3083.685002143495,3087.4674095502123
394588883,65,138,3087.4697243650444,3090.252131771762
394588883,65,138,3090.462779919617,3096.58777991822
394661575,65,137,3068.7336248317733,3075.9674095525406
394661575,65,137,3076.178057700861,3083.47435399564
394661575,65,138,3083.685002143495,3087.4674095502123
394661575,65,138,3087.4697243650444,3090.252131771762
394661575,65,138,3090.462779919617,3096.58777991822
394661575,66,139,3097.6687868623994,3104.88869426772
394661575,66,139,3105.0993424160406,3111.9743424137123
394661575,66,140,3112.184990562033,3119.076194263529
394661575,66,140,3119.2451757448725,3124.2405345398
394661575,66,140,3124.272941946984,3126.4257197240368
394704031,66,139,3097.6687868623994,3104.88869426772
394704031,66,139,3105.0993424160406,3111.9743424137123
394704031,66,140,3112.184990562033,3119.076194263529
394704031,66,140,3119.2451757448725,3124.2405345398
394704031,66,140,3124.272941946984,3126.4257197240368
396731889,3,13,1381.7089025736786,1382.5214025736786
396731889,3,13,1382.6047359071672,1383.62556924019
396731889,3,13,1383.6672359071672,1384.2714025736786
396731889,3,13,1384.31306924019,1385.87556924019
396731889,3,13,1385.93806924019,1395.4380692397244
396731889,3,13,1395.583902573213,1396.458902573213
396731889,3,13,1396.5005692397244,1396.5630692397244
396731889,3,14,1396.646402573213,1409.3755576661788
396731889,4,15,1410.917224333156,1413.2505576666445
396731889,4,15,1413.2713909996671,1418.4797243336216
396731889,4,15,1421.2297243340872,1423.5005576675758
396731889,4,16,1424.5630576680414,1436.833879429381
396731889,5,17,1437.97971276287,1450.1880460991524
396731889,5,18,1451.563046099618,1464.2713678628206
396731889,29,65,2088.2363794292323,2101.375256741885
396731889,29,66,2102.326645630412,2114.430812295992
396731889,30,67,2115.882201184518,2129.139134054538
396731889,30,68,2130.208578499034,2143.222467388492
396731889,31,69,2144.514134055469,2157.451622482855
396731889,31,70,2158.861344705336,2169.944678040687
396731889,32,71,2174.222455819603,2185.9377220263705
396731889,32,72,2186.9446664713323,2200.2293886975385
396731889,39,85,2361.770974363666,2374.8543076934293
396731889,39,86,2375.86125213746,2389.715407225769
396731889,66,139,3097.6687868623994,3104.88869426772
396731889,66,139,3105.0993424160406,3111.9743424137123
396731889,66,140,3112.184990562033,3119.076194263529
396731889,66,140,3119.2451757448725,3124.2405345398
396731889,66,140,3124.272941946984,3126.4257197240368
396830232,60,127,2936.89803453302,2943.703590090852
396830232,60,127,2943.914238238707,2949.766078518704
396830232,60,128,2949.9767266665585,2949.992930370383
396830232,60,128,2955.039226668421,2956.2429303727117
396830232,60,128,2956.453578520566,2962.5832081525587
396969225,13,33,1653.9171201903373,1667.6879535191692
396969225,13,34,1668.6254535187036,1682.3546086070128
396969225,39,85,2361.770974363666,2374.8543076934293
396969225,39,86,2375.86125213746,2389.715407225769
397265144,10,27,1569.4379882598296,1581.771321593318
397265144,10,28,1582.771321593318,1595.667143351864
397353968,43,93,2474.166761370376,2486.1250831289217
397353968,43,94,2487.180638684425,2498.888972017914
397353968,44,95,2500.1875831289217,2511.7223053518683
397353968,44,96,2513.2014604443684,2519.4167382232845
397353968,44,96,2519.4236826677807,2524.4375715572387
397791443,37,81,2307.2362868711352,2319.0279419636354
397791443,37,82,2320.222386407666,2332.576553073246
397791443,38,83,2333.854319276754,2346.3334859414026
397791443,38,84,2347.2987637189217,2360.5487521416508
398085117,10,27,1569.4379882598296,1581.771321593318
398085117,10,28,1582.771321593318,1595.667143351864
398085117,11,29,1596.7713100183755,1609.6879766830243
398085117,11,30,1610.7921433495358,1623.875465106219
398085117,38,83,2333.854319276754,2346.3334859414026
398085117,38,84,2347.2987637189217,2360.5487521416508
398085117,64,135,3041.108636408113,3048.1132544633
398085117,64,135,3048.3239026116207,3054.752143351827
398085117,64,135,3054.754458166659,3055.078532240819
398085117,64,136,3055.289180388674,3062.21742112888
398085117,64,136,3062.428069277201,3068.029921127949
398085117,65,137,3068.7336248317733,3075.9674095525406
398085117,65,137,3076.178057700861,3083.47435399564
398085117,65,138,3083.685002143495,3087.4674095502123
398085117,65,138,3087.4697243650444,3090.252131771762
398085117,65,138,3090.462779919617,3096.58777991822
399020708,11,29,1596.7713100183755,1609.6879766830243
399020708,11,30,1610.7921433495358,1623.875465106219
399020708,64,135,3041.108636408113,3048.1132544633
399020708,64,135,3048.3239026116207,3054.752143351827
399020708,64,135,3054.754458166659,3055.078532240819
399020708,64,136,3055.289180388674,3062.21742112888
399020708,64,136,3062.428069277201,3068.029921127949
399198780,58,123,2882.323983593378,2889.4235206316225
399198780,58,123,2889.634168779477,2896.0554535030387
399198780,58,124,2896.26610165136,2903.38415720826
399198780,58,124,2903.5948053565808,2910.048509061802
399367577,10,27,1569.4379882598296,1581.771321593318
399367577,10,28,1582.771321593318,1595.667143351864
399367577,11,29,1596.7713100183755,1609.6879766830243
399367577,11,30,1610.7921433495358,1623.875465106219
399853374,10,27,1569.4379882598296,1581.771321593318
399853374,10,28,1582.771321593318,1595.667143351864
399853374,11,29,1596.7713100183755,1609.6879766830243
399853374,11,30,1610.7921433495358,1623.875465106219
399853374,37,81,2307.2362868711352,2319.0279419636354
399853374,37,82,2320.222386407666,2332.576553073246
399853374,38,83,2333.854319276754,2346.3334859414026
399853374,38,84,2347.2987637189217,2360.5487521416508
400320132,10,27,1569.4379882598296,1581.771321593318
400320132,10,28,1582.771321593318,1595.667143351864
400320132,11,29,1596.7713100183755,1609.6879766830243
400320132,11,30,1610.7921433495358,1623.875465106219
400320132,37,81,2307.2362868711352,2319.0279419636354
400320132,37,82,2320.222386407666,2332.576553073246
400320132,38,83,2333.854319276754,2346.3334859414026
400320132,38,84,2347.2987637189217,2360.5487521416508
400598180,8,23,1517.354678065516,1529.0630114017986
400598180,8,24,1530.2713447352871,1531.7296780692411
400598180,8,24,1535.0005114031956,1542.0004998305812
400598180,9,25,1543.2296664975584,1555.542166499421
400598180,9,26,1556.729666499421,1568.458821593318
400598180,35,77,2254.9863100117072,2266.1043539959937
400598180,35,77,2266.3751873290166,2267.146020662505
400598180,35,78,2268.583520662971,2279.979353998322
400598180,36,79,2280.902965109796,2292.8543424261734
400598180,36,80,2293.7918424261734,2305.9862868711352
400598180,62,131,2988.435048438143,2994.881807698868
400598180,62,131,2995.092455847189,3000.9234627927653
400598180,62,132,3001.134110941086,3007.53457390517
400598180,62,132,3007.7452220534906,3014.152629461605
400598180,63,133,3014.3632776099257,3021.187351684552
400598180,63,133,3021.3979998328723,3027.3910438148305
400598180,63,134,3027.601691963151,3034.0901178894565
400598180,63,134,3034.300766037777,3040.8979882597923
400913139,10,27,1569.4379882598296,1581.771321593318
400913139,10,28,1582.771321593318,1595.667143351864
401049758,10,27,1569.4379882598296,1581.771321593318
401049758,10,28,1582.771321593318,1595.667143351864
401228262,10,27,1569.4379882598296,1581.771321593318
401228262,10,28,1582.771321593318,1595.667143351864
401228262,11,29,1596.7713100183755,1609.6879766830243
401228262,11,30,1610.7921433495358,1623.875465106219
401228262,64,135,3041.108636408113,3048.1132544633
401228262,64,135,3048.3239026116207,3054.752143351827
401228262,64,135,3054.754458166659,3055.078532240819
401228262,64,136,3055.289180388674,3062.21742112888
401228262,64,136,3062.428069277201,3068.029921127949
401297312,62,131,2988.435048438143,2994.881807698868
401297312,62,131,2995.092455847189,3000.9234627927653
401297312,62,132,3001.134110941086,3007.53457390517
401297312,62,132,3007.7452220534906,3014.152629461605
401297312,63,133,3014.3632776099257,3021.187351684552
401297312,63,133,3021.3979998328723,3027.3910438148305
401297312,63,134,3027.601691963151,3034.0901178894565
401297312,63,134,3034.300766037777,3040.8979882597923
401299019,9,25,1543.2296664975584,1555.542166499421
401299019,9,26,1556.729666499421,1568.458821593318
401299019,35,77,2254.9863100117072,2266.1043539959937
401299019,35,77,2266.3751873290166,2267.146020662505
401299019,35,78,2268.583520662971,2279.979353998322
401299019,36,79,2280.902965109796,2292.8543424261734
401299019,36,80,2293.7918424261734,2305.9862868711352
401369627,42,91,2447.687606282532,2460.3056502612308
401369627,42,92,2461.2362058167346,2473.159816926345
401440453,64,135,3041.108636408113,3048.1132544633
401440453,64,135,3048.3239026116207,3054.752143351827
401440453,64,135,3054.754458166659,3055.078532240819
401440453,64,136,3055.289180388674,3062.21742112888
401440453,64,136,3062.428069277201,3068.029921127949
402751779,65,137,3068.7336248317733,3075.9674095525406
402751779,65,137,3076.178057700861,3083.47435399564
402751779,65,138,3083.685002143495,3087.4674095502123
402751779,65,138,3087.4697243650444,3090.252131771762
402751779,65,138,3090.462779919617,3096.58777991822
402751779,66,139,3097.6687868623994,3104.88869426772
402751779,66,139,3105.0993424160406,3111.9743424137123
402751779,66,140,3112.184990562033,3119.076194263529
402751779,66,140,3119.2451757448725,3124.2405345398
402751779,66,140,3124.272941946984,3126.4257197240368
404012623,10,27,1569.4379882598296,1581.771321593318
404012623,10,28,1582.771321593318,1595.667143351864
404012623,37,81,2307.2362868711352,2319.0279419636354
404012623,37,82,2320.222386407666,2332.576553073246
404280088,64,135,3041.108636408113,3048.1132544633
404280088,64,135,3048.3239026116207,3054.752143351827
404280088,64,135,3054.754458166659,3055.078532240819
404280088,64,136,3055.289180388674,3062.21742112888
404280088,64,136,3062.428069277201,3068.029921127949
404467056,30,67,2115.882201184518,2129.139134054538
404467056,30,68,2130.208578499034,2143.222467388492
404768019,1,9,1325.3130924007855,1338.5214257300831
404768019,1,10,1339.6672474890947,1353.167247485835
404768019,2,11,1354.1047474853694,1367.1464141495526
404768019,2,12,1368.6047359085642,1381.5005692406558
404768019,5,17,1437.97971276287,1450.1880460991524
404768019,5,18,1451.563046099618,1464.2713678628206
404768019,6,19,1468.2713678642176,1477.0213678670116
404768019,6,20,1478.1047012005,1490.0421896306798
404768019,7,21,1491.625522964634,1503.0213563013822
404768019,7,22,1504.7088563023135,1516.0838447315618
404768019,9,25,1543.2296664975584,1555.542166499421
404768019,9,26,1556.729666499421,1568.458821593318
404768019,10,27,1569.4379882598296,1581.771321593318
404768019,10,28,1582.771321593318,1595.667143351864
404768019,12,31,1624.958798439242,1638.9796317690052
404768019,12,32,1640.0421317685395,1652.875453523826
404768019,13,33,1653.9171201903373,1667.6879535191692
404768019,13,34,1668.6254535187036,1682.3546086070128
404768019,27,61,2036.2780692591327,2048.125279903412
404768019,27,62,2049.1530576804653,2060.6391687882133
404768019,29,65,2088.2363794292323,2101.375256741885
404768019,29,66,2102.326645630412,2114.430812295992
404768019,30,67,2115.882201184518,2129.139134054538
404768019,30,68,2130.208578499034,2143.222467388492
404768019,32,71,2174.222455819603,2185.9377220263705
404768019,32,72,2186.9446664713323,2200.2293886975385
404768019,33,73,2201.729388698004,2213.86132157268
404768019,33,74,2215.430766017642,2227.5696549103595
404768019,35,77,2254.9863100117072,2266.1043539959937
404768019,35,77,2266.3751873290166,2267.146020662505
404768019,35,78,2268.583520662971,2279.979353998322
404768019,36,79,2280.902965109796,2292.8543424261734
404768019,36,80,2293.7918424261734,2305.9862868711352
404768019,38,83,2333.854319276754,2346.3334859414026
404768019,38,84,2347.2987637189217,2360.5487521416508
404768019,39,85,2361.770974363666,2374.8543076934293
404768019,39,86,2375.86125213746,2389.715407225769
405040121,11,29,1596.7713100183755,1609.6879766830243
405040121,11,30,1610.7921433495358,1623.875465106219
405040121,12,31,1624.958798439242,1638.9796317690052
405040121,12,32,1640.0421317685395,1652.875453523826
405040121,64,135,3041.108636408113,3048.1132544633
405040121,64,135,3048.3239026116207,3054.752143351827
405040121,64,135,3054.754458166659,3055.078532240819
405040121,64,136,3055.289180388674,3062.21742112888
405040121,64,136,3062.428069277201,3068.029921127949
405040121,65,137,3068.7336248317733,3075.9674095525406
405040121,65,137,3076.178057700861,3083.47435399564
405040121,65,138,3083.685002143495,3087.4674095502123
405040121,65,138,3087.4697243650444,3090.252131771762
405040121,65,138,3090.462779919617,3096.58777991822
405077613,11,29,1596.7713100183755,1609.6879766830243
405077613,11,30,1610.7921433495358,1623.875465106219
405077613,12,31,1624.958798439242,1638.9796317690052
405077613,12,32,1640.0421317685395,1652.875453523826
405077613,13,33,1653.9171201903373,1667.6879535191692
405077613,13,34,1668.6254535187036,1682.3546086070128
405077613,27,61,2036.2780692591327,2048.125279903412
405077613,27,62,2049.1530576804653,2060.6391687882133
405077613,39,85,2361.770974363666,2374.8543076934293
405077613,39,86,2375.86125213746,2389.715407225769
405077613,65,137,3068.7336248317733,3075.9674095525406
405077613,65,137,3076.178057700861,3083.47435399564
405077613,65,138,3083.685002143495,3087.4674095502123
405077613,65,138,3087.4697243650444,3090.252131771762
405077613,65,138,3090.462779919617,3096.58777991822
405077613,67,141,3126.6363678723574,3133.1132197217084
405077613,67,141,3133.323867870029,3140.2497937935404
405077613,67,142,3140.460441941861,3147.703497495037
405077613,67,142,3147.91413406888,3154.395615548361
405089321,11,29,1596.7713100183755,1609.6879766830243
405089321,11,30,1610.7921433495358,1623.875465106219
405089321,37,81,2307.2362868711352,2319.0279419636354
405089321,37,82,2320.222386407666,2332.576553073246
405089321,38,83,2333.854319276754,2346.3334859414026
405089321,38,84,2347.2987637189217,2360.5487521416508
405237154,11,29,1596.7713100183755,1609.6879766830243
405237154,11,30,1610.7921433495358,1623.875465106219
405237154,64,135,3041.108636408113,3048.1132544633
405237154,64,135,3048.3239026116207,3054.752143351827
405237154,64,135,3054.754458166659,3055.078532240819
405237154,64,136,3055.289180388674,3062.21742112888
405237154,64,136,3062.428069277201,3068.029921127949
405318479,10,27,1569.4379882598296,1581.771321593318
405318479,10,28,1582.771321593318,1595.667143351864
405318479,11,29,1596.7713100183755,1609.6879766830243
405318479,11,30,1610.7921433495358,1623.875465106219
405318479,37,81,2307.2362868711352,2319.0279419636354
405318479,37,82,2320.222386407666,2332.576553073246
405318479,64,135,3041.108636408113,3048.1132544633
405318479,64,135,3048.3239026116207,3054.752143351827
405318479,64,135,3054.754458166659,3055.078532240819
405318479,64,136,3055.289180388674,3062.21742112888
405318479,64,136,3062.428069277201,3068.029921127949
405415610,42,91,2447.687606282532,2460.3056502612308
405415610,42,92,2461.2362058167346,2473.159816926345
405415610,44,95,2500.1875831289217,2511.7223053518683
405415610,44,96,2513.2014604443684,2519.4167382232845
405415610,44,96,2519.4236826677807,2524.4375715572387
405415610,58,123,2882.323983593378,2889.4235206316225
405415610,58,123,2889.634168779477,2896.0554535030387
405415610,58,124,2896.26610165136,2903.38415720826
405415610,58,124,2903.5948053565808,2910.048509061802
405431212,43,93,2474.166761370376,2486.1250831289217
405431212,43,94,2487.180638684425,2498.888972017914
405431212,44,95,2500.1875831289217,2511.7223053518683
405431212,44,96,2513.2014604443684,2519.4167382232845
405431212,44,96,2519.4236826677807,2524.4375715572387
405443884,64,135,3041.108636408113,3048.1132544633
405443884,64,135,3048.3239026116207,3054.752143351827
405443884,64,135,3054.754458166659,3055.078532240819
405443884,64,136,3055.289180388674,3062.21742112888
405443884,64,136,3062.428069277201,3068.029921127949
405462686,44,95,2500.1875831289217,2511.7223053518683
405462686,44,96,2513.2014604443684,2519.4167382232845
405462686,44,96,2519.4236826677807,2524.4375715572387
405462844,42,91,2447.687606282532,2460.3056502612308
405462844,42,92,2461.2362058167346,2473.159816926345
405462844,43,93,2474.166761370376,2486.1250831289217
405462844,43,94,2487.180638684425,2498.888972017914
405462844,44,95,2500.1875831289217,2511.7223053518683
405462844,44,96,2513.2014604443684,2519.4167382232845
405462844,44,96,2519.4236826677807,2524.4375715572387
405482377,42,91,2447.687606282532,2460.3056502612308
405482377,42,92,2461.2362058167346,2473.159816926345
405482377,43,93,2474.166761370376,2486.1250831289217
405482377,43,94,2487.180638684425,2498.888972017914
405483008,42,91,2447.687606282532,2460.3056502612308
405483008,42,92,2461.2362058167346,2473.159816926345
405483008,43,93,2474.166761370376,2486.1250831289217
405483008,43,94,2487.180638684425,2498.888972017914
405483008,44,95,2500.1875831289217,2511.7223053518683
405483008,44,96,2513.2014604443684,2519.4167382232845
405483008,44,96,2519.4236826677807,2524.4375715572387
405483203,43,93,2474.166761370376,2486.1250831289217
405483203,43,94,2487.180638684425,2498.888972017914
405483203,44,95,2500.1875831289217,2511.7223053518683
405483203,44,96,2513.2014604443684,2519.4167382232845
405483203,44,96,2519.4236826677807,2524.4375715572387
405483207,43,93,2474.166761370376,2486.1250831289217
405483207,43,94,2487.180638684425,2498.888972017914
405483336,43,93,2474.166761370376,2486.1250831289217
405483336,43,94,2487.180638684425,2498.888972017914
405483336,44,95,2500.1875831289217,2511.7223053518683
405483336,44,96,2513.2014604443684,2519.4167382232845
405483336,44,96,2519.4236826677807,2524.4375715572387
405483434,43,93,2474.166761370376,2486.1250831289217
405483434,43,94,2487.180638684425,2498.888972017914
405483434,44,95,2500.1875831289217,2511.7223053518683
405483434,44,96,2513.2014604443684,2519.4167382232845
405483434,44,96,2519.4236826677807,2524.4375715572387
405483449,43,93,2474.166761370376,2486.1250831289217
405483449,43,94,2487.180638684425,2498.888972017914
405483449,44,95,2500.1875831289217,2511.7223053518683
405483449,44,96,2513.2014604443684,2519.4167382232845
405483449,44,96,2519.4236826677807,2524.4375715572387
405483463,42,91,2447.687606282532,2460.3056502612308
405483463,42,92,2461.2362058167346,2473.159816926345
405483463,43,93,2474.166761370376,2486.1250831289217
405483463,43,94,2487.180638684425,2498.888972017914
405483463,44,95,2500.1875831289217,2511.7223053518683
405483463,44,96,2513.2014604443684,2519.4167382232845
405483463,44,96,2519.4236826677807,2524.4375715572387
405483473,42,91,2447.687606282532,2460.3056502612308
405483473,42,92,2461.2362058167346,2473.159816926345
405483473,43,93,2474.166761370376,2486.1250831289217
405483473,43,94,2487.180638684425,2498.888972017914
405483473,44,95,2500.1875831289217,2511.7223053518683
405483473,44,96,2513.2014604443684,2519.4167382232845
405483473,44,96,2519.4236826677807,2524.4375715572387
405483551,43,93,2474.166761370376,2486.1250831289217
405483551,43,94,2487.180638684425,2498.888972017914
405483551,44,95,2500.1875831289217,2511.7223053518683
405483551,44,96,2513.2014604443684,2519.4167382232845
405483551,44,96,2519.4236826677807,2524.4375715572387
405483684,42,91,2447.687606282532,2460.3056502612308
405483684,42,92,2461.2362058167346,2473.159816926345
405483746,42,91,2447.687606282532,2460.3056502612308
405483746,42,92,2461.2362058167346,2473.159816926345
405483746,43,93,2474.166761370376,2486.1250831289217
405483746,43,94,2487.180638684425,2498.888972017914
405483746,44,95,2500.1875831289217,2511.7223053518683
405483746,44,96,2513.2014604443684,2519.4167382232845
405483746,44,96,2519.4236826677807,2524.4375715572387
405483758,42,91,2447.687606282532,2460.3056502612308
405483758,42,92,2461.2362058167346,2473.159816926345
405483758,43,93,2474.166761370376,2486.1250831289217
405483758,43,94,2487.180638684425,2498.888972017914
405483758,44,95,2500.1875831289217,2511.7223053518683
405483758,44,96,2513.2014604443684,2519.4167382232845
405483758,44,96,2519.4236826677807,2524.4375715572387
405483878,42,91,2447.687606282532,2460.3056502612308
405483878,42,92,2461.2362058167346,2473.159816926345
405483878,43,93,2474.166761370376,2486.1250831289217
405483878,43,94,2487.180638684425,2498.888972017914
405483894,44,95,2500.1875831289217,2511.7223053518683
405483894,44,96,2513.2014604443684,2519.4167382232845
405483894,44,96,2519.4236826677807,2524.4375715572387
405483900,44,95,2500.1875831289217,2511.7223053518683
405483900,44,96,2513.2014604443684,2519.4167382232845
405483900,44,96,2519.4236826677807,2524.4375715572387
405483908,42,91,2447.687606282532,2460.3056502612308
405483908,42,92,2461.2362058167346,2473.159816926345
405483908,44,95,2500.1875831289217,2511.7223053518683
405483908,44,96,2513.2014604443684,2519.4167382232845
405483908,44,96,2519.4236826677807,2524.4375715572387
405484037,42,91,2447.687606282532,2460.3056502612308
405484037,42,92,2461.2362058167346,2473.159816926345
405484037,43,93,2474.166761370376,2486.1250831289217
405484037,43,94,2487.180638684425,2498.888972017914
405484037,44,95,2500.1875831289217,2511.7223053518683
405484037,44,96,2513.2014604443684,2519.4167382232845
405484037,44,96,2519.4236826677807,2524.4375715572387
405484110,43,93,2474.166761370376,2486.1250831289217
405484110,43,94,2487.180638684425,2498.888972017914
405484111,43,93,2474.166761370376,2486.1250831289217
405484111,43,94,2487.180638684425,2498.888972017914
405484111,44,95,2500.1875831289217,2511.7223053518683
405484111,44,96,2513.2014604443684,2519.4167382232845
405484111,44,96,2519.4236826677807,2524.4375715572387
405484127,43,93,2474.166761370376,2486.1250831289217
405484127,43,94,2487.180638684425,2498.888972017914
405484205,42,91,2447.687606282532,2460.3056502612308
405484205,42,92,2461.2362058167346,2473.159816926345
405484205,43,93,2474.166761370376,2486.1250831289217
405484205,43,94,2487.180638684425,2498.888972017914
405484205,44,95,2500.1875831289217,2511.7223053518683
405484205,44,96,2513.2014604443684,2519.4167382232845
405484205,44,96,2519.4236826677807,2524.4375715572387
405484300,43,93,2474.166761370376,2486.1250831289217
405484300,43,94,2487.180638684425,2498.888972017914
405484300,44,95,2500.1875831289217,2511.7223053518683
405484300,44,96,2513.2014604443684,2519.4167382232845
405484300,44,96,2519.4236826677807,2524.4375715572387
405484340,42,91,2447.687606282532,2460.3056502612308
405484340,42,92,2461.2362058167346,2473.159816926345
405484340,43,93,2474.166761370376,2486.1250831289217
405484340,43,94,2487.180638684425,2498.888972017914
405484340,44,95,2500.1875831289217,2511.7223053518683
405484340,44,96,2513.2014604443684,2519.4167382232845
405484340,44,96,2519.4236826677807,2524.4375715572387
405484341,42,91,2447.687606282532,2460.3056502612308
405484341,42,92,2461.2362058167346,2473.159816926345
405484341,44,95,2500.1875831289217,2511.7223053518683
405484341,44,96,2513.2014604443684,2519.4167382232845
405484341,44,96,2519.4236826677807,2524.4375715572387
405484378,42,91,2447.687606282532,2460.3056502612308
405484378,42,92,2461.2362058167346,2473.159816926345
405484378,43,93,2474.166761370376,2486.1250831289217
405484378,43,94,2487.180638684425,2498.888972017914
405484378,44,95,2500.1875831289217,2511.7223053518683
405484378,44,96,2513.2014604443684,2519.4167382232845
405484378,44,96,2519.4236826677807,2524.4375715572387
405489929,42,91,2447.687606282532,2460.3056502612308
405489929,42,92,2461.2362058167346,2473.159816926345
405489929,43,93,2474.166761370376,2486.1250831289217
405489929,43,94,2487.180638684425,2498.888972017914
405489929,44,95,2500.1875831289217,2511.7223053518683
405489929,44,96,2513.2014604443684,2519.4167382232845
405489929,44,96,2519.4236826677807,2524.4375715572387
405490026,43,93,2474.166761370376,2486.1250831289217
405490026,43,94,2487.180638684425,2498.888972017914
405490101,42,91,2447.687606282532,2460.3056502612308
405490101,42,92,2461.2362058167346,2473.159816926345
405490101,43,93,2474.166761370376,2486.1250831289217
405490101,43,94,2487.180638684425,2498.888972017914
405490101,44,95,2500.1875831289217,2511.7223053518683
405490101,44,96,2513.2014604443684,2519.4167382232845
405490101,44,96,2519.4236826677807,2524.4375715572387
405492429,43,93,2474.166761370376,2486.1250831289217
405492429,43,94,2487.180638684425,2498.888972017914
405492429,58,123,2882.323983593378,2889.4235206316225
405492429,58,123,2889.634168779477,2896.0554535030387
405492429,58,124,2896.26610165136,2903.38415720826
405492429,58,124,2903.5948053565808,2910.048509061802
405508600,11,29,1596.7713100183755,1609.6879766830243
405508600,11,30,1610.7921433495358,1623.875465106219
405508600,37,81,2307.2362868711352,2319.0279419636354
405508600,37,82,2320.222386407666,2332.576553073246
405508600,38,83,2333.854319276754,2346.3334859414026
405508600,38,84,2347.2987637189217,2360.5487521416508
405513314,11,29,1596.7713100183755,1609.6879766830243
405513314,11,30,1610.7921433495358,1623.875465106219
405513314,37,81,2307.2362868711352,2319.0279419636354
405513314,37,82,2320.222386407666,2332.576553073246
405513314,38,83,2333.854319276754,2346.3334859414026
405513314,38,84,2347.2987637189217,2360.5487521416508
405513518,11,29,1596.7713100183755,1609.6879766830243
405513518,11,30,1610.7921433495358,1623.875465106219
405642977,11,29,1596.7713100183755,1609.6879766830243
405642977,11,30,1610.7921433495358,1623.875465106219
405692410,11,29,1596.7713100183755,1609.6879766830243
405692410,11,30,1610.7921433495358,1623.875465106219
405695928,37,81,2307.2362868711352,2319.0279419636354
405695928,37,82,2320.222386407666,2332.576553073246
405695928,38,83,2333.854319276754,2346.3334859414026
405695928,38,84,2347.2987637189217,2360.5487521416508
405805240,11,29,1596.7713100183755,1609.6879766830243
405805240,11,30,1610.7921433495358,1623.875465106219
405805240,37,81,2307.2362868711352,2319.0279419636354
405805240,37,82,2320.222386407666,2332.576553073246
405805240,38,83,2333.854319276754,2346.3334859414026
405805240,38,84,2347.2987637189217,2360.5487521416508
405846469,64,135,3041.108636408113,3048.1132544633
405846469,64,135,3048.3239026116207,3054.752143351827
405846469,64,135,3054.754458166659,3055.078532240819
405846469,64,136,3055.289180388674,3062.21742112888
405846469,64,136,3062.428069277201,3068.029921127949
405905925,64,135,3041.108636408113,3048.1132544633
405905925,64,135,3048.3239026116207,3054.752143351827
405905925,64,135,3054.754458166659,3055.078532240819
405905925,64,136,3055.289180388674,3062.21742112888
405905925,64,136,3062.428069277201,3068.029921127949
405910546,37,81,2307.2362868711352,2319.0279419636354
405910546,37,82,2320.222386407666,2332.576553073246
405910546,38,83,2333.854319276754,2346.3334859414026
405910546,38,84,2347.2987637189217,2360.5487521416508
406040223,64,135,3041.108636408113,3048.1132544633
406040223,64,135,3048.3239026116207,3054.752143351827
406040223,64,135,3054.754458166659,3055.078532240819
406040223,64,136,3055.289180388674,3062.21742112888
406040223,64,136,3062.428069277201,3068.029921127949
406100947,11,29,1596.7713100183755,1609.6879766830243
406100947,11,30,1610.7921433495358,1623.875465106219
406100947,64,135,3041.108636408113,3048.1132544633
406100947,64,135,3048.3239026116207,3054.752143351827
406100947,64,135,3054.754458166659,3055.078532240819
406100947,64,136,3055.289180388674,3062.21742112888
406100947,64,136,3062.428069277201,3068.029921127949
406180136,11,29,1596.7713100183755,1609.6879766830243
406180136,11,30,1610.7921433495358,1623.875465106219
406376496,11,29,1596.7713100183755,1609.6879766830243
406376496,11,30,1610.7921433495358,1623.875465106219
406376506,11,29,1596.7713100183755,1609.6879766830243
406376506,11,30,1610.7921433495358,1623.875465106219
406378155,11,29,1596.7713100183755,1609.6879766830243
406378155,11,30,1610.7921433495358,1623.875465106219
406378155,65,137,3068.7336248317733,3075.9674095525406
406378155,65,137,3076.178057700861,3083.47435399564
406378155,65,138,3083.685002143495,3087.4674095502123
406378155,65,138,3087.4697243650444,3090.252131771762
406378155,65,138,3090.462779919617,3096.58777991822
406618658,64,135,3041.108636408113,3048.1132544633
406618658,64,135,3048.3239026116207,3054.752143351827
406618658,64,135,3054.754458166659,3055.078532240819
406618658,64,136,3055.289180388674,3062.21742112888
406618658,64,136,3062.428069277201,3068.029921127949
406776177,39,85,2361.770974363666,2374.8543076934293
406776177,39,86,2375.86125213746,2389.715407225769
407125926,65,137,3068.7336248317733,3075.9674095525406
407125926,65,137,3076.178057700861,3083.47435399564
407125926,65,138,3083.685002143495,3087.4674095502123
407125926,65,138,3087.4697243650444,3090.252131771762
407125926,65,138,3090.462779919617,3096.58777991822
407125926,66,139,3097.6687868623994,3104.88869426772
407125926,66,139,3105.0993424160406,3111.9743424137123
407125926,66,140,3112.184990562033,3119.076194263529
407125926,66,140,3119.2451757448725,3124.2405345398
407125926,66,140,3124.272941946984,3126.4257197240368
407225846,65,137,3068.7336248317733,3075.9674095525406
407225846,65,137,3076.178057700861,3083.47435399564
407225846,65,138,3083.685002143495,3087.4674095502123
407225846,65,138,3087.4697243650444,3090.252131771762
407225846,65,138,3090.462779919617,3096.58777991822
407826962,66,139,3097.6687868623994,3104.88869426772
407826962,66,139,3105.0993424160406,3111.9743424137123
407826962,66,140,3112.184990562033,3119.076194263529
407826962,66,140,3119.2451757448725,3124.2405345398
407826962,66,140,3124.272941946984,3126.4257197240368
407930609,42,91,2447.687606282532,2460.3056502612308
407930609,42,92,2461.2362058167346,2473.159816926345
407930609,43,93,2474.166761370376,2486.1250831289217
407930609,43,94,2487.180638684425,2498.888972017914
407930609,44,95,2500.1875831289217,2511.7223053518683
407930609,44,96,2513.2014604443684,2519.4167382232845
407930609,44,96,2519.4236826677807,2524.4375715572387
407930782,43,93,2474.166761370376,2486.1250831289217
407930782,43,94,2487.180638684425,2498.888972017914
408217918,5,17,1437.97971276287,1450.1880460991524
408217918,5,18,1451.563046099618,1464.2713678628206
408217918,32,71,2174.222455819603,2185.9377220263705
408217918,32,72,2186.9446664713323,2200.2293886975385
409869624,59,125,2910.259157210123,2916.742953508161
409869624,59,125,2916.9536016564816,2917.7707312861457
409869624,59,125,2917.77536091581,2923.347108602524
409869624,59,126,2923.5577567508444,2930.277664160356
409869624,59,126,2930.4883123086765,2936.6873863846995
409907064,59,125,2910.259157210123,2916.742953508161
409907064,59,125,2916.9536016564816,2917.7707312861457
409907064,59,125,2917.77536091581,2923.347108602524
409907064,59,126,2923.5577567508444,2930.277664160356
409907064,59,126,2930.4883123086765,2936.6873863846995
409986314,59,125,2910.259157210123,2916.742953508161
409986314,59,125,2916.9536016564816,2917.7707312861457
409986314,59,125,2917.77536091581,2923.347108602524
409986314,59,126,2923.5577567508444,2930.277664160356
409986314,59,126,2930.4883123086765,2936.6873863846995
410620382,58,123,2882.323983593378,2889.4235206316225
410620382,58,123,2889.634168779477,2896.0554535030387
410620382,58,124,2896.26610165136,2903.38415720826
410620382,58,124,2903.5948053565808,2910.048509061802
410708185,58,123,2882.323983593378,2889.4235206316225
410708185,58,123,2889.634168779477,2896.0554535030387
410708185,58,124,2896.26610165136,2903.38415720826
410708185,58,124,2903.5948053565808,2910.048509061802
410708244,58,123,2882.323983593378,2889.4235206316225
410708244,58,123,2889.634168779477,2896.0554535030387
410708244,58,124,2896.26610165136,2903.38415720826
410708244,58,124,2903.5948053565808,2910.048509061802
410731154,58,123,2882.323983593378,2889.4235206316225
410731154,58,123,2889.634168779477,2896.0554535030387
410731154,58,124,2896.26610165136,2903.38415720826
410731154,58,124,2903.5948053565808,2910.048509061802
410741165,58,123,2882.323983593378,2889.4235206316225
410741165,58,123,2889.634168779477,2896.0554535030387
410741165,58,124,2896.26610165136,2903.38415720826
410741165,58,124,2903.5948053565808,2910.048509061802
410868140,58,123,2882.323983593378,2889.4235206316225
410868140,58,123,2889.634168779477,2896.0554535030387
410868140,58,124,2896.26610165136,2903.38415720826
410868140,58,124,2903.5948053565808,2910.048509061802
411042663,17,41,1764.687907202635,1776.2920738700775
411042663,17,42,1777.7295738700775,1789.1670622974634
411042663,17,42,1789.1878956304863,1789.6878956304863
411357190,11,29,1596.7713100183755,1609.6879766830243
411357190,11,30,1610.7921433495358,1623.875465106219
411357190,37,81,2307.2362868711352,2319.0279419636354
411357190,37,82,2320.222386407666,2332.576553073246
411357190,38,83,2333.854319276754,2346.3334859414026
411357190,38,84,2347.2987637189217,2360.5487521416508
411416726,10,27,1569.4379882598296,1581.771321593318
411416726,10,28,1582.771321593318,1595.667143351864
411422518,11,29,1596.7713100183755,1609.6879766830243
411422518,11,30,1610.7921433495358,1623.875465106219
411428600,64,135,3041.108636408113,3048.1132544633
411428600,64,135,3048.3239026116207,3054.752143351827
411428600,64,135,3054.754458166659,3055.078532240819
411428600,64,136,3055.289180388674,3062.21742112888
411428600,64,136,3062.428069277201,3068.029921127949
411806442,11,29,1596.7713100183755,1609.6879766830243
411806442,11,30,1610.7921433495358,1623.875465106219
411806442,64,135,3041.108636408113,3048.1132544633
411806442,64,135,3048.3239026116207,3054.752143351827
411806442,64,135,3054.754458166659,3055.078532240819
411806442,64,136,3055.289180388674,3062.21742112888
411806442,64,136,3062.428069277201,3068.029921127949
411845789,17,41,1764.687907202635,1776.2920738700775
411845789,17,42,1777.7295738700775,1789.1670622974634
411845789,17,42,1789.1878956304863,1789.6878956304863
411873161,64,135,3041.108636408113,3048.1132544633
411873161,64,135,3048.3239026116207,3054.752143351827
411873161,64,135,3054.754458166659,3055.078532240819
411873161,64,136,3055.289180388674,3062.21742112888
411873161,64,136,3062.428069277201,3068.029921127949
411874804,11,29,1596.7713100183755,1609.6879766830243
411874804,11,30,1610.7921433495358,1623.875465106219
411874804,37,81,2307.2362868711352,2319.0279419636354
411874804,37,82,2320.222386407666,2332.576553073246
411874804,38,83,2333.854319276754,2346.3334859414026
411874804,38,84,2347.2987637189217,2360.5487521416508
411874804,64,135,3041.108636408113,3048.1132544633
411874804,64,135,3048.3239026116207,3054.752143351827
411874804,64,135,3054.754458166659,3055.078532240819
411874804,64,136,3055.289180388674,3062.21742112888
411874804,64,136,3062.428069277201,3068.029921127949
411883036,11,29,1596.7713100183755,1609.6879766830243
411883036,11,30,1610.7921433495358,1623.875465106219
411883036,64,135,3041.108636408113,3048.1132544633
411883036,64,135,3048.3239026116207,3054.752143351827
411883036,64,135,3054.754458166659,3055.078532240819
411883036,64,136,3055.289180388674,3062.21742112888
411883036,64,136,3062.428069277201,3068.029921127949
412076331,11,29,1596.7713100183755,1609.6879766830243
412076331,11,30,1610.7921433495358,1623.875465106219
412076331,64,135,3041.108636408113,3048.1132544633
412076331,64,135,3048.3239026116207,3054.752143351827
412076331,64,135,3054.754458166659,3055.078532240819
412076331,64,136,3055.289180388674,3062.21742112888
412076331,64,136,3062.428069277201,3068.029921127949
412129392,64,135,3041.108636408113,3048.1132544633
412129392,64,135,3048.3239026116207,3054.752143351827
412129392,64,135,3054.754458166659,3055.078532240819
412129392,64,136,3055.289180388674,3062.21742112888
412129392,64,136,3062.428069277201,3068.029921127949
412540862,11,29,1596.7713100183755,1609.6879766830243
412540862,11,30,1610.7921433495358,1623.875465106219
412540862,37,81,2307.2362868711352,2319.0279419636354
412540862,37,82,2320.222386407666,2332.576553073246
412540862,38,83,2333.854319276754,2346.3334859414026
412540862,38,84,2347.2987637189217,2360.5487521416508
414138813,11,29,1596.7713100183755,1609.6879766830243
414138813,11,30,1610.7921433495358,1623.875465106219
414937822,11,29,1596.7713100183755,1609.6879766830243
414937822,11,30,1610.7921433495358,1623.875465106219
415241207,11,29,1596.7713100183755,1609.6879766830243
415241207,11,30,1610.7921433495358,1623.875465106219
415241207,64,135,3041.108636408113,3048.1132544633
415241207,64,135,3048.3239026116207,3054.752143351827
415241207,64,135,3054.754458166659,3055.078532240819
415241207,64,136,3055.289180388674,3062.21742112888
415241207,64,136,3062.428069277201,3068.029921127949
415241207,65,137,3068.7336248317733,3075.9674095525406
415241207,65,137,3076.178057700861,3083.47435399564
415241207,65,138,3083.685002143495,3087.4674095502123
415241207,65,138,3087.4697243650444,3090.252131771762
415241207,65,138,3090.462779919617,3096.58777991822
416090900,58,123,2882.323983593378,2889.4235206316225
416090900,58,123,2889.634168779477,2896.0554535030387
416090900,58,124,2896.26610165136,2903.38415720826
416090900,58,124,2903.5948053565808,2910.048509061802
417545885,25,57,1983.6461479780264,1995.6253030677328
417545885,25,58,1996.9169697337784,2009.2919697305188
417545885,50,107,2665.270847056061,2672.250002149027
417545885,50,107,2672.4236132600345,2678.402779926546
417545885,50,108,2679.3055577045307,2691.506946592592
417545885,51,109,2692.944446592126,2704.6944350167178
417545885,51,110,2705.6805461277254,2717.5347127919085
418018109,59,125,2910.259157210123,2916.742953508161
418018109,59,125,2916.9536016564816,2917.7707312861457
418018109,59,125,2917.77536091581,2923.347108602524
418018109,59,126,2923.5577567508444,2930.277664160356
418018109,59,126,2930.4883123086765,2936.6873863846995
418297341,65,137,3068.7336248317733,3075.9674095525406
418297341,65,137,3076.178057700861,3083.47435399564
418297341,65,138,3083.685002143495,3087.4674095502123
418297341,65,138,3087.4697243650444,3090.252131771762
418297341,65,138,3090.462779919617,3096.58777991822
418297341,66,139,3097.6687868623994,3104.88869426772
418297341,66,139,3105.0993424160406,3111.9743424137123
418297341,66,140,3112.184990562033,3119.076194263529
418297341,66,140,3119.2451757448725,3124.2405345398
418297341,66,140,3124.272941946984,3126.4257197240368
419778517,11,29,1596.7713100183755,1609.6879766830243
419778517,11,30,1610.7921433495358,1623.875465106219
419778517,37,81,2307.2362868711352,2319.0279419636354
419778517,37,82,2320.222386407666,2332.576553073246
419778517,38,83,2333.854319276754,2346.3334859414026
419778517,38,84,2347.2987637189217,2360.5487521416508
419778517,64,135,3041.108636408113,3048.1132544633
419778517,64,135,3048.3239026116207,3054.752143351827
419778517,64,135,3054.754458166659,3055.078532240819
419778517,64,136,3055.289180388674,3062.21742112888
419778517,64,136,3062.428069277201,3068.029921127949
419947008,64,135,3041.108636408113,3048.1132544633
419947008,64,135,3048.3239026116207,3054.752143351827
419947008,64,135,3054.754458166659,3055.078532240819
419947008,64,136,3055.289180388674,3062.21742112888
419947008,64,136,3062.428069277201,3068.029921127949
420582698,65,137,3068.7336248317733,3075.9674095525406
420582698,65,137,3076.178057700861,3083.47435399564
420582698,65,138,3083.685002143495,3087.4674095502123
420582698,65,138,3087.4697243650444,3090.252131771762
420582698,65,138,3090.462779919617,3096.58777991822
420980626,5,17,1437.97971276287,1450.1880460991524
420980626,5,18,1451.563046099618,1464.2713678628206
422460501,42,91,2447.687606282532,2460.3056502612308
422460501,42,92,2461.2362058167346,2473.159816926345
423442532,31,69,2144.514134055469,2157.451622482855
423442532,31,70,2158.861344705336,2169.944678040687
423750380,30,67,2115.882201184518,2129.139134054538
423750380,30,68,2130.208578499034,2143.222467388492
423750384,30,67,2115.882201184518,2129.139134054538
423750384,30,68,2130.208578499034,2143.222467388492
425095257,31,69,2144.514134055469,2157.451622482855
425095257,31,70,2158.861344705336,2169.944678040687
426494404,66,139,3097.6687868623994,3104.88869426772
426494404,66,139,3105.0993424160406,3111.9743424137123
426494404,66,140,3112.184990562033,3119.076194263529
426494404,66,140,3119.2451757448725,3124.2405345398
426494404,66,140,3124.272941946984,3126.4257197240368
426753957,59,125,2910.259157210123,2916.742953508161
426753957,59,125,2916.9536016564816,2917.7707312861457
426753957,59,125,2917.77536091581,2923.347108602524
426753957,59,126,2923.5577567508444,2930.277664160356
426753957,59,126,2930.4883123086765,2936.6873863846995
426828801,43,93,2474.166761370376,2486.1250831289217
426828801,43,94,2487.180638684425,2498.888972017914
426828801,45,97,2525.507016001735,2537.979226652533
426828801,45,98,2539.1389488750137,2550.625059989281
426828805,43,93,2474.166761370376,2486.1250831289217
426828805,43,94,2487.180638684425,2498.888972017914
426828805,45,97,2525.507016001735,2537.979226652533
426828805,45,98,2539.1389488750137,2550.625059989281
427545437,44,95,2500.1875831289217,2511.7223053518683
427545437,44,96,2513.2014604443684,2519.4167382232845
427545437,44,96,2519.4236826677807,2524.4375715572387
427546152,42,91,2447.687606282532,2460.3056502612308
427546152,42,92,2461.2362058167346,2473.159816926345
427546152,43,93,2474.166761370376,2486.1250831289217
427546152,43,94,2487.180638684425,2498.888972017914
427546152,44,95,2500.1875831289217,2511.7223053518683
427546152,44,96,2513.2014604443684,2519.4167382232845
427546152,44,96,2519.4236826677807,2524.4375715572387
427579296,44,95,2500.1875831289217,2511.7223053518683
427579296,44,96,2513.2014604443684,2519.4167382232845
427579296,44,96,2519.4236826677807,2524.4375715572387
427580133,42,91,2447.687606282532,2460.3056502612308
427580133,42,92,2461.2362058167346,2473.159816926345
427580133,43,93,2474.166761370376,2486.1250831289217
427580133,43,94,2487.180638684425,2498.888972017914
427580133,44,95,2500.1875831289217,2511.7223053518683
427580133,44,96,2513.2014604443684,2519.4167382232845
427580133,44,96,2519.4236826677807,2524.4375715572387
427580717,42,91,2447.687606282532,2460.3056502612308
427580717,42,92,2461.2362058167346,2473.159816926345
427580717,43,93,2474.166761370376,2486.1250831289217
427580717,43,94,2487.180638684425,2498.888972017914
427580717,44,95,2500.1875831289217,2511.7223053518683
427580717,44,96,2513.2014604443684,2519.4167382232845
427580717,44,96,2519.4236826677807,2524.4375715572387
427580873,42,91,2447.687606282532,2460.3056502612308
427580873,42,92,2461.2362058167346,2473.159816926345
427580873,43,93,2474.166761370376,2486.1250831289217
427580873,43,94,2487.180638684425,2498.888972017914
427580873,44,95,2500.1875831289217,2511.7223053518683
427580873,44,96,2513.2014604443684,2519.4167382232845
427580873,44,96,2519.4236826677807,2524.4375715572387
427735624,42,91,2447.687606282532,2460.3056502612308
427735624,42,92,2461.2362058167346,2473.159816926345
427735624,43,93,2474.166761370376,2486.1250831289217
427735624,43,94,2487.180638684425,2498.888972017914
427735688,43,93,2474.166761370376,2486.1250831289217
427735688,43,94,2487.180638684425,2498.888972017914
427735907,42,91,2447.687606282532,2460.3056502612308
427735907,42,92,2461.2362058167346,2473.159816926345
427735907,43,93,2474.166761370376,2486.1250831289217
427735907,43,94,2487.180638684425,2498.888972017914
427735907,44,95,2500.1875831289217,2511.7223053518683
427735907,44,96,2513.2014604443684,2519.4167382232845
427735907,44,96,2519.4236826677807,2524.4375715572387
427736091,42,91,2447.687606282532,2460.3056502612308
427736091,42,92,2461.2362058167346,2473.159816926345
427736846,43,93,2474.166761370376,2486.1250831289217
427736846,43,94,2487.180638684425,2498.888972017914
427771017,43,93,2474.166761370376,2486.1250831289217
427771017,43,94,2487.180638684425,2498.888972017914
428114142,58,123,2882.323983593378,2889.4235206316225
428114142,58,123,2889.634168779477,2896.0554535030387
428114142,58,124,2896.26610165136,2903.38415720826
428114142,58,124,2903.5948053565808,2910.048509061802
428118460,58,123,2882.323983593378,2889.4235206316225
428118460,58,123,2889.634168779477,2896.0554535030387
428118460,58,124,2896.26610165136,2903.38415720826
428118460,58,124,2903.5948053565808,2910.048509061802
428209014,59,125,2910.259157210123,2916.742953508161
428209014,59,125,2916.9536016564816,2917.7707312861457
428209014,59,125,2917.77536091581,2923.347108602524
428209014,59,126,2923.5577567508444,2930.277664160356
428209014,59,126,2930.4883123086765,2936.6873863846995
428260369,59,125,2910.259157210123,2916.742953508161
428260369,59,125,2916.9536016564816,2917.7707312861457
428260369,59,125,2917.77536091581,2923.347108602524
428260369,59,126,2923.5577567508444,2930.277664160356
428260369,59,126,2930.4883123086765,2936.6873863846995
428304544,59,125,2910.259157210123,2916.742953508161
428304544,59,125,2916.9536016564816,2917.7707312861457
428304544,59,125,2917.77536091581,2923.347108602524
428304544,59,126,2923.5577567508444,2930.277664160356
428304544,59,126,2930.4883123086765,2936.6873863846995
428328243,59,125,2910.259157210123,2916.742953508161
428328243,59,125,2916.9536016564816,2917.7707312861457
428328243,59,125,2917.77536091581,2923.347108602524
428328243,59,126,2923.5577567508444,2930.277664160356
428328243,59,126,2930.4883123086765,2936.6873863846995
428444848,59,125,2910.259157210123,2916.742953508161
428444848,59,125,2916.9536016564816,2917.7707312861457
428444848,59,125,2917.77536091581,2923.347108602524
428444848,59,126,2923.5577567508444,2930.277664160356
428444848,59,126,2930.4883123086765,2936.6873863846995
428468586,59,125,2910.259157210123,2916.742953508161
428468586,59,125,2916.9536016564816,2917.7707312861457
428468586,59,125,2917.77536091581,2923.347108602524
428468586,59,126,2923.5577567508444,2930.277664160356
428468586,59,126,2930.4883123086765,2936.6873863846995
428605112,59,125,2910.259157210123,2916.742953508161
428605112,59,125,2916.9536016564816,2917.7707312861457
428605112,59,125,2917.77536091581,2923.347108602524
428605112,59,126,2923.5577567508444,2930.277664160356
428605112,59,126,2930.4883123086765,2936.6873863846995
428649249,59,125,2910.259157210123,2916.742953508161
428649249,59,125,2916.9536016564816,2917.7707312861457
428649249,59,125,2917.77536091581,2923.347108602524
428649249,59,126,2923.5577567508444,2930.277664160356
428649249,59,126,2930.4883123086765,2936.6873863846995
428689804,59,125,2910.259157210123,2916.742953508161
428689804,59,125,2916.9536016564816,2917.7707312861457
428689804,59,125,2917.77536091581,2923.347108602524
428689804,59,126,2923.5577567508444,2930.277664160356
428689804,59,126,2930.4883123086765,2936.6873863846995
428764793,59,125,2910.259157210123,2916.742953508161
428764793,59,125,2916.9536016564816,2917.7707312861457
428764793,59,125,2917.77536091581,2923.347108602524
428764793,59,126,2923.5577567508444,2930.277664160356
428764793,59,126,2930.4883123086765,2936.6873863846995
428910663,59,125,2910.259157210123,2916.742953508161
428910663,59,125,2916.9536016564816,2917.7707312861457
428910663,59,125,2917.77536091581,2923.347108602524
428910663,59,126,2923.5577567508444,2930.277664160356
428910663,59,126,2930.4883123086765,2936.6873863846995
429059113,59,125,2910.259157210123,2916.742953508161
429059113,59,125,2916.9536016564816,2917.7707312861457
429059113,59,125,2917.77536091581,2923.347108602524
429059113,59,126,2923.5577567508444,2930.277664160356
429059113,59,126,2930.4883123086765,2936.6873863846995
429102269,44,95,2500.1875831289217,2511.7223053518683
429102269,44,96,2513.2014604443684,2519.4167382232845
429102269,44,96,2519.4236826677807,2524.4375715572387
429125644,43,93,2474.166761370376,2486.1250831289217
429125644,43,94,2487.180638684425,2498.888972017914
429125644,44,95,2500.1875831289217,2511.7223053518683
429125644,44,96,2513.2014604443684,2519.4167382232845
429125644,44,96,2519.4236826677807,2524.4375715572387
429125644,45,97,2525.507016001735,2537.979226652533
429125644,45,98,2539.1389488750137,2550.625059989281
429235355,10,27,1569.4379882598296,1581.771321593318
429235355,10,28,1582.771321593318,1595.667143351864
429817955,56,119,2825.252247483935,2831.724469705019
429817955,56,119,2831.93511785334,2838.513821555767
429817955,56,120,2838.724469704088,2845.87723590713
429817955,56,120,2846.0855692406185,2853.1388099808246
429817955,57,121,2853.349458129145,2860.5763099808246
429817955,57,121,2860.7869581286795,2863.282328499481
429817955,57,121,2866.409643314313,2867.245291462168
429817955,57,122,2867.4559396104887,2874.606391000096
429817955,57,122,2874.8170391479507,2882.1133354450576
430829746,11,29,1596.7713100183755,1609.6879766830243
430829746,11,30,1610.7921433495358,1623.875465106219
430829746,38,83,2333.854319276754,2346.3334859414026
430829746,38,84,2347.2987637189217,2360.5487521416508
431768501,58,123,2882.323983593378,2889.4235206316225
431768501,58,123,2889.634168779477,2896.0554535030387
431768501,58,124,2896.26610165136,2903.38415720826
431768501,58,124,2903.5948053565808,2910.048509061802
431862062,59,125,2910.259157210123,2916.742953508161
431862062,59,125,2916.9536016564816,2917.7707312861457
431862062,59,125,2917.77536091581,2923.347108602524
431862062,59,126,2923.5577567508444,2930.277664160356
431862062,59,126,2930.4883123086765,2936.6873863846995
431892128,59,125,2910.259157210123,2916.742953508161
431892128,59,125,2916.9536016564816,2917.7707312861457
431892128,59,125,2917.77536091581,2923.347108602524
431892128,59,126,2923.5577567508444,2930.277664160356
431892128,59,126,2930.4883123086765,2936.6873863846995
431988853,59,125,2910.259157210123,2916.742953508161
431988853,59,125,2916.9536016564816,2917.7707312861457
431988853,59,125,2917.77536091581,2923.347108602524
431988853,59,126,2923.5577567508444,2930.277664160356
431988853,59,126,2930.4883123086765,2936.6873863846995
432995801,43,93,2474.166761370376,2486.1250831289217
432995801,43,94,2487.180638684425,2498.888972017914
432995801,44,95,2500.1875831289217,2511.7223053518683
432995801,44,96,2513.2014604443684,2519.4167382232845
432995801,44,96,2519.4236826677807,2524.4375715572387
432995801,45,97,2525.507016001735,2537.979226652533
432995801,45,98,2539.1389488750137,2550.625059989281
433448211,10,27,1569.4379882598296,1581.771321593318
433448211,10,28,1582.771321593318,1595.667143351864
433448211,11,29,1596.7713100183755,1609.6879766830243
433448211,11,30,1610.7921433495358,1623.875465106219
433448211,37,81,2307.2362868711352,2319.0279419636354
433448211,37,82,2320.222386407666,2332.576553073246
433448211,38,83,2333.854319276754,2346.3334859414026
433448211,38,84,2347.2987637189217,2360.5487521416508
433448211,64,135,3041.108636408113,3048.1132544633
433448211,64,135,3048.3239026116207,3054.752143351827
433448211,64,135,3054.754458166659,3055.078532240819
433448211,64,136,3055.289180388674,3062.21742112888
433448211,64,136,3062.428069277201,3068.029921127949
434563064,11,29,1596.7713100183755,1609.6879766830243
434563064,11,30,1610.7921433495358,1623.875465106219
434572413,11,29,1596.7713100183755,1609.6879766830243
434572413,11,30,1610.7921433495358,1623.875465106219
434572413,64,135,3041.108636408113,3048.1132544633
434572413,64,135,3048.3239026116207,3054.752143351827
434572413,64,135,3054.754458166659,3055.078532240819
434572413,64,136,3055.289180388674,3062.21742112888
434572413,64,136,3062.428069277201,3068.029921127949
434572413,65,137,3068.7336248317733,3075.9674095525406
434572413,65,137,3076.178057700861,3083.47435399564
434572413,65,138,3083.685002143495,3087.4674095502123
434572413,65,138,3087.4697243650444,3090.252131771762
434572413,65,138,3090.462779919617,3096.58777991822
435003773,11,29,1596.7713100183755,1609.6879766830243
435003773,11,30,1610.7921433495358,1623.875465106219
435003773,64,135,3041.108636408113,3048.1132544633
435003773,64,135,3048.3239026116207,3054.752143351827
435003773,64,135,3054.754458166659,3055.078532240819
435003773,64,136,3055.289180388674,3062.21742112888
435003773,64,136,3062.428069277201,3068.029921127949
435111484,11,29,1596.7713100183755,1609.6879766830243
435111484,11,30,1610.7921433495358,1623.875465106219
435111484,37,81,2307.2362868711352,2319.0279419636354
435111484,37,82,2320.222386407666,2332.576553073246
435111484,38,83,2333.854319276754,2346.3334859414026
435111484,38,84,2347.2987637189217,2360.5487521416508
435111484,64,135,3041.108636408113,3048.1132544633
435111484,64,135,3048.3239026116207,3054.752143351827
435111484,64,135,3054.754458166659,3055.078532240819
435111484,64,136,3055.289180388674,3062.21742112888
435111484,64,136,3062.428069277201,3068.029921127949
435111484,65,137,3068.7336248317733,3075.9674095525406
435111484,65,137,3076.178057700861,3083.47435399564
435111484,65,138,3083.685002143495,3087.4674095502123
435111484,65,138,3087.4697243650444,3090.252131771762
435111484,65,138,3090.462779919617,3096.58777991822
435977760,11,29,1596.7713100183755,1609.6879766830243
435977760,11,30,1610.7921433495358,1623.875465106219
436804673,9,25,1543.2296664975584,1555.542166499421
436804673,9,26,1556.729666499421,1568.458821593318
436804673,10,27,1569.4379882598296,1581.771321593318
436804673,10,28,1582.771321593318,1595.667143351864
436804673,62,131,2988.435048438143,2994.881807698868
436804673,62,131,2995.092455847189,3000.9234627927653
436804673,62,132,3001.134110941086,3007.53457390517
436804673,62,132,3007.7452220534906,3014.152629461605
436804673,63,133,3014.3632776099257,3021.187351684552
436804673,63,133,3021.3979998328723,3027.3910438148305
436804673,63,134,3027.601691963151,3034.0901178894565
436804673,63,134,3034.300766037777,3040.8979882597923
436998675,11,29,1596.7713100183755,1609.6879766830243
436998675,11,30,1610.7921433495358,1623.875465106219
436998675,64,135,3041.108636408113,3048.1132544633
436998675,64,135,3048.3239026116207,3054.752143351827
436998675,64,135,3054.754458166659,3055.078532240819
436998675,64,136,3055.289180388674,3062.21742112888
436998675,64,136,3062.428069277201,3068.029921127949
436998675,65,137,3068.7336248317733,3075.9674095525406
436998675,65,137,3076.178057700861,3083.47435399564
436998675,65,138,3083.685002143495,3087.4674095502123
436998675,65,138,3087.4697243650444,3090.252131771762
436998675,65,138,3090.462779919617,3096.58777991822
437091565,11,29,1596.7713100183755,1609.6879766830243
437091565,11,30,1610.7921433495358,1623.875465106219
437842546,43,93,2474.166761370376,2486.1250831289217
437842546,43,94,2487.180638684425,2498.888972017914
438614945,64,135,3041.108636408113,3048.1132544633
438614945,64,135,3048.3239026116207,3054.752143351827
438614945,64,135,3054.754458166659,3055.078532240819
438614945,64,136,3055.289180388674,3062.21742112888
438614945,64,136,3062.428069277201,3068.029921127949
438631656,64,135,3041.108636408113,3048.1132544633
438631656,64,135,3048.3239026116207,3054.752143351827
438631656,64,135,3054.754458166659,3055.078532240819
438631656,64,136,3055.289180388674,3062.21742112888
438631656,64,136,3062.428069277201,3068.029921127949
438639036,64,135,3041.108636408113,3048.1132544633
438639036,64,135,3048.3239026116207,3054.752143351827
438639036,64,135,3054.754458166659,3055.078532240819
438639036,64,136,3055.289180388674,3062.21742112888
438639036,64,136,3062.428069277201,3068.029921127949
438689941,64,135,3041.108636408113,3048.1132544633
438689941,64,135,3048.3239026116207,3054.752143351827
438689941,64,135,3054.754458166659,3055.078532240819
438689941,64,136,3055.289180388674,3062.21742112888
438689941,64,136,3062.428069277201,3068.029921127949
438692318,11,29,1596.7713100183755,1609.6879766830243
438692318,11,30,1610.7921433495358,1623.875465106219
438712956,64,135,3041.108636408113,3048.1132544633
438712956,64,135,3048.3239026116207,3054.752143351827
438712956,64,135,3054.754458166659,3055.078532240819
438712956,64,136,3055.289180388674,3062.21742112888
438712956,64,136,3062.428069277201,3068.029921127949
438733975,11,29,1596.7713100183755,1609.6879766830243
438733975,11,30,1610.7921433495358,1623.875465106219
438733975,38,83,2333.854319276754,2346.3334859414026
438733975,38,84,2347.2987637189217,2360.5487521416508
438775149,11,29,1596.7713100183755,1609.6879766830243
438775149,11,30,1610.7921433495358,1623.875465106219
438775149,37,81,2307.2362868711352,2319.0279419636354
438775149,37,82,2320.222386407666,2332.576553073246
438775149,38,83,2333.854319276754,2346.3334859414026
438775149,38,84,2347.2987637189217,2360.5487521416508
438775149,64,135,3041.108636408113,3048.1132544633
438775149,64,135,3048.3239026116207,3054.752143351827
438775149,64,135,3054.754458166659,3055.078532240819
438775149,64,136,3055.289180388674,3062.21742112888
438775149,64,136,3062.428069277201,3068.029921127949
438789953,64,135,3041.108636408113,3048.1132544633
438789953,64,135,3048.3239026116207,3054.752143351827
438789953,64,135,3054.754458166659,3055.078532240819
438789953,64,136,3055.289180388674,3062.21742112888
438789953,64,136,3062.428069277201,3068.029921127949
438790188,11,29,1596.7713100183755,1609.6879766830243
438790188,11,30,1610.7921433495358,1623.875465106219
438790188,38,83,2333.854319276754,2346.3334859414026
438790188,38,84,2347.2987637189217,2360.5487521416508
438790188,64,135,3041.108636408113,3048.1132544633
438790188,64,135,3048.3239026116207,3054.752143351827
438790188,64,135,3054.754458166659,3055.078532240819
438790188,64,136,3055.289180388674,3062.21742112888
438790188,64,136,3062.428069277201,3068.029921127949
438838902,11,29,1596.7713100183755,1609.6879766830243
438838902,11,30,1610.7921433495358,1623.875465106219
438838902,38,83,2333.854319276754,2346.3334859414026
438838902,38,84,2347.2987637189217,2360.5487521416508
439971546,11,29,1596.7713100183755,1609.6879766830243
439971546,11,30,1610.7921433495358,1623.875465106219
439971546,64,135,3041.108636408113,3048.1132544633
439971546,64,135,3048.3239026116207,3054.752143351827
439971546,64,135,3054.754458166659,3055.078532240819
439971546,64,136,3055.289180388674,3062.21742112888
439971546,64,136,3062.428069277201,3068.029921127949
439971546,65,137,3068.7336248317733,3075.9674095525406
439971546,65,137,3076.178057700861,3083.47435399564
439971546,65,138,3083.685002143495,3087.4674095502123
439971546,65,138,3087.4697243650444,3090.252131771762
439971546,65,138,3090.462779919617,3096.58777991822
440681328,43,93,2474.166761370376,2486.1250831289217
440681328,43,94,2487.180638684425,2498.888972017914
440681343,42,91,2447.687606282532,2460.3056502612308
440681343,42,92,2461.2362058167346,2473.159816926345
440681343,43,93,2474.166761370376,2486.1250831289217
440681343,43,94,2487.180638684425,2498.888972017914
440681343,44,95,2500.1875831289217,2511.7223053518683
440681343,44,96,2513.2014604443684,2519.4167382232845
440681343,44,96,2519.4236826677807,2524.4375715572387
440681387,43,93,2474.166761370376,2486.1250831289217
440681387,43,94,2487.180638684425,2498.888972017914
440681387,44,95,2500.1875831289217,2511.7223053518683
440681387,44,96,2513.2014604443684,2519.4167382232845
440681387,44,96,2519.4236826677807,2524.4375715572387
440681403,42,91,2447.687606282532,2460.3056502612308
440681403,42,92,2461.2362058167346,2473.159816926345
440681403,43,93,2474.166761370376,2486.1250831289217
440681403,43,94,2487.180638684425,2498.888972017914
440681409,43,93,2474.166761370376,2486.1250831289217
440681409,43,94,2487.180638684425,2498.888972017914
440681418,42,91,2447.687606282532,2460.3056502612308
440681418,42,92,2461.2362058167346,2473.159816926345
440681418,43,93,2474.166761370376,2486.1250831289217
440681418,43,94,2487.180638684425,2498.888972017914
440681529,44,95,2500.1875831289217,2511.7223053518683
440681529,44,96,2513.2014604443684,2519.4167382232845
440681529,44,96,2519.4236826677807,2524.4375715572387
440681536,42,91,2447.687606282532,2460.3056502612308
440681536,42,92,2461.2362058167346,2473.159816926345
440681564,42,91,2447.687606282532,2460.3056502612308
440681564,42,92,2461.2362058167346,2473.159816926345
440681564,44,95,2500.1875831289217,2511.7223053518683
440681564,44,96,2513.2014604443684,2519.4167382232845
440681564,44,96,2519.4236826677807,2524.4375715572387
440681617,42,91,2447.687606282532,2460.3056502612308
440681617,42,92,2461.2362058167346,2473.159816926345
440681617,43,93,2474.166761370376,2486.1250831289217
440681617,43,94,2487.180638684425,2498.888972017914
440681617,44,95,2500.1875831289217,2511.7223053518683
440681617,44,96,2513.2014604443684,2519.4167382232845
440681617,44,96,2519.4236826677807,2524.4375715572387
440681652,42,91,2447.687606282532,2460.3056502612308
440681652,42,92,2461.2362058167346,2473.159816926345
440681652,43,93,2474.166761370376,2486.1250831289217
440681652,43,94,2487.180638684425,2498.888972017914
440681652,44,95,2500.1875831289217,2511.7223053518683
440681652,44,96,2513.2014604443684,2519.4167382232845
440681652,44,96,2519.4236826677807,2524.4375715572387
440681791,43,93,2474.166761370376,2486.1250831289217
440681791,43,94,2487.180638684425,2498.888972017914
440681808,44,95,2500.1875831289217,2511.7223053518683
440681808,44,96,2513.2014604443684,2519.4167382232845
440681808,44,96,2519.4236826677807,2524.4375715572387
440681987,42,91,2447.687606282532,2460.3056502612308
440681987,42,92,2461.2362058167346,2473.159816926345
440681987,43,93,2474.166761370376,2486.1250831289217
440681987,43,94,2487.180638684425,2498.888972017914
440682035,44,95,2500.1875831289217,2511.7223053518683
440682035,44,96,2513.2014604443684,2519.4167382232845
440682035,44,96,2519.4236826677807,2524.4375715572387
440682459,44,95,2500.1875831289217,2511.7223053518683
440682459,44,96,2513.2014604443684,2519.4167382232845
440682459,44,96,2519.4236826677807,2524.4375715572387
440685446,42,91,2447.687606282532,2460.3056502612308
440685446,42,92,2461.2362058167346,2473.159816926345
440685446,44,95,2500.1875831289217,2511.7223053518683
440685446,44,96,2513.2014604443684,2519.4167382232845
440685446,44,96,2519.4236826677807,2524.4375715572387
440685517,42,91,2447.687606282532,2460.3056502612308
440685517,42,92,2461.2362058167346,2473.159816926345
440685517,43,93,2474.166761370376,2486.1250831289217
440685517,43,94,2487.180638684425,2498.888972017914
440685552,42,91,2447.687606282532,2460.3056502612308
440685552,42,92,2461.2362058167346,2473.159816926345
440685552,43,93,2474.166761370376,2486.1250831289217
440685552,43,94,2487.180638684425,2498.888972017914
440685552,44,95,2500.1875831289217,2511.7223053518683
440685552,44,96,2513.2014604443684,2519.4167382232845
440685552,44,96,2519.4236826677807,2524.4375715572387
440685753,44,95,2500.1875831289217,2511.7223053518683
440685753,44,96,2513.2014604443684,2519.4167382232845
440685753,44,96,2519.4236826677807,2524.4375715572387
440685779,42,91,2447.687606282532,2460.3056502612308
440685779,42,92,2461.2362058167346,2473.159816926345
440685779,43,93,2474.166761370376,2486.1250831289217
440685779,43,94,2487.180638684425,2498.888972017914
440685779,44,95,2500.1875831289217,2511.7223053518683
440685779,44,96,2513.2014604443684,2519.4167382232845
440685779,44,96,2519.4236826677807,2524.4375715572387
440685902,44,95,2500.1875831289217,2511.7223053518683
440685902,44,96,2513.2014604443684,2519.4167382232845
440685902,44,96,2519.4236826677807,2524.4375715572387
440686085,42,91,2447.687606282532,2460.3056502612308
440686085,42,92,2461.2362058167346,2473.159816926345
440686085,44,95,2500.1875831289217,2511.7223053518683
440686085,44,96,2513.2014604443684,2519.4167382232845
440686085,44,96,2519.4236826677807,2524.4375715572387
440686116,42,91,2447.687606282532,2460.3056502612308
440686116,42,92,2461.2362058167346,2473.159816926345
440686116,43,93,2474.166761370376,2486.1250831289217
440686116,43,94,2487.180638684425,2498.888972017914
440686116,44,95,2500.1875831289217,2511.7223053518683
440686116,44,96,2513.2014604443684,2519.4167382232845
440686116,44,96,2519.4236826677807,2524.4375715572387
440686290,42,91,2447.687606282532,2460.3056502612308
440686290,42,92,2461.2362058167346,2473.159816926345
440686290,43,93,2474.166761370376,2486.1250831289217
440686290,43,94,2487.180638684425,2498.888972017914
440686290,44,95,2500.1875831289217,2511.7223053518683
440686290,44,96,2513.2014604443684,2519.4167382232845
440686290,44,96,2519.4236826677807,2524.4375715572387
440686303,43,93,2474.166761370376,2486.1250831289217
440686303,43,94,2487.180638684425,2498.888972017914
440686303,44,95,2500.1875831289217,2511.7223053518683
440686303,44,96,2513.2014604443684,2519.4167382232845
440686303,44,96,2519.4236826677807,2524.4375715572387
440686355,42,91,2447.687606282532,2460.3056502612308
440686355,42,92,2461.2362058167346,2473.159816926345
440686355,44,95,2500.1875831289217,2511.7223053518683
440686355,44,96,2513.2014604443684,2519.4167382232845
440686355,44,96,2519.4236826677807,2524.4375715572387
440686422,42,91,2447.687606282532,2460.3056502612308
440686422,42,92,2461.2362058167346,2473.159816926345
440686535,42,91,2447.687606282532,2460.3056502612308
440686535,42,92,2461.2362058167346,2473.159816926345
440686535,43,93,2474.166761370376,2486.1250831289217
440686535,43,94,2487.180638684425,2498.888972017914
440686690,43,93,2474.166761370376,2486.1250831289217
440686690,43,94,2487.180638684425,2498.888972017914
440686690,44,95,2500.1875831289217,2511.7223053518683
440686690,44,96,2513.2014604443684,2519.4167382232845
440686690,44,96,2519.4236826677807,2524.4375715572387
440686901,42,91,2447.687606282532,2460.3056502612308
440686901,42,92,2461.2362058167346,2473.159816926345
440686901,43,93,2474.166761370376,2486.1250831289217
440686901,43,94,2487.180638684425,2498.888972017914
440686989,42,91,2447.687606282532,2460.3056502612308
440686989,42,92,2461.2362058167346,2473.159816926345
440686989,43,93,2474.166761370376,2486.1250831289217
440686989,43,94,2487.180638684425,2498.888972017914
440687056,44,95,2500.1875831289217,2511.7223053518683
440687056,44,96,2513.2014604443684,2519.4167382232845
440687056,44,96,2519.4236826677807,2524.4375715572387
440688150,44,95,2500.1875831289217,2511.7223053518683
440688150,44,96,2513.2014604443684,2519.4167382232845
440688150,44,96,2519.4236826677807,2524.4375715572387
440689443,42,91,2447.687606282532,2460.3056502612308
440689443,42,92,2461.2362058167346,2473.159816926345
440689443,43,93,2474.166761370376,2486.1250831289217
440689443,43,94,2487.180638684425,2498.888972017914
440689443,44,95,2500.1875831289217,2511.7223053518683
440689443,44,96,2513.2014604443684,2519.4167382232845
440689443,44,96,2519.4236826677807,2524.4375715572387
440689977,42,91,2447.687606282532,2460.3056502612308
440689977,42,92,2461.2362058167346,2473.159816926345
440689977,44,95,2500.1875831289217,2511.7223053518683
440689977,44,96,2513.2014604443684,2519.4167382232845
440689977,44,96,2519.4236826677807,2524.4375715572387
440690703,44,95,2500.1875831289217,2511.7223053518683
440690703,44,96,2513.2014604443684,2519.4167382232845
440690703,44,96,2519.4236826677807,2524.4375715572387
440690708,43,93,2474.166761370376,2486.1250831289217
440690708,43,94,2487.180638684425,2498.888972017914
440690752,42,91,2447.687606282532,2460.3056502612308
440690752,42,92,2461.2362058167346,2473.159816926345
440690825,44,95,2500.1875831289217,2511.7223053518683
440690825,44,96,2513.2014604443684,2519.4167382232845
440690825,44,96,2519.4236826677807,2524.4375715572387
440691009,42,91,2447.687606282532,2460.3056502612308
440691009,42,92,2461.2362058167346,2473.159816926345
440691009,43,93,2474.166761370376,2486.1250831289217
440691009,43,94,2487.180638684425,2498.888972017914
440691028,44,95,2500.1875831289217,2511.7223053518683
440691028,44,96,2513.2014604443684,2519.4167382232845
440691028,44,96,2519.4236826677807,2524.4375715572387
440691137,42,91,2447.687606282532,2460.3056502612308
440691137,42,92,2461.2362058167346,2473.159816926345
440691137,43,93,2474.166761370376,2486.1250831289217
440691137,43,94,2487.180638684425,2498.888972017914
440691248,43,93,2474.166761370376,2486.1250831289217
440691248,43,94,2487.180638684425,2498.888972017914
440691258,42,91,2447.687606282532,2460.3056502612308
440691258,42,92,2461.2362058167346,2473.159816926345
440691258,43,93,2474.166761370376,2486.1250831289217
440691258,43,94,2487.180638684425,2498.888972017914
440691258,44,95,2500.1875831289217,2511.7223053518683
440691258,44,96,2513.2014604443684,2519.4167382232845
440691258,44,96,2519.4236826677807,2524.4375715572387
440691343,42,91,2447.687606282532,2460.3056502612308
440691343,42,92,2461.2362058167346,2473.159816926345
440691343,43,93,2474.166761370376,2486.1250831289217
440691343,43,94,2487.180638684425,2498.888972017914
440691544,42,91,2447.687606282532,2460.3056502612308
440691544,42,92,2461.2362058167346,2473.159816926345
440691820,44,95,2500.1875831289217,2511.7223053518683
440691820,44,96,2513.2014604443684,2519.4167382232845
440691820,44,96,2519.4236826677807,2524.4375715572387
440692312,42,91,2447.687606282532,2460.3056502612308
440692312,42,92,2461.2362058167346,2473.159816926345
440692312,43,93,2474.166761370376,2486.1250831289217
440692312,43,94,2487.180638684425,2498.888972017914
440695252,42,91,2447.687606282532,2460.3056502612308
440695252,42,92,2461.2362058167346,2473.159816926345
440695252,44,95,2500.1875831289217,2511.7223053518683
440695252,44,96,2513.2014604443684,2519.4167382232845
440695252,44,96,2519.4236826677807,2524.4375715572387
440695926,42,91,2447.687606282532,2460.3056502612308
440695926,42,92,2461.2362058167346,2473.159816926345
440695926,43,93,2474.166761370376,2486.1250831289217
440695926,43,94,2487.180638684425,2498.888972017914
440696035,43,93,2474.166761370376,2486.1250831289217
440696035,43,94,2487.180638684425,2498.888972017914
440696262,43,93,2474.166761370376,2486.1250831289217
440696262,43,94,2487.180638684425,2498.888972017914
440696262,44,95,2500.1875831289217,2511.7223053518683
440696262,44,96,2513.2014604443684,2519.4167382232845
440696262,44,96,2519.4236826677807,2524.4375715572387
440696609,42,91,2447.687606282532,2460.3056502612308
440696609,42,92,2461.2362058167346,2473.159816926345
440696609,43,93,2474.166761370376,2486.1250831289217
440696609,43,94,2487.180638684425,2498.888972017914
440696609,44,95,2500.1875831289217,2511.7223053518683
440696609,44,96,2513.2014604443684,2519.4167382232845
440696609,44,96,2519.4236826677807,2524.4375715572387
440696635,42,91,2447.687606282532,2460.3056502612308
440696635,42,92,2461.2362058167346,2473.159816926345
440696635,43,93,2474.166761370376,2486.1250831289217
440696635,43,94,2487.180638684425,2498.888972017914
440696704,42,91,2447.687606282532,2460.3056502612308
440696704,42,92,2461.2362058167346,2473.159816926345
440696704,44,95,2500.1875831289217,2511.7223053518683
440696704,44,96,2513.2014604443684,2519.4167382232845
440696704,44,96,2519.4236826677807,2524.4375715572387
440696817,42,91,2447.687606282532,2460.3056502612308
440696817,42,92,2461.2362058167346,2473.159816926345
440696817,43,93,2474.166761370376,2486.1250831289217
440696817,43,94,2487.180638684425,2498.888972017914
440700343,42,91,2447.687606282532,2460.3056502612308
440700343,42,92,2461.2362058167346,2473.159816926345
440700343,43,93,2474.166761370376,2486.1250831289217
440700343,43,94,2487.180638684425,2498.888972017914
440700343,44,95,2500.1875831289217,2511.7223053518683
440700343,44,96,2513.2014604443684,2519.4167382232845
440700343,44,96,2519.4236826677807,2524.4375715572387
440700411,42,91,2447.687606282532,2460.3056502612308
440700411,42,92,2461.2362058167346,2473.159816926345
440700411,43,93,2474.166761370376,2486.1250831289217
440700411,43,94,2487.180638684425,2498.888972017914
440700464,42,91,2447.687606282532,2460.3056502612308
440700464,42,92,2461.2362058167346,2473.159816926345
440700464,43,93,2474.166761370376,2486.1250831289217
440700464,43,94,2487.180638684425,2498.888972017914
440700464,44,95,2500.1875831289217,2511.7223053518683
440700464,44,96,2513.2014604443684,2519.4167382232845
440700464,44,96,2519.4236826677807,2524.4375715572387
440700588,44,95,2500.1875831289217,2511.7223053518683
440700588,44,96,2513.2014604443684,2519.4167382232845
440700588,44,96,2519.4236826677807,2524.4375715572387
440701022,43,93,2474.166761370376,2486.1250831289217
440701022,43,94,2487.180638684425,2498.888972017914
440701022,44,95,2500.1875831289217,2511.7223053518683
440701022,44,96,2513.2014604443684,2519.4167382232845
440701022,44,96,2519.4236826677807,2524.4375715572387
440702499,42,91,2447.687606282532,2460.3056502612308
440702499,42,92,2461.2362058167346,2473.159816926345
440702499,43,93,2474.166761370376,2486.1250831289217
440702499,43,94,2487.180638684425,2498.888972017914
440702500,42,91,2447.687606282532,2460.3056502612308
440702500,42,92,2461.2362058167346,2473.159816926345
440702500,43,93,2474.166761370376,2486.1250831289217
440702500,43,94,2487.180638684425,2498.888972017914
440702986,43,93,2474.166761370376,2486.1250831289217
440702986,43,94,2487.180638684425,2498.888972017914
440702986,44,95,2500.1875831289217,2511.7223053518683
440702986,44,96,2513.2014604443684,2519.4167382232845
440702986,44,96,2519.4236826677807,2524.4375715572387
440703158,43,93,2474.166761370376,2486.1250831289217
440703158,43,94,2487.180638684425,2498.888972017914
440703158,44,95,2500.1875831289217,2511.7223053518683
440703158,44,96,2513.2014604443684,2519.4167382232845
440703158,44,96,2519.4236826677807,2524.4375715572387
440703174,43,93,2474.166761370376,2486.1250831289217
440703174,43,94,2487.180638684425,2498.888972017914
440703285,42,91,2447.687606282532,2460.3056502612308
440703285,42,92,2461.2362058167346,2473.159816926345
440703285,43,93,2474.166761370376,2486.1250831289217
440703285,43,94,2487.180638684425,2498.888972017914
440703485,43,93,2474.166761370376,2486.1250831289217
440703485,43,94,2487.180638684425,2498.888972017914
440703485,44,95,2500.1875831289217,2511.7223053518683
440703485,44,96,2513.2014604443684,2519.4167382232845
440703485,44,96,2519.4236826677807,2524.4375715572387
440703573,42,91,2447.687606282532,2460.3056502612308
440703573,42,92,2461.2362058167346,2473.159816926345
440703573,43,93,2474.166761370376,2486.1250831289217
440703573,43,94,2487.180638684425,2498.888972017914
440703573,44,95,2500.1875831289217,2511.7223053518683
440703573,44,96,2513.2014604443684,2519.4167382232845
440703573,44,96,2519.4236826677807,2524.4375715572387
440704123,43,93,2474.166761370376,2486.1250831289217
440704123,43,94,2487.180638684425,2498.888972017914
440704339,44,95,2500.1875831289217,2511.7223053518683
440704339,44,96,2513.2014604443684,2519.4167382232845
440704339,44,96,2519.4236826677807,2524.4375715572387
440704531,43,93,2474.166761370376,2486.1250831289217
440704531,43,94,2487.180638684425,2498.888972017914
440704531,44,95,2500.1875831289217,2511.7223053518683
440704531,44,96,2513.2014604443684,2519.4167382232845
440704531,44,96,2519.4236826677807,2524.4375715572387
440705319,43,93,2474.166761370376,2486.1250831289217
440705319,43,94,2487.180638684425,2498.888972017914
440725886,42,91,2447.687606282532,2460.3056502612308
440725886,42,92,2461.2362058167346,2473.159816926345
440725886,43,93,2474.166761370376,2486.1250831289217
440725886,43,94,2487.180638684425,2498.888972017914
440725886,44,95,2500.1875831289217,2511.7223053518683
440725886,44,96,2513.2014604443684,2519.4167382232845
440725886,44,96,2519.4236826677807,2524.4375715572387
440726015,42,91,2447.687606282532,2460.3056502612308
440726015,42,92,2461.2362058167346,2473.159816926345
440726015,43,93,2474.166761370376,2486.1250831289217
440726015,43,94,2487.180638684425,2498.888972017914
440726015,44,95,2500.1875831289217,2511.7223053518683
440726015,44,96,2513.2014604443684,2519.4167382232845
440726015,44,96,2519.4236826677807,2524.4375715572387
440726384,43,93,2474.166761370376,2486.1250831289217
440726384,43,94,2487.180638684425,2498.888972017914
440726596,42,91,2447.687606282532,2460.3056502612308
440726596,42,92,2461.2362058167346,2473.159816926345
440726596,43,93,2474.166761370376,2486.1250831289217
440726596,43,94,2487.180638684425,2498.888972017914
440726596,44,95,2500.1875831289217,2511.7223053518683
440726596,44,96,2513.2014604443684,2519.4167382232845
440726596,44,96,2519.4236826677807,2524.4375715572387
440727107,43,93,2474.166761370376,2486.1250831289217
440727107,43,94,2487.180638684425,2498.888972017914
440727107,44,95,2500.1875831289217,2511.7223053518683
440727107,44,96,2513.2014604443684,2519.4167382232845
440727107,44,96,2519.4236826677807,2524.4375715572387
440727302,44,95,2500.1875831289217,2511.7223053518683
440727302,44,96,2513.2014604443684,2519.4167382232845
440727302,44,96,2519.4236826677807,2524.4375715572387
440727544,42,91,2447.687606282532,2460.3056502612308
440727544,42,92,2461.2362058167346,2473.159816926345
440727544,44,95,2500.1875831289217,2511.7223053518683
440727544,44,96,2513.2014604443684,2519.4167382232845
440727544,44,96,2519.4236826677807,2524.4375715572387
440731943,42,91,2447.687606282532,2460.3056502612308
440731943,42,92,2461.2362058167346,2473.159816926345
440731943,43,93,2474.166761370376,2486.1250831289217
440731943,43,94,2487.180638684425,2498.888972017914
440731943,44,95,2500.1875831289217,2511.7223053518683
440731943,44,96,2513.2014604443684,2519.4167382232845
440731943,44,96,2519.4236826677807,2524.4375715572387
440732135,42,91,2447.687606282532,2460.3056502612308
440732135,42,92,2461.2362058167346,2473.159816926345
440732135,43,93,2474.166761370376,2486.1250831289217
440732135,43,94,2487.180638684425,2498.888972017914
440732135,44,95,2500.1875831289217,2511.7223053518683
440732135,44,96,2513.2014604443684,2519.4167382232845
440732135,44,96,2519.4236826677807,2524.4375715572387
440732366,43,93,2474.166761370376,2486.1250831289217
440732366,43,94,2487.180638684425,2498.888972017914
440732366,44,95,2500.1875831289217,2511.7223053518683
440732366,44,96,2513.2014604443684,2519.4167382232845
440732366,44,96,2519.4236826677807,2524.4375715572387
440732585,43,93,2474.166761370376,2486.1250831289217
440732585,43,94,2487.180638684425,2498.888972017914
440732585,44,95,2500.1875831289217,2511.7223053518683
440732585,44,96,2513.2014604443684,2519.4167382232845
440732585,44,96,2519.4236826677807,2524.4375715572387
440733950,42,91,2447.687606282532,2460.3056502612308
440733950,42,92,2461.2362058167346,2473.159816926345
440733950,43,93,2474.166761370376,2486.1250831289217
440733950,43,94,2487.180638684425,2498.888972017914
440733950,44,95,2500.1875831289217,2511.7223053518683
440733950,44,96,2513.2014604443684,2519.4167382232845
440733950,44,96,2519.4236826677807,2524.4375715572387
442623945,12,31,1624.958798439242,1638.9796317690052
442623945,12,32,1640.0421317685395,1652.875453523826
442623945,38,83,2333.854319276754,2346.3334859414026
442623945,38,84,2347.2987637189217,2360.5487521416508
442828160,12,31,1624.958798439242,1638.9796317690052
442828160,12,32,1640.0421317685395,1652.875453523826
443480340,11,29,1596.7713100183755,1609.6879766830243
443480340,11,30,1610.7921433495358,1623.875465106219
443480340,38,83,2333.854319276754,2346.3334859414026
443480340,38,84,2347.2987637189217,2360.5487521416508
444536794,10,27,1569.4379882598296,1581.771321593318
444536794,10,28,1582.771321593318,1595.667143351864
444536794,36,79,2280.902965109796,2292.8543424261734
444536794,36,80,2293.7918424261734,2305.9862868711352
445018388,60,127,2936.89803453302,2943.703590090852
445018388,60,127,2943.914238238707,2949.766078518704
445018388,60,128,2949.9767266665585,2949.992930370383
445018388,60,128,2955.039226668421,2956.2429303727117
445018388,60,128,2956.453578520566,2962.5832081525587
445242095,58,123,2882.323983593378,2889.4235206316225
445242095,58,123,2889.634168779477,2896.0554535030387
445242095,58,124,2896.26610165136,2903.38415720826
445242095,58,124,2903.5948053565808,2910.048509061802
445330849,61,129,2962.7938563008797,2969.3332081544213
445330849,61,129,2969.543856302742,2975.1966225081123
445330849,61,130,2975.407270656433,2982.1896780659445
445330849,61,130,2982.400326214265,2988.2244002898224
445330849,62,131,2988.435048438143,2994.881807698868
445330849,62,131,2995.092455847189,3000.9234627927653
445330849,62,132,3001.134110941086,3007.53457390517
445330849,62,132,3007.7452220534906,3014.152629461605
445452650,61,129,2962.7938563008797,2969.3332081544213
445452650,61,129,2969.543856302742,2975.1966225081123
445452650,61,130,2975.407270656433,2982.1896780659445
445452650,61,130,2982.400326214265,2988.2244002898224
445452650,62,131,2988.435048438143,2994.881807698868
445452650,62,131,2995.092455847189,3000.9234627927653
445452650,62,132,3001.134110941086,3007.53457390517
445452650,62,132,3007.7452220534906,3014.152629461605
445517149,61,129,2962.7938563008797,2969.3332081544213
445517149,61,129,2969.543856302742,2975.1966225081123
445517149,61,130,2975.407270656433,2982.1896780659445
445517149,61,130,2982.400326214265,2988.2244002898224
445517149,62,131,2988.435048438143,2994.881807698868
445517149,62,131,2995.092455847189,3000.9234627927653
445517149,62,132,3001.134110941086,3007.53457390517
445517149,62,132,3007.7452220534906,3014.152629461605
447993848,11,29,1596.7713100183755,1609.6879766830243
447993848,11,30,1610.7921433495358,1623.875465106219
447993848,12,31,1624.958798439242,1638.9796317690052
447993848,12,32,1640.0421317685395,1652.875453523826
447993848,64,135,3041.108636408113,3048.1132544633
447993848,64,135,3048.3239026116207,3054.752143351827
447993848,64,135,3054.754458166659,3055.078532240819
447993848,64,136,3055.289180388674,3062.21742112888
447993848,64,136,3062.428069277201,3068.029921127949
447993848,65,137,3068.7336248317733,3075.9674095525406
447993848,65,137,3076.178057700861,3083.47435399564
447993848,65,138,3083.685002143495,3087.4674095502123
447993848,65,138,3087.4697243650444,3090.252131771762
447993848,65,138,3090.462779919617,3096.58777991822
447994659,64,135,3041.108636408113,3048.1132544633
447994659,64,135,3048.3239026116207,3054.752143351827
447994659,64,135,3054.754458166659,3055.078532240819
447994659,64,136,3055.289180388674,3062.21742112888
447994659,64,136,3062.428069277201,3068.029921127949
447994659,65,137,3068.7336248317733,3075.9674095525406
447994659,65,137,3076.178057700861,3083.47435399564
447994659,65,138,3083.685002143495,3087.4674095502123
447994659,65,138,3087.4697243650444,3090.252131771762
447994659,65,138,3090.462779919617,3096.58777991822
448002486,64,135,3041.108636408113,3048.1132544633
448002486,64,135,3048.3239026116207,3054.752143351827
448002486,64,135,3054.754458166659,3055.078532240819
448002486,64,136,3055.289180388674,3062.21742112888
448002486,64,136,3062.428069277201,3068.029921127949
448002486,65,137,3068.7336248317733,3075.9674095525406
448002486,65,137,3076.178057700861,3083.47435399564
448002486,65,138,3083.685002143495,3087.4674095502123
448002486,65,138,3087.4697243650444,3090.252131771762
448002486,65,138,3090.462779919617,3096.58777991822
448165340,38,83,2333.854319276754,2346.3334859414026
448165340,38,84,2347.2987637189217,2360.5487521416508
448165340,65,137,3068.7336248317733,3075.9674095525406
448165340,65,137,3076.178057700861,3083.47435399564
448165340,65,138,3083.685002143495,3087.4674095502123
448165340,65,138,3087.4697243650444,3090.252131771762
448165340,65,138,3090.462779919617,3096.58777991822
448165364,11,29,1596.7713100183755,1609.6879766830243
448165364,11,30,1610.7921433495358,1623.875465106219
448165364,12,31,1624.958798439242,1638.9796317690052
448165364,12,32,1640.0421317685395,1652.875453523826
448165364,38,83,2333.854319276754,2346.3334859414026
448165364,38,84,2347.2987637189217,2360.5487521416508
448165364,65,137,3068.7336248317733,3075.9674095525406
448165364,65,137,3076.178057700861,3083.47435399564
448165364,65,138,3083.685002143495,3087.4674095502123
448165364,65,138,3087.4697243650444,3090.252131771762
448165364,65,138,3090.462779919617,3096.58777991822
448852739,38,83,2333.854319276754,2346.3334859414026
448852739,38,84,2347.2987637189217,2360.5487521416508
448852739,39,85,2361.770974363666,2374.8543076934293
448852739,39,86,2375.86125213746,2389.715407225769
448852739,65,137,3068.7336248317733,3075.9674095525406
448852739,65,137,3076.178057700861,3083.47435399564
448852739,65,138,3083.685002143495,3087.4674095502123
448852739,65,138,3087.4697243650444,3090.252131771762
448852739,65,138,3090.462779919617,3096.58777991822
449355457,10,27,1569.4379882598296,1581.771321593318
449355457,10,28,1582.771321593318,1595.667143351864
449355457,11,29,1596.7713100183755,1609.6879766830243
449355457,11,30,1610.7921433495358,1623.875465106219
449355457,37,81,2307.2362868711352,2319.0279419636354
449355457,37,82,2320.222386407666,2332.576553073246
449355457,64,135,3041.108636408113,3048.1132544633
449355457,64,135,3048.3239026116207,3054.752143351827
449355457,64,135,3054.754458166659,3055.078532240819
449355457,64,136,3055.289180388674,3062.21742112888
449355457,64,136,3062.428069277201,3068.029921127949
449888653,11,29,1596.7713100183755,1609.6879766830243
449888653,11,30,1610.7921433495358,1623.875465106219
449940050,59,125,2910.259157210123,2916.742953508161
449940050,59,125,2916.9536016564816,2917.7707312861457
449940050,59,125,2917.77536091581,2923.347108602524
449940050,59,126,2923.5577567508444,2930.277664160356
449940050,59,126,2930.4883123086765,2936.6873863846995
449963411,59,125,2910.259157210123,2916.742953508161
449963411,59,125,2916.9536016564816,2917.7707312861457
449963411,59,125,2917.77536091581,2923.347108602524
449963411,59,126,2923.5577567508444,2930.277664160356
449963411,59,126,2930.4883123086765,2936.6873863846995
450179701,59,125,2910.259157210123,2916.742953508161
450179701,59,125,2916.9536016564816,2917.7707312861457
450179701,59,125,2917.77536091581,2923.347108602524
450179701,59,126,2923.5577567508444,2930.277664160356
450179701,59,126,2930.4883123086765,2936.6873863846995
450568600,65,137,3068.7336248317733,3075.9674095525406
450568600,65,137,3076.178057700861,3083.47435399564
450568600,65,138,3083.685002143495,3087.4674095502123
450568600,65,138,3087.4697243650444,3090.252131771762
450568600,65,138,3090.462779919617,3096.58777991822
450605193,11,29,1596.7713100183755,1609.6879766830243
450605193,11,30,1610.7921433495358,1623.875465106219
450690604,11,29,1596.7713100183755,1609.6879766830243
450690604,11,30,1610.7921433495358,1623.875465106219
450690604,37,81,2307.2362868711352,2319.0279419636354
450690604,37,82,2320.222386407666,2332.576553073246
450690604,38,83,2333.854319276754,2346.3334859414026
450690604,38,84,2347.2987637189217,2360.5487521416508
450696864,64,135,3041.108636408113,3048.1132544633
450696864,64,135,3048.3239026116207,3054.752143351827
450696864,64,135,3054.754458166659,3055.078532240819
450696864,64,136,3055.289180388674,3062.21742112888
450696864,64,136,3062.428069277201,3068.029921127949
450696864,65,137,3068.7336248317733,3075.9674095525406
450696864,65,137,3076.178057700861,3083.47435399564
450696864,65,138,3083.685002143495,3087.4674095502123
450696864,65,138,3087.4697243650444,3090.252131771762
450696864,65,138,3090.462779919617,3096.58777991822
450794865,64,135,3041.108636408113,3048.1132544633
450794865,64,135,3048.3239026116207,3054.752143351827
450794865,64,135,3054.754458166659,3055.078532240819
450794865,64,136,3055.289180388674,3062.21742112888
450794865,64,136,3062.428069277201,3068.029921127949
450794865,65,137,3068.7336248317733,3075.9674095525406
450794865,65,137,3076.178057700861,3083.47435399564
450794865,65,138,3083.685002143495,3087.4674095502123
450794865,65,138,3087.4697243650444,3090.252131771762
450794865,65,138,3090.462779919617,3096.58777991822
450861969,11,29,1596.7713100183755,1609.6879766830243
450861969,11,30,1610.7921433495358,1623.875465106219
451592551,66,139,3097.6687868623994,3104.88869426772
451592551,66,139,3105.0993424160406,3111.9743424137123
451592551,66,140,3112.184990562033,3119.076194263529
451592551,66,140,3119.2451757448725,3124.2405345398
451592551,66,140,3124.272941946984,3126.4257197240368
451592551,67,141,3126.6363678723574,3133.1132197217084
451592551,67,141,3133.323867870029,3140.2497937935404
451592551,67,142,3140.460441941861,3147.703497495037
451592551,67,142,3147.91413406888,3154.395615548361
452357628,4,15,1410.917224333156,1413.2505576666445
452357628,4,15,1413.2713909996671,1418.4797243336216
452357628,4,15,1421.2297243340872,1423.5005576675758
452357628,4,16,1424.5630576680414,1436.833879429381
452357628,5,17,1437.97971276287,1450.1880460991524
452357628,5,18,1451.563046099618,1464.2713678628206
452357628,6,19,1468.2713678642176,1477.0213678670116
452357628,6,20,1478.1047012005,1490.0421896306798
452357628,7,21,1491.625522964634,1503.0213563013822
452357628,7,22,1504.7088563023135,1516.0838447315618
452357628,8,23,1517.354678065516,1529.0630114017986
452357628,8,24,1530.2713447352871,1531.7296780692411
452357628,8,24,1535.0005114031956,1542.0004998305812
452357628,11,29,1596.7713100183755,1609.6879766830243
452357628,11,30,1610.7921433495358,1623.875465106219
452357628,27,61,2036.2780692591327,2048.125279903412
452357628,27,62,2049.1530576804653,2060.6391687882133
452357628,28,63,2061.847502121236,2073.958601654973
452357628,28,64,2075.1530460990034,2087.0974905407056
452357628,31,69,2144.514134055469,2157.451622482855
452357628,31,70,2158.861344705336,2169.944678040687
452357628,32,71,2174.222455819603,2185.9377220263705
452357628,32,72,2186.9446664713323,2200.2293886975385
452357628,33,73,2201.729388698004,2213.86132157268
452357628,33,74,2215.430766017642,2227.5696549103595
452357628,34,75,2228.750210466329,2240.902976674028
452357628,34,76,2241.9863100075163,2254.062698900234
452357628,37,81,2307.2362868711352,2319.0279419636354
452357628,37,82,2320.222386407666,2332.576553073246
452357628,38,83,2333.854319276754,2346.3334859414026
452357628,38,84,2347.2987637189217,2360.5487521416508
452357628,61,129,2962.7938563008797,2969.3332081544213
452357628,61,129,2969.543856302742,2975.1966225081123
452357628,61,130,2975.407270656433,2982.1896780659445
452357628,61,130,2982.400326214265,2988.2244002898224
452357628,64,135,3041.108636408113,3048.1132544633
452357628,64,135,3048.3239026116207,3054.752143351827
452357628,64,135,3054.754458166659,3055.078532240819
452357628,64,136,3055.289180388674,3062.21742112888
452357628,64,136,3062.428069277201,3068.029921127949
452357628,65,137,3068.7336248317733,3075.9674095525406
452357628,65,137,3076.178057700861,3083.47435399564
452357628,65,138,3083.685002143495,3087.4674095502123
452357628,65,138,3087.4697243650444,3090.252131771762
452357628,65,138,3090.462779919617,3096.58777991822
452357628,66,139,3097.6687868623994,3104.88869426772
452357628,66,139,3105.0993424160406,3111.9743424137123
452357628,66,140,3112.184990562033,3119.076194263529
452357628,66,140,3119.2451757448725,3124.2405345398
452357628,66,140,3124.272941946984,3126.4257197240368
452357628,67,141,3126.6363678723574,3133.1132197217084
452357628,67,141,3133.323867870029,3140.2497937935404
452357628,67,142,3140.460441941861,3147.703497495037
452357628,67,142,3147.91413406888,3154.395615548361
452448437,10,27,1569.4379882598296,1581.771321593318
452448437,10,28,1582.771321593318,1595.667143351864
452448437,11,29,1596.7713100183755,1609.6879766830243
452448437,11,30,1610.7921433495358,1623.875465106219
452448437,12,31,1624.958798439242,1638.9796317690052
452448437,12,32,1640.0421317685395,1652.875453523826
452448437,37,81,2307.2362868711352,2319.0279419636354
452448437,37,82,2320.222386407666,2332.576553073246
452448437,38,83,2333.854319276754,2346.3334859414026
452448437,38,84,2347.2987637189217,2360.5487521416508
452448437,39,85,2361.770974363666,2374.8543076934293
452448437,39,86,2375.86125213746,2389.715407225769
452448437,64,135,3041.108636408113,3048.1132544633
452448437,64,135,3048.3239026116207,3054.752143351827
452448437,64,135,3054.754458166659,3055.078532240819
452448437,64,136,3055.289180388674,3062.21742112888
452448437,64,136,3062.428069277201,3068.029921127949
452448437,65,137,3068.7336248317733,3075.9674095525406
452448437,65,137,3076.178057700861,3083.47435399564
452448437,65,138,3083.685002143495,3087.4674095502123
452448437,65,138,3087.4697243650444,3090.252131771762
452448437,65,138,3090.462779919617,3096.58777991822
452448437,66,139,3097.6687868623994,3104.88869426772
452448437,66,139,3105.0993424160406,3111.9743424137123
452448437,66,140,3112.184990562033,3119.076194263529
452448437,66,140,3119.2451757448725,3124.2405345398
452448437,66,140,3124.272941946984,3126.4257197240368
452522877,10,27,1569.4379882598296,1581.771321593318
452522877,10,28,1582.771321593318,1595.667143351864
452522877,12,31,1624.958798439242,1638.9796317690052
452522877,12,32,1640.0421317685395,1652.875453523826
452522877,37,81,2307.2362868711352,2319.0279419636354
452522877,37,82,2320.222386407666,2332.576553073246
452522877,38,83,2333.854319276754,2346.3334859414026
452522877,38,84,2347.2987637189217,2360.5487521416508
452522877,39,85,2361.770974363666,2374.8543076934293
452522877,39,86,2375.86125213746,2389.715407225769
452522877,63,133,3014.3632776099257,3021.187351684552
452522877,63,133,3021.3979998328723,3027.3910438148305
452522877,63,134,3027.601691963151,3034.0901178894565
452522877,63,134,3034.300766037777,3040.8979882597923
452522877,64,135,3041.108636408113,3048.1132544633
452522877,64,135,3048.3239026116207,3054.752143351827
452522877,64,135,3054.754458166659,3055.078532240819
452522877,64,136,3055.289180388674,3062.21742112888
452522877,64,136,3062.428069277201,3068.029921127949
452522877,65,137,3068.7336248317733,3075.9674095525406
452522877,65,137,3076.178057700861,3083.47435399564
452522877,65,138,3083.685002143495,3087.4674095502123
452522877,65,138,3087.4697243650444,3090.252131771762
452522877,65,138,3090.462779919617,3096.58777991822
452591471,10,27,1569.4379882598296,1581.771321593318
452591471,10,28,1582.771321593318,1595.667143351864
452591471,11,29,1596.7713100183755,1609.6879766830243
452591471,11,30,1610.7921433495358,1623.875465106219
452591471,12,31,1624.958798439242,1638.9796317690052
452591471,12,32,1640.0421317685395,1652.875453523826
452591471,37,81,2307.2362868711352,2319.0279419636354
452591471,37,82,2320.222386407666,2332.576553073246
452591471,38,83,2333.854319276754,2346.3334859414026
452591471,38,84,2347.2987637189217,2360.5487521416508
452591471,39,85,2361.770974363666,2374.8543076934293
452591471,39,86,2375.86125213746,2389.715407225769
452591471,63,133,3014.3632776099257,3021.187351684552
452591471,63,133,3021.3979998328723,3027.3910438148305
452591471,63,134,3027.601691963151,3034.0901178894565
452591471,63,134,3034.300766037777,3040.8979882597923
452591471,64,135,3041.108636408113,3048.1132544633
452591471,64,135,3048.3239026116207,3054.752143351827
452591471,64,135,3054.754458166659,3055.078532240819
452591471,64,136,3055.289180388674,3062.21742112888
452591471,64,136,3062.428069277201,3068.029921127949
452591471,65,137,3068.7336248317733,3075.9674095525406
452591471,65,137,3076.178057700861,3083.47435399564
452591471,65,138,3083.685002143495,3087.4674095502123
452591471,65,138,3087.4697243650444,3090.252131771762
452591471,65,138,3090.462779919617,3096.58777991822
453095065,6,19,1468.2713678642176,1477.0213678670116
453095065,6,20,1478.1047012005,1490.0421896306798
453095065,7,21,1491.625522964634,1503.0213563013822
453095065,7,22,1504.7088563023135,1516.0838447315618
453095065,8,23,1517.354678065516,1529.0630114017986
453095065,8,24,1530.2713447352871,1531.7296780692411
453095065,8,24,1535.0005114031956,1542.0004998305812
453095065,10,27,1569.4379882598296,1581.771321593318
453095065,10,28,1582.771321593318,1595.667143351864
453095065,11,29,1596.7713100183755,1609.6879766830243
453095065,11,30,1610.7921433495358,1623.875465106219
453095065,12,31,1624.958798439242,1638.9796317690052
453095065,12,32,1640.0421317685395,1652.875453523826
453095065,13,33,1653.9171201903373,1667.6879535191692
453095065,13,34,1668.6254535187036,1682.3546086070128
453095065,27,61,2036.2780692591327,2048.125279903412
453095065,27,62,2049.1530576804653,2060.6391687882133
453095065,28,63,2061.847502121236,2073.958601654973
453095065,28,64,2075.1530460990034,2087.0974905407056
453095065,29,65,2088.2363794292323,2101.375256741885
453095065,29,66,2102.326645630412,2114.430812295992
453095065,31,69,2144.514134055469,2157.451622482855
453095065,31,70,2158.861344705336,2169.944678040687
453095065,32,71,2174.222455819603,2185.9377220263705
453095065,32,72,2186.9446664713323,2200.2293886975385
453095065,33,73,2201.729388698004,2213.86132157268
453095065,33,74,2215.430766017642,2227.5696549103595
453095065,34,75,2228.750210466329,2240.902976674028
453095065,34,76,2241.9863100075163,2254.062698900234
453095065,35,77,2254.9863100117072,2266.1043539959937
453095065,35,77,2266.3751873290166,2267.146020662505
453095065,35,78,2268.583520662971,2279.979353998322
453095065,36,79,2280.902965109796,2292.8543424261734
453095065,36,80,2293.7918424261734,2305.9862868711352
453095065,37,81,2307.2362868711352,2319.0279419636354
453095065,37,82,2320.222386407666,2332.576553073246
453095065,38,83,2333.854319276754,2346.3334859414026
453095065,38,84,2347.2987637189217,2360.5487521416508
453095065,39,85,2361.770974363666,2374.8543076934293
453095065,39,86,2375.86125213746,2389.715407225769
453095065,61,129,2962.7938563008797,2969.3332081544213
453095065,61,129,2969.543856302742,2975.1966225081123
453095065,61,130,2975.407270656433,2982.1896780659445
453095065,61,130,2982.400326214265,2988.2244002898224
453095065,62,131,2988.435048438143,2994.881807698868
453095065,62,131,2995.092455847189,3000.9234627927653
453095065,62,132,3001.134110941086,3007.53457390517
453095065,62,132,3007.7452220534906,3014.152629461605
453095065,63,133,3014.3632776099257,3021.187351684552
453095065,63,133,3021.3979998328723,3027.3910438148305
453095065,63,134,3027.601691963151,3034.0901178894565
453095065,63,134,3034.300766037777,3040.8979882597923
453095065,64,135,3041.108636408113,3048.1132544633
453095065,64,135,3048.3239026116207,3054.752143351827
453095065,64,135,3054.754458166659,3055.078532240819
453095065,64,136,3055.289180388674,3062.21742112888
453095065,64,136,3062.428069277201,3068.029921127949
453095065,65,137,3068.7336248317733,3075.9674095525406
453095065,65,137,3076.178057700861,3083.47435399564
453095065,65,138,3083.685002143495,3087.4674095502123
453095065,65,138,3087.4697243650444,3090.252131771762
453095065,65,138,3090.462779919617,3096.58777991822
453095065,66,139,3097.6687868623994,3104.88869426772
453095065,66,139,3105.0993424160406,3111.9743424137123
453095065,66,140,3112.184990562033,3119.076194263529
453095065,66,140,3119.2451757448725,3124.2405345398
453095065,66,140,3124.272941946984,3126.4257197240368
453455226,37,81,2307.2362868711352,2319.0279419636354
453455226,37,82,2320.222386407666,2332.576553073246
453684455,10,27,1569.4379882598296,1581.771321593318
453684455,10,28,1582.771321593318,1595.667143351864
453684455,11,29,1596.7713100183755,1609.6879766830243
453684455,11,30,1610.7921433495358,1623.875465106219
453684455,12,31,1624.958798439242,1638.9796317690052
453684455,12,32,1640.0421317685395,1652.875453523826
453684455,64,135,3041.108636408113,3048.1132544633
453684455,64,135,3048.3239026116207,3054.752143351827
453684455,64,135,3054.754458166659,3055.078532240819
453684455,64,136,3055.289180388674,3062.21742112888
453684455,64,136,3062.428069277201,3068.029921127949
453808153,11,29,1596.7713100183755,1609.6879766830243
453808153,11,30,1610.7921433495358,1623.875465106219
453808153,12,31,1624.958798439242,1638.9796317690052
453808153,12,32,1640.0421317685395,1652.875453523826
453808153,37,81,2307.2362868711352,2319.0279419636354
453808153,37,82,2320.222386407666,2332.576553073246
453808153,38,83,2333.854319276754,2346.3334859414026
453808153,38,84,2347.2987637189217,2360.5487521416508
453808153,39,85,2361.770974363666,2374.8543076934293
453808153,39,86,2375.86125213746,2389.715407225769
453856042,6,19,1468.2713678642176,1477.0213678670116
453856042,6,20,1478.1047012005,1490.0421896306798
453856042,32,71,2174.222455819603,2185.9377220263705
453856042,32,72,2186.9446664713323,2200.2293886975385
453856042,33,73,2201.729388698004,2213.86132157268
453856042,33,74,2215.430766017642,2227.5696549103595
454242639,64,135,3041.108636408113,3048.1132544633
454242639,64,135,3048.3239026116207,3054.752143351827
454242639,64,135,3054.754458166659,3055.078532240819
454242639,64,136,3055.289180388674,3062.21742112888
454242639,64,136,3062.428069277201,3068.029921127949
454242639,65,137,3068.7336248317733,3075.9674095525406
454242639,65,137,3076.178057700861,3083.47435399564
454242639,65,138,3083.685002143495,3087.4674095502123
454242639,65,138,3087.4697243650444,3090.252131771762
454242639,65,138,3090.462779919617,3096.58777991822
454243404,64,135,3041.108636408113,3048.1132544633
454243404,64,135,3048.3239026116207,3054.752143351827
454243404,64,135,3054.754458166659,3055.078532240819
454243404,64,136,3055.289180388674,3062.21742112888
454243404,64,136,3062.428069277201,3068.029921127949
454243404,65,137,3068.7336248317733,3075.9674095525406
454243404,65,137,3076.178057700861,3083.47435399564
454243404,65,138,3083.685002143495,3087.4674095502123
454243404,65,138,3087.4697243650444,3090.252131771762
454243404,65,138,3090.462779919617,3096.58777991822
454256337,65,137,3068.7336248317733,3075.9674095525406
454256337,65,137,3076.178057700861,3083.47435399564
454256337,65,138,3083.685002143495,3087.4674095502123
454256337,65,138,3087.4697243650444,3090.252131771762
454256337,65,138,3090.462779919617,3096.58777991822
454258158,66,139,3097.6687868623994,3104.88869426772
454258158,66,139,3105.0993424160406,3111.9743424137123
454258158,66,140,3112.184990562033,3119.076194263529
454258158,66,140,3119.2451757448725,3124.2405345398
454258158,66,140,3124.272941946984,3126.4257197240368
454290635,64,135,3041.108636408113,3048.1132544633
454290635,64,135,3048.3239026116207,3054.752143351827
454290635,64,135,3054.754458166659,3055.078532240819
454290635,64,136,3055.289180388674,3062.21742112888
454290635,64,136,3062.428069277201,3068.029921127949
454290635,65,137,3068.7336248317733,3075.9674095525406
454290635,65,137,3076.178057700861,3083.47435399564
454290635,65,138,3083.685002143495,3087.4674095502123
454290635,65,138,3087.4697243650444,3090.252131771762
454290635,65,138,3090.462779919617,3096.58777991822
454290773,64,135,3041.108636408113,3048.1132544633
454290773,64,135,3048.3239026116207,3054.752143351827
454290773,64,135,3054.754458166659,3055.078532240819
454290773,64,136,3055.289180388674,3062.21742112888
454290773,64,136,3062.428069277201,3068.029921127949
454291263,64,135,3041.108636408113,3048.1132544633
454291263,64,135,3048.3239026116207,3054.752143351827
454291263,64,135,3054.754458166659,3055.078532240819
454291263,64,136,3055.289180388674,3062.21742112888
454291263,64,136,3062.428069277201,3068.029921127949
454291408,38,83,2333.854319276754,2346.3334859414026
454291408,38,84,2347.2987637189217,2360.5487521416508
454291408,39,85,2361.770974363666,2374.8543076934293
454291408,39,86,2375.86125213746,2389.715407225769
454291699,64,135,3041.108636408113,3048.1132544633
454291699,64,135,3048.3239026116207,3054.752143351827
454291699,64,135,3054.754458166659,3055.078532240819
454291699,64,136,3055.289180388674,3062.21742112888
454291699,64,136,3062.428069277201,3068.029921127949
454291699,66,139,3097.6687868623994,3104.88869426772
454291699,66,139,3105.0993424160406,3111.9743424137123
454291699,66,140,3112.184990562033,3119.076194263529
454291699,66,140,3119.2451757448725,3124.2405345398
454291699,66,140,3124.272941946984,3126.4257197240368
454291768,38,83,2333.854319276754,2346.3334859414026
454291768,38,84,2347.2987637189217,2360.5487521416508
454291768,39,85,2361.770974363666,2374.8543076934293
454291768,39,86,2375.86125213746,2389.715407225769
454291768,64,135,3041.108636408113,3048.1132544633
454291768,64,135,3048.3239026116207,3054.752143351827
454291768,64,135,3054.754458166659,3055.078532240819
454291768,64,136,3055.289180388674,3062.21742112888
454291768,64,136,3062.428069277201,3068.029921127949
454291786,64,135,3041.108636408113,3048.1132544633
454291786,64,135,3048.3239026116207,3054.752143351827
454291786,64,135,3054.754458166659,3055.078532240819
454291786,64,136,3055.289180388674,3062.21742112888
454291786,64,136,3062.428069277201,3068.029921127949
454291786,66,139,3097.6687868623994,3104.88869426772
454291786,66,139,3105.0993424160406,3111.9743424137123
454291786,66,140,3112.184990562033,3119.076194263529
454291786,66,140,3119.2451757448725,3124.2405345398
454291786,66,140,3124.272941946984,3126.4257197240368
454292995,64,135,3041.108636408113,3048.1132544633
454292995,64,135,3048.3239026116207,3054.752143351827
454292995,64,135,3054.754458166659,3055.078532240819
454292995,64,136,3055.289180388674,3062.21742112888
454292995,64,136,3062.428069277201,3068.029921127949
454327504,64,135,3041.108636408113,3048.1132544633
454327504,64,135,3048.3239026116207,3054.752143351827
454327504,64,135,3054.754458166659,3055.078532240819
454327504,64,136,3055.289180388674,3062.21742112888
454327504,64,136,3062.428069277201,3068.029921127949
454327504,65,137,3068.7336248317733,3075.9674095525406
454327504,65,137,3076.178057700861,3083.47435399564
454327504,65,138,3083.685002143495,3087.4674095502123
454327504,65,138,3087.4697243650444,3090.252131771762
454327504,65,138,3090.462779919617,3096.58777991822
454327547,64,135,3041.108636408113,3048.1132544633
454327547,64,135,3048.3239026116207,3054.752143351827
454327547,64,135,3054.754458166659,3055.078532240819
454327547,64,136,3055.289180388674,3062.21742112888
454327547,64,136,3062.428069277201,3068.029921127949
454328873,64,135,3041.108636408113,3048.1132544633
454328873,64,135,3048.3239026116207,3054.752143351827
454328873,64,135,3054.754458166659,3055.078532240819
454328873,64,136,3055.289180388674,3062.21742112888
454328873,64,136,3062.428069277201,3068.029921127949
454328873,66,139,3097.6687868623994,3104.88869426772
454328873,66,139,3105.0993424160406,3111.9743424137123
454328873,66,140,3112.184990562033,3119.076194263529
454328873,66,140,3119.2451757448725,3124.2405345398
454328873,66,140,3124.272941946984,3126.4257197240368
454329571,65,137,3068.7336248317733,3075.9674095525406
454329571,65,137,3076.178057700861,3083.47435399564
454329571,65,138,3083.685002143495,3087.4674095502123
454329571,65,138,3087.4697243650444,3090.252131771762
454329571,65,138,3090.462779919617,3096.58777991822
454363835,64,135,3041.108636408113,3048.1132544633
454363835,64,135,3048.3239026116207,3054.752143351827
454363835,64,135,3054.754458166659,3055.078532240819
454363835,64,136,3055.289180388674,3062.21742112888
454363835,64,136,3062.428069277201,3068.029921127949
454363835,65,137,3068.7336248317733,3075.9674095525406
454363835,65,137,3076.178057700861,3083.47435399564
454363835,65,138,3083.685002143495,3087.4674095502123
454363835,65,138,3087.4697243650444,3090.252131771762
454363835,65,138,3090.462779919617,3096.58777991822
454364474,64,135,3041.108636408113,3048.1132544633
454364474,64,135,3048.3239026116207,3054.752143351827
454364474,64,135,3054.754458166659,3055.078532240819
454364474,64,136,3055.289180388674,3062.21742112888
454364474,64,136,3062.428069277201,3068.029921127949
454364474,65,137,3068.7336248317733,3075.9674095525406
454364474,65,137,3076.178057700861,3083.47435399564
454364474,65,138,3083.685002143495,3087.4674095502123
454364474,65,138,3087.4697243650444,3090.252131771762
454364474,65,138,3090.462779919617,3096.58777991822
454365974,64,135,3041.108636408113,3048.1132544633
454365974,64,135,3048.3239026116207,3054.752143351827
454365974,64,135,3054.754458166659,3055.078532240819
454365974,64,136,3055.289180388674,3062.21742112888
454365974,64,136,3062.428069277201,3068.029921127949
454365974,65,137,3068.7336248317733,3075.9674095525406
454365974,65,137,3076.178057700861,3083.47435399564
454365974,65,138,3083.685002143495,3087.4674095502123
454365974,65,138,3087.4697243650444,3090.252131771762
454365974,65,138,3090.462779919617,3096.58777991822
454365974,66,139,3097.6687868623994,3104.88869426772
454365974,66,139,3105.0993424160406,3111.9743424137123
454365974,66,140,3112.184990562033,3119.076194263529
454365974,66,140,3119.2451757448725,3124.2405345398
454365974,66,140,3124.272941946984,3126.4257197240368
454403368,65,137,3068.7336248317733,3075.9674095525406
454403368,65,137,3076.178057700861,3083.47435399564
454403368,65,138,3083.685002143495,3087.4674095502123
454403368,65,138,3087.4697243650444,3090.252131771762
454403368,65,138,3090.462779919617,3096.58777991822
454403368,66,139,3097.6687868623994,3104.88869426772
454403368,66,139,3105.0993424160406,3111.9743424137123
454403368,66,140,3112.184990562033,3119.076194263529
454403368,66,140,3119.2451757448725,3124.2405345398
454403368,66,140,3124.272941946984,3126.4257197240368
454404691,64,135,3041.108636408113,3048.1132544633
454404691,64,135,3048.3239026116207,3054.752143351827
454404691,64,135,3054.754458166659,3055.078532240819
454404691,64,136,3055.289180388674,3062.21742112888
454404691,64,136,3062.428069277201,3068.029921127949
454404691,65,137,3068.7336248317733,3075.9674095525406
454404691,65,137,3076.178057700861,3083.47435399564
454404691,65,138,3083.685002143495,3087.4674095502123
454404691,65,138,3087.4697243650444,3090.252131771762
454404691,65,138,3090.462779919617,3096.58777991822
454404691,66,139,3097.6687868623994,3104.88869426772
454404691,66,139,3105.0993424160406,3111.9743424137123
454404691,66,140,3112.184990562033,3119.076194263529
454404691,66,140,3119.2451757448725,3124.2405345398
454404691,66,140,3124.272941946984,3126.4257197240368
454611617,11,29,1596.7713100183755,1609.6879766830243
454611617,11,30,1610.7921433495358,1623.875465106219
454611617,12,31,1624.958798439242,1638.9796317690052
454611617,12,32,1640.0421317685395,1652.875453523826
454642722,64,135,3041.108636408113,3048.1132544633
454642722,64,135,3048.3239026116207,3054.752143351827
454642722,64,135,3054.754458166659,3055.078532240819
454642722,64,136,3055.289180388674,3062.21742112888
454642722,64,136,3062.428069277201,3068.029921127949
454715223,37,81,2307.2362868711352,2319.0279419636354
454715223,37,82,2320.222386407666,2332.576553073246
454757744,38,83,2333.854319276754,2346.3334859414026
454757744,38,84,2347.2987637189217,2360.5487521416508
454757744,39,85,2361.770974363666,2374.8543076934293
454757744,39,86,2375.86125213746,2389.715407225769
454961345,11,29,1596.7713100183755,1609.6879766830243
454961345,11,30,1610.7921433495358,1623.875465106219
454961345,12,31,1624.958798439242,1638.9796317690052
454961345,12,32,1640.0421317685395,1652.875453523826
454980196,11,29,1596.7713100183755,1609.6879766830243
454980196,11,30,1610.7921433495358,1623.875465106219
454980196,38,83,2333.854319276754,2346.3334859414026
454980196,38,84,2347.2987637189217,2360.5487521416508
454980196,39,85,2361.770974363666,2374.8543076934293
454980196,39,86,2375.86125213746,2389.715407225769
454980196,64,135,3041.108636408113,3048.1132544633
454980196,64,135,3048.3239026116207,3054.752143351827
454980196,64,135,3054.754458166659,3055.078532240819
454980196,64,136,3055.289180388674,3062.21742112888
454980196,64,136,3062.428069277201,3068.029921127949
454980196,65,137,3068.7336248317733,3075.9674095525406
454980196,65,137,3076.178057700861,3083.47435399564
454980196,65,138,3083.685002143495,3087.4674095502123
454980196,65,138,3087.4697243650444,3090.252131771762
454980196,65,138,3090.462779919617,3096.58777991822
455000299,12,31,1624.958798439242,1638.9796317690052
455000299,12,32,1640.0421317685395,1652.875453523826
455000299,64,135,3041.108636408113,3048.1132544633
455000299,64,135,3048.3239026116207,3054.752143351827
455000299,64,135,3054.754458166659,3055.078532240819
455000299,64,136,3055.289180388674,3062.21742112888
455000299,64,136,3062.428069277201,3068.029921127949
455000299,65,137,3068.7336248317733,3075.9674095525406
455000299,65,137,3076.178057700861,3083.47435399564
455000299,65,138,3083.685002143495,3087.4674095502123
455000299,65,138,3087.4697243650444,3090.252131771762
455000299,65,138,3090.462779919617,3096.58777991822
455906296,17,41,1764.687907202635,1776.2920738700775
455906296,17,42,1777.7295738700775,1789.1670622974634
455906296,17,42,1789.1878956304863,1789.6878956304863
456168327,58,123,2882.323983593378,2889.4235206316225
456168327,58,123,2889.634168779477,2896.0554535030387
456168327,58,124,2896.26610165136,2903.38415720826
456168327,58,124,2903.5948053565808,2910.048509061802
456200575,58,123,2882.323983593378,2889.4235206316225
456200575,58,123,2889.634168779477,2896.0554535030387
456200575,58,124,2896.26610165136,2903.38415720826
456200575,58,124,2903.5948053565808,2910.048509061802
456204149,58,123,2882.323983593378,2889.4235206316225
456204149,58,123,2889.634168779477,2896.0554535030387
456204149,58,124,2896.26610165136,2903.38415720826
456204149,58,124,2903.5948053565808,2910.048509061802
458208929,12,31,1624.958798439242,1638.9796317690052
458208929,12,32,1640.0421317685395,1652.875453523826
458780733,58,123,2882.323983593378,2889.4235206316225
458780733,58,123,2889.634168779477,2896.0554535030387
458780733,58,124,2896.26610165136,2903.38415720826
458780733,58,124,2903.5948053565808,2910.048509061802
458783116,58,123,2882.323983593378,2889.4235206316225
458783116,58,123,2889.634168779477,2896.0554535030387
458783116,58,124,2896.26610165136,2903.38415720826
458783116,58,124,2903.5948053565808,2910.048509061802
458920985,58,123,2882.323983593378,2889.4235206316225
458920985,58,123,2889.634168779477,2896.0554535030387
458920985,58,124,2896.26610165136,2903.38415720826
458920985,58,124,2903.5948053565808,2910.048509061802
458920985,59,125,2910.259157210123,2916.742953508161
458920985,59,125,2916.9536016564816,2917.7707312861457
458920985,59,125,2917.77536091581,2923.347108602524
458920985,59,126,2923.5577567508444,2930.277664160356
458920985,59,126,2930.4883123086765,2936.6873863846995
458938294,58,123,2882.323983593378,2889.4235206316225
458938294,58,123,2889.634168779477,2896.0554535030387
458938294,58,124,2896.26610165136,2903.38415720826
458938294,58,124,2903.5948053565808,2910.048509061802
458938294,59,125,2910.259157210123,2916.742953508161
458938294,59,125,2916.9536016564816,2917.7707312861457
458938294,59,125,2917.77536091581,2923.347108602524
458938294,59,126,2923.5577567508444,2930.277664160356
458938294,59,126,2930.4883123086765,2936.6873863846995
460049532,10,27,1569.4379882598296,1581.771321593318
460049532,10,28,1582.771321593318,1595.667143351864
460049532,11,29,1596.7713100183755,1609.6879766830243
460049532,11,30,1610.7921433495358,1623.875465106219
460049532,63,133,3014.3632776099257,3021.187351684552
460049532,63,133,3021.3979998328723,3027.3910438148305
460049532,63,134,3027.601691963151,3034.0901178894565
460049532,63,134,3034.300766037777,3040.8979882597923
460049532,64,135,3041.108636408113,3048.1132544633
460049532,64,135,3048.3239026116207,3054.752143351827
460049532,64,135,3054.754458166659,3055.078532240819
460049532,64,136,3055.289180388674,3062.21742112888
460049532,64,136,3062.428069277201,3068.029921127949
460371874,10,27,1569.4379882598296,1581.771321593318
460371874,10,28,1582.771321593318,1595.667143351864
460371874,11,29,1596.7713100183755,1609.6879766830243
460371874,11,30,1610.7921433495358,1623.875465106219
460765494,10,27,1569.4379882598296,1581.771321593318
460765494,10,28,1582.771321593318,1595.667143351864
460765494,11,29,1596.7713100183755,1609.6879766830243
460765494,11,30,1610.7921433495358,1623.875465106219
460844584,11,29,1596.7713100183755,1609.6879766830243
460844584,11,30,1610.7921433495358,1623.875465106219
460844584,38,83,2333.854319276754,2346.3334859414026
460844584,38,84,2347.2987637189217,2360.5487521416508
460844584,65,137,3068.7336248317733,3075.9674095525406
460844584,65,137,3076.178057700861,3083.47435399564
460844584,65,138,3083.685002143495,3087.4674095502123
460844584,65,138,3087.4697243650444,3090.252131771762
460844584,65,138,3090.462779919617,3096.58777991822
460950389,63,133,3014.3632776099257,3021.187351684552
460950389,63,133,3021.3979998328723,3027.3910438148305
460950389,63,134,3027.601691963151,3034.0901178894565
460950389,63,134,3034.300766037777,3040.8979882597923
460950389,64,135,3041.108636408113,3048.1132544633
460950389,64,135,3048.3239026116207,3054.752143351827
460950389,64,135,3054.754458166659,3055.078532240819
460950389,64,136,3055.289180388674,3062.21742112888
460950389,64,136,3062.428069277201,3068.029921127949
461683405,11,29,1596.7713100183755,1609.6879766830243
461683405,11,30,1610.7921433495358,1623.875465106219
462320070,9,25,1543.2296664975584,1555.542166499421
462320070,9,26,1556.729666499421,1568.458821593318
462320070,10,27,1569.4379882598296,1581.771321593318
462320070,10,28,1582.771321593318,1595.667143351864
462320070,36,79,2280.902965109796,2292.8543424261734
462320070,36,80,2293.7918424261734,2305.9862868711352
462320070,37,81,2307.2362868711352,2319.0279419636354
462320070,37,82,2320.222386407666,2332.576553073246
462492721,9,25,1543.2296664975584,1555.542166499421
462492721,9,26,1556.729666499421,1568.458821593318
462492721,10,27,1569.4379882598296,1581.771321593318
462492721,10,28,1582.771321593318,1595.667143351864
462492721,36,79,2280.902965109796,2292.8543424261734
462492721,36,80,2293.7918424261734,2305.9862868711352
462492721,37,81,2307.2362868711352,2319.0279419636354
462492721,37,82,2320.222386407666,2332.576553073246
462492721,63,133,3014.3632776099257,3021.187351684552
462492721,63,133,3021.3979998328723,3027.3910438148305
462492721,63,134,3027.601691963151,3034.0901178894565
462492721,63,134,3034.300766037777,3040.8979882597923
462492721,64,135,3041.108636408113,3048.1132544633
462492721,64,135,3048.3239026116207,3054.752143351827
462492721,64,135,3054.754458166659,3055.078532240819
462492721,64,136,3055.289180388674,3062.21742112888
462492721,64,136,3062.428069277201,3068.029921127949
463278438,10,27,1569.4379882598296,1581.771321593318
463278438,10,28,1582.771321593318,1595.667143351864
463278438,37,81,2307.2362868711352,2319.0279419636354
463278438,37,82,2320.222386407666,2332.576553073246
464936356,10,27,1569.4379882598296,1581.771321593318
464936356,10,28,1582.771321593318,1595.667143351864
465075473,10,27,1569.4379882598296,1581.771321593318
465075473,10,28,1582.771321593318,1595.667143351864
465075473,11,29,1596.7713100183755,1609.6879766830243
465075473,11,30,1610.7921433495358,1623.875465106219
465075473,37,81,2307.2362868711352,2319.0279419636354
465075473,37,82,2320.222386407666,2332.576553073246
465075473,38,83,2333.854319276754,2346.3334859414026
465075473,38,84,2347.2987637189217,2360.5487521416508
465268826,37,81,2307.2362868711352,2319.0279419636354
465268826,37,82,2320.222386407666,2332.576553073246
465268826,38,83,2333.854319276754,2346.3334859414026
465268826,38,84,2347.2987637189217,2360.5487521416508
466799461,10,27,1569.4379882598296,1581.771321593318
466799461,10,28,1582.771321593318,1595.667143351864
466799461,37,81,2307.2362868711352,2319.0279419636354
466799461,37,82,2320.222386407666,2332.576553073246
466799461,38,83,2333.854319276754,2346.3334859414026
466799461,38,84,2347.2987637189217,2360.5487521416508
467368706,10,27,1569.4379882598296,1581.771321593318
467368706,10,28,1582.771321593318,1595.667143351864
467368706,11,29,1596.7713100183755,1609.6879766830243
467368706,11,30,1610.7921433495358,1623.875465106219
467368706,37,81,2307.2362868711352,2319.0279419636354
467368706,37,82,2320.222386407666,2332.576553073246
467368706,38,83,2333.854319276754,2346.3334859414026
467368706,38,84,2347.2987637189217,2360.5487521416508
467368706,64,135,3041.108636408113,3048.1132544633
467368706,64,135,3048.3239026116207,3054.752143351827
467368706,64,135,3054.754458166659,3055.078532240819
467368706,64,136,3055.289180388674,3062.21742112888
467368706,64,136,3062.428069277201,3068.029921127949
467603541,58,123,2882.323983593378,2889.4235206316225
467603541,58,123,2889.634168779477,2896.0554535030387
467603541,58,124,2896.26610165136,2903.38415720826
467603541,58,124,2903.5948053565808,2910.048509061802
467605612,58,123,2882.323983593378,2889.4235206316225
467605612,58,123,2889.634168779477,2896.0554535030387
467605612,58,124,2896.26610165136,2903.38415720826
467605612,58,124,2903.5948053565808,2910.048509061802
467648144,59,125,2910.259157210123,2916.742953508161
467648144,59,125,2916.9536016564816,2917.7707312861457
467648144,59,125,2917.77536091581,2923.347108602524
467648144,59,126,2923.5577567508444,2930.277664160356
467648144,59,126,2930.4883123086765,2936.6873863846995
467761286,59,125,2910.259157210123,2916.742953508161
467761286,59,125,2916.9536016564816,2917.7707312861457
467761286,59,125,2917.77536091581,2923.347108602524
467761286,59,126,2923.5577567508444,2930.277664160356
467761286,59,126,2930.4883123086765,2936.6873863846995
467773418,10,27,1569.4379882598296,1581.771321593318
467773418,10,28,1582.771321593318,1595.667143351864
467773418,64,135,3041.108636408113,3048.1132544633
467773418,64,135,3048.3239026116207,3054.752143351827
467773418,64,135,3054.754458166659,3055.078532240819
467773418,64,136,3055.289180388674,3062.21742112888
467773418,64,136,3062.428069277201,3068.029921127949
469171560,9,25,1543.2296664975584,1555.542166499421
469171560,9,26,1556.729666499421,1568.458821593318
470310704,59,125,2910.259157210123,2916.742953508161
470310704,59,125,2916.9536016564816,2917.7707312861457
470310704,59,125,2917.77536091581,2923.347108602524
470310704,59,126,2923.5577567508444,2930.277664160356
470310704,59,126,2930.4883123086765,2936.6873863846995
470383066,59,125,2910.259157210123,2916.742953508161
470383066,59,125,2916.9536016564816,2917.7707312861457
470383066,59,125,2917.77536091581,2923.347108602524
470383066,59,126,2923.5577567508444,2930.277664160356
470383066,59,126,2930.4883123086765,2936.6873863846995
609986236,29,65,2088.2363794292323,2101.375256741885
609986236,29,66,2102.326645630412,2114.430812295992
609990051,29,65,2088.2363794292323,2101.375256741885
609990051,29,66,2102.326645630412,2114.430812295992
640609656,42,91,2447.687606282532,2460.3056502612308
640609656,42,92,2461.2362058167346,2473.159816926345
640609656,44,95,2500.1875831289217,2511.7223053518683
640609656,44,96,2513.2014604443684,2519.4167382232845
640609656,44,96,2519.4236826677807,2524.4375715572387
640699677,42,91,2447.687606282532,2460.3056502612308
640699677,42,92,2461.2362058167346,2473.159816926345
640740397,43,93,2474.166761370376,2486.1250831289217
640740397,43,94,2487.180638684425,2498.888972017914
640740397,44,95,2500.1875831289217,2511.7223053518683
640740397,44,96,2513.2014604443684,2519.4167382232845
640740397,44,96,2519.4236826677807,2524.4375715572387
684767046,37,81,2307.2362868711352,2319.0279419636354
684767046,37,82,2320.222386407666,2332.576553073246
770690846,33,73,2201.729388698004,2213.86132157268
770690846,33,74,2215.430766017642,2227.5696549103595
770690846,34,75,2228.750210466329,2240.902976674028
770690846,34,76,2241.9863100075163,2254.062698900234
770690847,33,73,2201.729388698004,2213.86132157268
770690847,33,74,2215.430766017642,2227.5696549103595
770690847,34,75,2228.750210466329,2240.902976674028
770690847,34,76,2241.9863100075163,2254.062698900234
904313345,64,135,3041.108636408113,3048.1132544633
904313345,64,135,3048.3239026116207,3054.752143351827
904313345,64,135,3054.754458166659,3055.078532240819
904313345,64,136,3055.289180388674,3062.21742112888
904313345,64,136,3062.428069277201,3068.029921127949
904313345,66,139,3097.6687868623994,3104.88869426772
904313345,66,139,3105.0993424160406,3111.9743424137123
904313345,66,140,3112.184990562033,3119.076194263529
904313345,66,140,3119.2451757448725,3124.2405345398
904313345,66,140,3124.272941946984,3126.4257197240368
994964138,64,135,3041.108636408113,3048.1132544633
994964138,64,135,3048.3239026116207,3054.752143351827
994964138,64,135,3054.754458166659,3055.078532240819
994964138,64,136,3055.289180388674,3062.21742112888
994964138,64,136,3062.428069277201,3068.029921127949
1166537543,38,83,2333.854319276754,2346.3334859414026
1166537543,38,84,2347.2987637189217,2360.5487521416508
1166537543,65,137,3068.7336248317733,3075.9674095525406
1166537543,65,137,3076.178057700861,3083.47435399564
1166537543,65,138,3083.685002143495,3087.4674095502123
1166537543,65,138,3087.4697243650444,3090.252131771762
1166537543,65,138,3090.462779919617,3096.58777991822
1922376562,27,61,2036.2780692591327,2048.125279903412
1922376562,27,62,2049.1530576804653,2060.6391687882133
1922376562,67,141,3126.6363678723574,3133.1132197217084
1922376562,67,141,3133.323867870029,3140.2497937935404
1922376562,67,142,3140.460441941861,3147.703497495037
1922376562,67,142,3147.91413406888,3154.395615548361
