TIC,n_flares,n_primary,n_secondary,first_flare_btjd,last_flare_btjd,n_observed_sectors,has_gap_fallback_sector,exposure_days,obs_start_btjd,obs_end_btjd,flare_rate_per_day
671393,9,9,0,1445.768757889318,1461.8339776473783,1,False,24.91665509948507,1437.97971276287,1464.2713678628206,0.36120418106144575
1223040,5,5,0,1455.0585310116303,2193.003947515163,3,False,73.93746529519558,1437.97971276287,2200.2293886975385,0.06762471475100591
1518580,2,2,0,1443.7903531694506,2192.7247180116965,2,False,49.91664353245869,1437.97971276287,2200.2293886975385,0.0400667965324929
2850290,6,6,0,2480.5057705143804,2548.768744648218,3,False,70.38886574842036,2474.166761370376,2550.625059989281,0.08524075414774886
4097865,1,1,0,3003.508214324096,3003.508214324096,1,False,25.08563657850027,2988.435048438143,3014.152629461605,0.03986344922404932
4342429,4,4,0,2994.2708839760503,3012.7389819772447,1,False,25.08563657850027,2988.435048438143,3014.152629461605,0.1594537968961973
4639431,6,6,0,2998.182088013977,3006.8696208035394,1,False,25.08563657850027,2988.435048438143,3014.152629461605,0.23918069534429595
5156358,2,2,0,2997.265151826632,3006.036059739689,1,False,25.08563657850027,2988.435048438143,3014.152629461605,0.07972689844809865
5548244,2,2,0,2993.2900621572853,3033.934399055104,2,False,50.98840278340549,2988.435048438143,3040.8979882597923,0.03922460580881175
5612334,4,4,0,2463.9958589107887,2480.923681523192,2,False,48.20831018034323,2447.687606282532,2498.888972017914,0.08297324641822823
5621550,1,1,0,3009.2445406156107,3009.2445406156107,1,False,25.08563657850027,2988.435048438143,3014.152629461605,0.03986344922404932
5805037,11,10,1,2475.83887895302,2519.5342705245475,2,False,46.430543983355165,2474.166761370376,2524.4375715572387,0.2369130114853571
5884824,4,4,0,2487.392737070857,2534.976740559393,3,False,70.38886574842036,2474.166761370376,2550.625059989281,0.05682716943183257
6743104,14,14,0,2476.5539979243304,2547.075696847807,3,False,70.38886574842036,2474.166761370376,2550.625059989281,0.198895093011414
6743108,15,15,0,2476.555386925762,2547.0756968403566,3,False,70.38886574842036,2474.166761370376,2550.625059989281,0.21310188536937213
7242537,3,3,0,1392.4185338052923,1404.5656457302107,1,False,27.16665509203449,1381.7089025736786,1409.3755576661788,0.11042949490236019
7491381,55,51,1,1417.2374698471883,2225.7261174781347,6,False,140.97909725783416,1410.917224333156,2227.5696549103595,0.3901287571689545
7586485,23,23,0,1411.2693478816884,2197.4437021228173,4,False,96.0207870574668,1410.917224333156,2200.2293886975385,0.2395314671419522
7652166,1,1,0,1449.641462596723,1449.641462596723,1,False,24.91665509948507,1437.97971276287,1464.2713678628206,0.040133797895716194
7652962,17,17,0,1413.6983809010555,2199.1574245284824,4,False,96.0207870574668,1410.917224333156,2200.2293886975385,0.1770449974527473
7785194,9,9,0,1411.3790098254003,2191.2941109575345,3,False,71.10413195798174,1410.917224333156,2200.2293886975385,0.12657492261235195
7807668,2,1,1,2168.3720989768435,2168.395710080459,1,False,24.020821762736887,2144.514134055469,2169.944678040687,0.08326109821532283
8511113,7,7,0,2345.1355247217616,3073.662955561628,2,False,52.9490509149623,2333.854319276754,3096.58777991822,0.132202558479135
11244460,1,1,0,2726.916146216293,2726.916146216293,1,False,23.291655086446553,2718.631935013924,2743.0763678778894,0.042933831721641
12359032,5,5,0,1356.338204940849,1377.157771091893,1,False,25.93749999627471,1354.1047474853694,1381.5005692406558,0.19277108436503626
12359212,1,1,0,2090.976842036033,2090.976842036033,1,False,25.24304397823289,2088.2363794292323,2114.430812295992,0.039614873739565695
12377787,1,1,0,1354.843710315419,1354.843710315419,1,False,25.93749999627471,1354.1047474853694,1381.5005692406558,0.03855421687300725
12377897,1,1,0,2088.785110271309,2088.785110271309,1,False,25.24304397823289,2088.2363794292323,2114.430812295992,0.039614873739565695
12377912,1,1,0,2092.3393364204994,2092.3393364204994,1,False,25.24304397823289,2088.2363794292323,2114.430812295992,0.039614873739565695
12393842,2,2,0,2092.7004356617867,2107.372703568022,1,False,25.24304397823289,2088.2363794292323,2114.430812295992,0.07922974747913139
12394898,1,1,0,1372.639742655678,1372.639742655678,1,False,25.93749999627471,1354.1047474853694,1381.5005692406558,0.03855421687300725
12394976,1,1,0,2104.839422196719,2104.839422196719,1,False,25.24304397823289,2088.2363794292323,2114.430812295992,0.039614873739565695
12418075,1,1,0,2090.2462433575984,2090.2462433575984,1,False,25.24304397823289,2088.2363794292323,2114.430812295992,0.039614873739565695
12418282,1,1,0,2109.1518447778026,2109.1518447778026,1,False,25.24304397823289,2088.2363794292323,2114.430812295992,0.039614873739565695
12420159,1,1,0,2103.836631498321,2103.836631498321,1,False,25.24304397823289,2088.2363794292323,2114.430812295992,0.039614873739565695
12424475,1,1,0,2107.201848803091,2107.201848803091,1,False,25.24304397823289,2088.2363794292323,2114.430812295992,0.039614873739565695
12787754,1,1,0,2470.3742869281905,2470.3742869281905,1,False,24.541655088308744,2447.687606282532,2473.159816926345,0.040747048086271255
13020091,9,9,0,1442.738059303225,2199.3932041687167,2,False,49.91664353245869,1437.97971276287,2200.2293886975385,0.18030058439621804
13324350,29,29,0,1438.584000808569,2199.1144005313995,2,False,49.91664353245869,1437.97971276287,2200.2293886975385,0.580968549721147
13912397,5,5,0,1452.9997824216107,2191.1674608773333,3,False,73.93746529519558,1437.97971276287,2200.2293886975385,0.06762471475100591
13955147,24,24,0,1412.438044375658,2199.1908360736998,4,False,96.0207870574668,1410.917224333156,2200.2293886975385,0.2499458787568197
13981777,7,7,0,2146.4781313154817,2189.942435557112,2,False,49.02081019571051,2144.514134055469,2200.2293886975385,0.14279649748858136
14076629,6,6,0,2452.5648983579385,2521.028338318219,3,False,70.97219907166391,2447.687606282532,2524.4375715572387,0.08454014499313348
14076858,9,7,2,2461.810229811911,2520.217200673676,3,False,70.97219907166391,2447.687606282532,2524.4375715572387,0.12681021748970023
14078240,1,1,0,2519.2101920268315,2519.2101920268315,1,False,22.763888891320676,2500.1875831289217,2524.4375715572387,0.04392922513258602
14078777,3,3,0,2475.4752954081487,2521.135244881051,2,False,46.430543983355165,2474.166761370376,2524.4375715572387,0.06461263949600649
14085128,7,7,0,1439.7136289479224,2195.206370730119,3,False,70.60413196543254,1437.97971276287,2200.2293886975385,0.09914433907957636
14087575,22,21,1,1443.1051119346764,2194.0964230190407,2,False,49.91664353245869,1437.97971276287,2200.2293886975385,0.4407347618574219
14108773,1,1,0,2474.873914009314,2474.873914009314,1,False,23.66665509203449,2474.166761370376,2498.888972017914,0.042253541791656524
14108972,1,1,0,2516.4003718257404,2516.4003718257404,1,False,22.763888891320676,2500.1875831289217,2524.4375715572387,0.04392922513258602
14109537,2,2,0,2470.194293260724,2476.7393283145675,2,False,48.20831018034323,2447.687606282532,2498.888972017914,0.041486623209114115
14109888,2,2,0,2488.0097024843485,2519.2240778790747,2,False,46.430543983355165,2474.166761370376,2524.4375715572387,0.04307509299733765
14112924,1,1,0,2453.456626632152,2453.456626632152,1,False,24.541655088308744,2447.687606282532,2473.159816926345,0.040747048086271255
14155535,1,1,0,2454.26502365458,2454.26502365458,1,False,24.541655088308744,2447.687606282532,2473.159816926345,0.040747048086271255
14155762,5,5,0,2449.6173387981216,2488.9320308804504,2,False,48.20831018034323,2447.687606282532,2498.888972017914,0.1037165580227853
14156573,7,7,0,2455.360913741433,2521.457487923897,3,False,70.97219907166391,2447.687606282532,2524.4375715572387,0.09863016915865572
14157808,5,5,0,2448.0017978642013,2520.637986993237,3,False,70.97219907166391,2447.687606282532,2524.4375715572387,0.07045012082761123
14158303,8,8,0,2453.85100822148,2516.0267042261075,3,False,70.97219907166391,2447.687606282532,2524.4375715572387,0.11272019332417797
14158619,1,1,0,2463.0908028884,2463.0908028884,1,False,24.541655088308744,2447.687606282532,2473.159816926345,0.040747048086271255
14177685,1,1,0,2482.098113490541,2482.098113490541,1,False,23.66665509203449,2474.166761370376,2498.888972017914,0.042253541791656524
14179884,1,1,0,2488.4194030006797,2488.4194030006797,1,False,23.66665509203449,2474.166761370376,2498.888972017914,0.042253541791656524
14225672,1,1,0,2523.6019617501142,2523.6019617501142,1,False,22.763888891320676,2500.1875831289217,2524.4375715572387,0.04392922513258602
14226320,8,8,0,2466.843884730322,2521.4435649053657,3,False,70.97219907166391,2447.687606282532,2524.4375715572387,0.11272019332417797
14226607,1,1,0,2508.9457828651584,2508.9457828651584,1,False,22.763888891320676,2500.1875831289217,2524.4375715572387,0.04392922513258602
14226920,3,3,0,2452.8397736640177,2490.9473846763985,2,False,48.20831018034323,2447.687606282532,2498.888972017914,0.06222993481367118
14251565,1,1,0,2465.8785219701867,2465.8785219701867,1,False,24.541655088308744,2447.687606282532,2473.159816926345,0.040747048086271255
14252394,2,2,0,2477.429551136001,2508.31239201412,2,False,46.430543983355165,2474.166761370376,2524.4375715572387,0.04307509299733765
14252825,1,1,0,2480.992359426863,2480.992359426863,1,False,23.66665509203449,2474.166761370376,2498.888972017914,0.042253541791656524
14254194,1,1,0,2515.619734610425,2515.619734610425,1,False,22.763888891320676,2500.1875831289217,2524.4375715572387,0.04392922513258602
14255769,2,2,0,2476.7211379699093,2505.387217297819,2,False,46.430543983355165,2474.166761370376,2524.4375715572387,0.04307509299733765
14282584,4,4,0,2480.093730064744,2515.733633832884,2,False,46.430543983355165,2474.166761370376,2524.4375715572387,0.0861501859946753
14285398,3,3,0,2481.2757137350386,2503.759346135087,2,False,46.430543983355165,2474.166761370376,2524.4375715572387,0.06461263949600649
14330418,1,1,0,2514.3627104694674,2514.3627104694674,1,False,22.763888891320676,2500.1875831289217,2524.4375715572387,0.04392922513258602
15363163,8,7,1,3050.6645190872173,3059.5339623148197,1,False,26.287025460507266,3041.108636408113,3068.029921127949,0.30433264547253275
15444490,16,15,1,1572.1923803084594,3059.644899792926,4,False,101.66199073195412,1569.4379882598296,3068.029921127949,0.15738428772446736
15446998,5,5,0,1578.7579105155746,1620.646604966301,2,False,51.22914351336658,1569.4379882598296,1623.875465106219,0.09760069478216853
15523450,2,2,0,3050.4812764658923,3057.618779930081,1,False,26.287025460507266,3041.108636408113,3068.029921127949,0.07608316136813319
15760655,3,2,1,2515.4738128248105,2520.872657562812,1,False,22.763888891320676,2500.1875831289217,2524.4375715572387,0.13178767539775807
15815612,3,3,0,2484.1689530498093,2519.565684483553,2,False,46.430543983355165,2474.166761370376,2524.4375715572387,0.06461263949600649
15934387,3,3,0,2489.3609660117786,2507.5039130383625,2,False,46.430543983355165,2474.166761370376,2524.4375715572387,0.06461263949600649
16004519,2,1,1,2476.727856190618,2476.784805964817,1,False,23.66665509203449,2474.166761370376,2498.888972017914,0.08450708358331305
17336502,2,2,0,2479.418169419478,2483.5101976791034,1,False,23.66665509203449,2474.166761370376,2498.888972017914,0.08450708358331305
17387985,1,1,0,2475.990044059481,2475.990044059481,1,False,23.66665509203449,2474.166761370376,2498.888972017914,0.042253541791656524
17509396,2,2,0,1631.7604254013363,1647.539893831692,1,False,26.854155085049797,1624.958798439242,1652.875453523826,0.0744763703667384
19330721,3,2,0,2482.287831200005,2523.275988642016,2,False,46.430543983355165,2474.166761370376,2524.4375715572387,0.06461263949600649
19400360,1,1,0,2479.3430807107666,2479.3430807107666,1,False,23.66665509203449,2474.166761370376,2498.888972017914,0.042253541791656524
20096356,37,37,0,1438.1409513020062,2227.110343531413,4,False,94.87495373282604,1437.97971276287,2227.5696549103595,0.38998701495227467
20308433,14,11,2,2475.053450363492,2547.9644964107865,3,False,70.38886574842036,2474.166761370376,2550.625059989281,0.198895093011414
20308434,13,11,2,2475.0548397960165,2547.9561629638133,3,False,70.38886574842036,2474.166761370376,2550.625059989281,0.18468830065345584
21011493,2,2,0,3058.3021022596904,3059.7104280342014,1,False,26.287025460507266,3041.108636408113,3068.029921127949,0.07608316136813319
21112004,1,1,0,3056.031257144762,3056.031257144762,1,False,26.287025460507266,3041.108636408113,3068.029921127949,0.038041580684066593
21540586,25,23,2,1440.2536078205403,2220.596453100338,4,False,94.87495373282604,1437.97971276287,2227.5696549103595,0.263504739832618
21627442,2,2,0,1472.8592145737432,1475.3217009444768,1,False,20.68748843297385,1468.2713678642176,1490.0421896306798,0.09667679121512855
21717652,1,1,0,1445.7341597869106,1445.7341597869106,1,False,24.91665509948507,1437.97971276287,1464.2713678628206,0.040133797895716194
22507789,3,3,0,1575.162459786182,1591.5528916301355,1,False,25.22915509203449,1569.4379882598296,1595.667143351864,0.11891004629588961
22766740,27,24,2,1492.305250685272,2984.417024483482,3,False,67.73607640759951,1491.625522964634,2988.2244002898224,0.3986059044448992
22959701,2,2,0,2334.4909884852937,2336.020200258469,1,False,25.729155087377876,2333.854319276754,2360.5487521416508,0.07773282850555607
22970720,17,16,1,1500.301056338491,2983.271144470433,4,False,91.96523150801636,1491.625522964634,2988.2244002898224,0.18485246784289514
22998652,5,5,0,2477.5780965296067,2519.9365043411262,2,False,46.430543983355165,2474.166761370376,2524.4375715572387,0.10768773249334414
23076771,2,2,0,2496.5824308194806,2521.7032559208874,2,False,46.430543983355165,2474.166761370376,2524.4375715572387,0.04307509299733765
23088464,1,1,0,2974.349176302701,2974.349176302701,1,False,24.7985995439808,2962.7938563008797,2988.2244002898224,0.040324857789911905
23193695,3,3,0,1413.5785936382797,1429.6648358275809,1,False,22.083321762271225,1410.917224333156,1436.833879429381,0.1358491277849975
23443671,7,6,1,3075.470057485164,3092.199322478257,1,False,27.219895827584423,3068.7336248317733,3096.58777991822,0.25716483429397463
23562559,8,8,0,2353.530187316528,3077.7131507588174,2,False,52.9490509149623,2333.854319276754,3096.58777991822,0.15108863826186858
23689332,1,1,0,3072.881126137597,3072.881126137597,1,False,27.219895827584423,3068.7336248317733,3096.58777991822,0.036737833470567804
24069249,2,2,0,2335.328432606497,2359.32330085923,1,False,25.729155087377876,2333.854319276754,2360.5487521416508,0.07773282850555607
24297713,9,9,0,2174.4333068756737,2199.3570884951746,1,False,24.999988432973623,2174.222455819603,2200.2293886975385,0.3600001665652569
24401034,54,49,2,1442.872237203357,2199.956752211747,3,False,70.60413196543254,1437.97971276287,2200.2293886975385,0.7648277586138748
24448282,4,4,0,1441.4625162870918,2222.1661515372084,2,False,49.18747686687857,1437.97971276287,2227.5696549103595,0.08132151219761966
24451239,12,12,0,1441.8277159665156,2215.718998358217,4,False,94.87495373282604,1437.97971276287,2227.5696549103595,0.12648227511965665
24518895,18,18,0,1440.6473012093568,2198.8014429409527,2,False,49.91664353245869,1437.97971276287,2200.2293886975385,0.3606011687924361
24587624,35,35,0,1441.5430735798486,2227.0355614659907,4,False,94.87495373282604,1437.97971276287,2227.5696549103595,0.36890663576566524
24607949,19,18,1,1442.3695325014853,2199.869469505068,3,False,70.60413196543254,1437.97971276287,2200.2293886975385,0.26910606321599295
24608426,11,9,1,1441.5387841675054,1486.944348498099,2,False,45.60414353245892,1437.97971276287,1490.0421896306798,0.24120615251047767
25966549,2,2,0,2450.9041634066275,2462.5747162151933,1,False,24.541655088308744,2447.687606282532,2473.159816926345,0.08149409617254251
25966690,8,8,0,2451.5222947913803,2491.6632280019458,2,False,48.20831018034323,2447.687606282532,2498.888972017914,0.16594649283645646
26016527,5,5,0,2478.626145967932,2509.8906229478944,2,False,46.430543983355165,2474.166761370376,2524.4375715572387,0.10768773249334414
26017840,8,8,0,2450.0318043484444,2523.1451824643573,3,False,70.97219907166391,2447.687606282532,2524.4375715572387,0.11272019332417797
26079243,7,6,1,2449.4511463297117,2493.9994167712075,2,False,48.20831018034323,2447.687606282532,2498.888972017914,0.1452031812318994
26079418,1,1,0,2507.0696164639567,2507.0696164639567,1,False,22.763888891320676,2500.1875831289217,2524.4375715572387,0.04392922513258602
26081408,4,4,0,2465.2443003878125,2522.136812510759,2,False,47.30554397962942,2447.687606282532,2524.4375715572387,0.0845566854008162
26081460,3,3,0,2450.209538796327,2503.0680034894904,2,False,47.30554397962942,2447.687606282532,2524.4375715572387,0.06341751405061216
26081949,1,1,0,2515.6421966743164,2515.6421966743164,1,False,22.763888891320676,2500.1875831289217,2524.4375715572387,0.04392922513258602
26109308,2,2,0,2455.7655942897163,2469.427982684629,1,False,24.541655088308744,2447.687606282532,2473.159816926345,0.08149409617254251
26126184,2,2,0,2466.687478307252,2468.282066446119,1,False,24.541655088308744,2447.687606282532,2473.159816926345,0.08149409617254251
26126856,1,1,0,2516.7102481012294,2516.7102481012294,1,False,22.763888891320676,2500.1875831289217,2524.4375715572387,0.04392922513258602
26178271,1,1,0,2481.687314720476,2481.687314720476,1,False,23.66665509203449,2474.166761370376,2498.888972017914,0.042253541791656524
26500261,1,1,0,2894.597721830392,2894.597721830392,1,False,27.092581023927778,2882.323983593378,2910.048509061802,0.03691047372403591
26648243,2,2,0,2479.9575076162632,2490.754212802999,1,False,23.66665509203449,2474.166761370376,2498.888972017914,0.08450708358331305
28832999,3,3,0,2450.707114399965,2469.232438075745,1,False,24.541655088308744,2447.687606282532,2473.159816926345,0.12224114425881376
28873103,1,1,0,2466.2682324360926,2466.2682324360926,1,False,24.541655088308744,2447.687606282532,2473.159816926345,0.040747048086271255
28911340,6,6,0,2452.797556289588,2489.2575947863024,2,False,48.20831018034323,2447.687606282532,2498.888972017914,0.12445986962734236
28998540,8,8,0,2463.7777057071257,2519.0728989574764,3,False,70.97219907166391,2447.687606282532,2524.4375715572387,0.11272019332417797
28999668,4,4,0,2449.573525900108,2496.9982814452687,2,False,48.20831018034323,2447.687606282532,2498.888972017914,0.08297324641822823
29056431,12,11,0,2448.7456009425528,2901.4395503050846,3,False,75.30089120427101,2447.687606282532,2910.048509061802,0.1593606637064525
29059353,5,5,0,2885.6351849766315,2908.38394231387,1,False,27.092581023927778,2882.323983593378,2910.048509061802,0.1845523686201795
29069620,1,1,0,1852.3756943116712,1852.3756943116712,1,False,24.74998843390472,1842.5003724964336,1868.8128609312696,0.040404059285543414
29106824,3,3,0,2470.0267886236693,2490.0367112807908,2,False,48.20831018034323,2447.687606282532,2498.888972017914,0.06222993481367118
29106882,4,4,0,2448.067788590548,2521.7382085733298,3,False,70.97219907166391,2447.687606282532,2524.4375715572387,0.056360096662088986
29107362,8,8,0,2448.0747642363285,2516.583925042717,3,False,70.97219907166391,2447.687606282532,2524.4375715572387,0.11272019332417797
30760081,6,6,0,1428.7929057086162,2383.417970235058,5,False,123.22216433845415,1410.917224333156,2389.715407225769,0.048692538653353046
30959945,3,3,0,1453.5312061479883,1481.142092547231,2,False,45.60414353245892,1437.97971276287,1490.0421896306798,0.06578349613922119
31281820,21,19,2,1439.653079601515,2197.36971276688,3,False,70.60413196543254,1437.97971276287,2200.2293886975385,0.29743301723872906
31281821,1,1,0,1489.4043961330851,1489.4043961330851,1,False,20.68748843297385,1468.2713678642176,1490.0421896306798,0.048338395607564276
31353324,12,12,0,1448.6503995408086,2195.5377038579163,3,False,70.60413196543254,1437.97971276287,2200.2293886975385,0.1699617241364166
31373667,43,41,2,1439.7405176417874,2199.894664265075,3,False,70.60413196543254,1437.97971276287,2200.2293886975385,0.6090295114888262
32068898,45,42,3,1346.930287893996,2376.610969723916,18,False,442.9025925896142,1325.3130924007855,2389.715407225769,0.10160247592340516
32545814,24,23,1,1441.819640900264,2225.812249496949,4,False,94.87495373282604,1437.97971276287,2227.5696549103595,0.2529645502393133
32818831,1,1,0,2990.6163056825567,2990.6163056825567,1,False,25.08563657850027,2988.435048438143,3014.152629461605,0.03986344922404932
32832770,14,14,0,2175.0763571859943,2218.55151728113,2,False,49.27081020036712,2174.222455819603,2227.5696549103595,0.28414389662087763
32874667,20,18,2,2176.1389165815517,2225.7694544282813,2,False,49.27081020036712,2174.222455819603,2227.5696549103595,0.4059198523155395
32874669,32,30,2,1469.4534596024837,2225.769454539807,3,False,69.95829863334097,1468.2713678642176,2227.5696549103595,0.4574153549347372
33006416,3,3,0,2180.723646493744,2221.7139490026198,2,False,49.27081020036712,2174.222455819603,2227.5696549103595,0.060887977847330924
33625968,1,1,0,2123.1542477329567,2123.1542477329567,1,False,26.270821759477712,2115.882201184518,2143.222467388492,0.038065044525652514
33938658,6,6,0,1479.0723832077342,2219.430335112852,2,False,44.95831020036735,1468.2713678642176,2227.5696549103595,0.133456973210505
34819306,4,4,0,2890.596452151668,2909.6588349199446,1,False,27.092581023927778,2882.323983593378,2910.048509061802,0.14764189489614363
34850833,2,2,0,2886.003269748343,2894.750595700878,1,False,27.092581023927778,2882.323983593378,2910.048509061802,0.07382094744807181
34854440,1,1,0,2522.532734688712,2522.532734688712,1,False,22.763888891320676,2500.1875831289217,2524.4375715572387,0.04392922513258602
34870785,6,6,0,2992.194180839037,3020.116707889231,2,False,50.98840278340549,2988.435048438143,3040.8979882597923,0.11767381742643523
34883452,2,2,0,2890.39779902512,2907.1755457818,1,False,27.092581023927778,2882.323983593378,2910.048509061802,0.07382094744807181
34885758,3,3,0,2451.804604938131,2515.296464112194,2,False,47.30554397962942,2447.687606282532,2524.4375715572387,0.06341751405061216
34942528,2,2,0,2490.1867998160105,2900.575604882498,2,False,50.75923611596227,2474.166761370376,2910.048509061802,0.039401696184530634
35001854,28,27,1,1601.939992395986,3095.6827929370206,4,False,105.80319442134419,1596.7713100183755,3096.58777991822,0.2646422932042534
35024972,8,7,1,2454.028197496498,2893.068636168865,3,False,75.30089120427101,2447.687606282532,2910.048509061802,0.10624044247096834
35118678,4,4,0,2452.661341134272,2491.357624169133,2,False,48.20831018034323,2447.687606282532,2498.888972017914,0.08297324641822823
35154714,3,3,0,2479.7007500306936,2496.945128395241,1,False,23.66665509203449,2474.166761370376,2498.888972017914,0.12676062537496957
35155385,1,1,0,2466.362089909692,2466.362089909692,1,False,24.541655088308744,2447.687606282532,2473.159816926345,0.040747048086271255
35155558,10,10,0,2449.1118206628166,2520.5991539621973,3,False,70.97219907166391,2447.687606282532,2524.4375715572387,0.14090024165522247
35155659,7,7,0,2465.8537265558084,2523.5381313722564,3,False,70.97219907166391,2447.687606282532,2524.4375715572387,0.09863016915865572
35155775,4,4,0,2448.338141251345,2505.558207073432,3,False,70.97219907166391,2447.687606282532,2524.4375715572387,0.056360096662088986
35156014,3,3,0,2462.877066930067,2507.1833060443023,3,False,70.97219907166391,2447.687606282532,2524.4375715572387,0.04227007249656674
35156034,4,4,0,2491.25312168182,2515.2420225075457,2,False,46.430543983355165,2474.166761370376,2524.4375715572387,0.0861501859946753
35156120,1,1,0,2504.6817742055573,2504.6817742055573,1,False,22.763888891320676,2500.1875831289217,2524.4375715572387,0.04392922513258602
35156210,1,1,0,2507.020788224315,2507.020788224315,1,False,22.763888891320676,2500.1875831289217,2524.4375715572387,0.04392922513258602
35156221,1,1,0,2509.579248831089,2509.579248831089,1,False,22.763888891320676,2500.1875831289217,2524.4375715572387,0.04392922513258602
35156235,3,3,0,2462.046417101477,2515.1239558197863,2,False,47.30554397962942,2447.687606282532,2524.4375715572387,0.06341751405061216
35156250,1,1,0,2496.120115250682,2496.120115250682,1,False,23.66665509203449,2474.166761370376,2498.888972017914,0.042253541791656524
35156413,4,4,0,2476.1449208536787,2490.189131104181,1,False,23.66665509203449,2474.166761370376,2498.888972017914,0.1690141671666261
35156755,3,3,0,2455.716620979593,2502.8872007311065,3,False,70.97219907166391,2447.687606282532,2524.4375715572387,0.04227007249656674
35156829,1,1,0,2516.747613490424,2516.747613490424,1,False,22.763888891320676,2500.1875831289217,2524.4375715572387,0.04392922513258602
35156991,4,4,0,2452.569079210596,2491.4308662512576,2,False,48.20831018034323,2447.687606282532,2498.888972017914,0.08297324641822823
35157428,9,9,0,2454.508136954033,2518.88795448205,3,False,70.97219907166391,2447.687606282532,2524.4375715572387,0.12681021748970023
35159411,4,3,1,2453.530303702656,2498.11190469589,2,False,48.20831018034323,2447.687606282532,2498.888972017914,0.08297324641822823
35159478,3,3,0,2461.767192678942,2469.8887927175124,1,False,24.541655088308744,2447.687606282532,2473.159816926345,0.12224114425881376
35159560,1,1,0,2494.471379421625,2494.471379421625,1,False,23.66665509203449,2474.166761370376,2498.888972017914,0.042253541791656524
35159657,1,1,0,2455.923574456559,2455.923574456559,1,False,24.541655088308744,2447.687606282532,2473.159816926345,0.040747048086271255
35159699,5,5,0,2461.8755352762805,2522.088085053253,2,False,47.30554397962942,2447.687606282532,2524.4375715572387,0.10569585675102026
35159780,3,3,0,2476.5046475407808,2508.4013895119087,2,False,46.430543983355165,2474.166761370376,2524.4375715572387,0.06461263949600649
35159964,1,1,0,2503.395547665777,2503.395547665777,1,False,22.763888891320676,2500.1875831289217,2524.4375715572387,0.04392922513258602
35160087,4,4,0,2477.532500344955,2521.217209560538,2,False,46.430543983355165,2474.166761370376,2524.4375715572387,0.0861501859946753
35200229,3,3,0,2492.117011297535,2510.011174214628,2,False,46.430543983355165,2474.166761370376,2524.4375715572387,0.06461263949600649
35200371,4,4,0,2484.195550229878,2501.859326829769,2,False,46.430543983355165,2474.166761370376,2524.4375715572387,0.0861501859946753
35200790,7,6,1,2466.762059883657,2513.737721038976,2,False,47.30554397962942,2447.687606282532,2524.4375715572387,0.14797419945142837
35204126,1,1,0,2480.491049182302,2480.491049182302,1,False,23.66665509203449,2474.166761370376,2498.888972017914,0.042253541791656524
35204831,2,2,0,2452.2204069945037,2504.0886339348344,2,False,47.30554397962942,2447.687606282532,2524.4375715572387,0.0422783427004081
35204978,8,8,0,2448.5811672495424,2492.8087355753323,2,False,48.20831018034323,2447.687606282532,2498.888972017914,0.16594649283645646
35205052,5,5,0,2483.4121597689555,2516.6309331684524,2,False,46.430543983355165,2474.166761370376,2524.4375715572387,0.10768773249334414
35205082,2,2,0,2494.643591200881,2505.352607767899,2,False,46.430543983355165,2474.166761370376,2524.4375715572387,0.04307509299733765
35205316,2,2,0,2467.81358839912,2496.553450427863,2,False,48.20831018034323,2447.687606282532,2498.888972017914,0.041486623209114115
35205354,1,1,0,2489.076518228875,2489.076518228875,1,False,23.66665509203449,2474.166761370376,2498.888972017914,0.042253541791656524
35205530,2,2,0,2466.6190451970774,2521.249173089067,2,False,47.30554397962942,2447.687606282532,2524.4375715572387,0.0422783427004081
35205613,3,3,0,2484.1678052699563,2522.7644965903546,2,False,46.430543983355165,2474.166761370376,2524.4375715572387,0.06461263949600649
35205768,1,1,0,2521.0311049729653,2521.0311049729653,1,False,22.763888891320676,2500.1875831289217,2524.4375715572387,0.04392922513258602
35205926,2,2,0,2454.0497523117488,2517.317075524702,2,False,47.30554397962942,2447.687606282532,2524.4375715572387,0.0422783427004081
35206374,7,7,0,2452.5829342202246,2515.862837672737,3,False,70.97219907166391,2447.687606282532,2524.4375715572387,0.09863016915865572
35206455,4,4,0,2487.359675226221,2509.3916893235496,2,False,46.430543983355165,2474.166761370376,2524.4375715572387,0.0861501859946753
35602999,3,3,0,3007.220825009432,3039.6359010091337,2,False,50.98840278340549,2988.435048438143,3040.8979882597923,0.05883690871321762
35745429,1,1,0,2167.7311742014426,2167.7311742014426,1,False,24.020821762736887,2144.514134055469,2169.944678040687,0.04163054910766142
36959970,1,1,0,1646.940145163902,1646.940145163902,1,False,26.854155085049797,1624.958798439242,1652.875453523826,0.0372381851833692
37307440,9,9,0,2208.942188325333,2225.2392195014377,1,False,24.2708217673935,2201.729388698004,2227.5696549103595,0.3708156273509865
37997333,1,1,0,2209.8002577899183,2209.8002577899183,1,False,24.2708217673935,2201.729388698004,2227.5696549103595,0.041201736372331835
37997336,1,1,0,2209.8030357182606,2209.8030357182606,1,False,24.2708217673935,2201.729388698004,2227.5696549103595,0.041201736372331835
38680132,15,15,0,1327.185038441144,2377.000363886159,13,False,323.5970948818144,1325.3130924007855,2389.715407225769,0.04635393901010875
38905773,9,9,0,1441.4466505595842,1677.4538180730613,7,False,172.77075231773802,1437.97971276287,1682.3546086070128,0.05209215031632405
42974961,4,4,0,1634.994774405723,1646.9431690625129,1,False,26.854155085049797,1624.958798439242,1652.875453523826,0.1489527407334768
44517110,3,3,0,2996.898750444452,3007.9266377699064,1,False,25.08563657850027,2988.435048438143,3014.152629461605,0.11959034767214798
44688594,5,5,0,3000.245791932796,3037.935872182245,2,False,50.98840278340549,2988.435048438143,3040.8979882597923,0.09806151452202937
44743153,10,10,0,1429.0050911222434,1462.6866156371725,2,False,46.999976861756295,1410.917224333156,1464.2713678628206,0.21276606219219146
44926734,11,7,4,2992.8221364910078,3039.7136785374723,2,False,50.98840278340549,2988.435048438143,3040.8979882597923,0.21573533194846461
45460157,3,3,0,1574.1156203899875,2314.474913634567,3,False,72.659687503241,1569.4379882598296,2332.576553073246,0.04128836915058552
45460236,1,1,0,1590.6764941799197,1590.6764941799197,1,False,25.22915509203449,1569.4379882598296,1595.667143351864,0.03963668209862987
45603316,4,4,0,3006.2306098483045,3036.498531335563,2,False,50.98840278340549,2988.435048438143,3040.8979882597923,0.0784492116176235
46386531,17,17,0,1473.2098575197156,2198.8623323422376,2,False,45.687476865947474,1468.2713678642176,2200.2293886975385,0.37209321166673387
46424743,7,7,0,2448.6120808304527,2898.217286204956,3,False,75.30089120427101,2447.687606282532,2910.048509061802,0.0929603871620973
46427659,1,1,0,2453.5292804904807,2453.5292804904807,1,False,24.541655088308744,2447.687606282532,2473.159816926345,0.040747048086271255
46476638,7,7,0,2450.194224261743,2522.2395623589646,3,False,70.97219907166391,2447.687606282532,2524.4375715572387,0.09863016915865572
46476660,6,6,0,2448.038455526491,2521.6895508881817,3,False,70.97219907166391,2447.687606282532,2524.4375715572387,0.08454014499313348
46478551,1,1,0,1813.987267420399,1813.987267420399,1,False,23.062488431111206,1790.6670622974634,1815.0212173955515,0.04336045535532948
46478652,2,2,0,2483.69026279666,2495.2341515228354,1,False,23.66665509203449,2474.166761370376,2498.888972017914,0.08450708358331305
46478653,1,1,0,2492.05616331014,2492.05616331014,1,False,23.66665509203449,2474.166761370376,2498.888972017914,0.042253541791656524
46478996,2,2,0,2518.7255550326863,2891.8186200373234,2,False,49.856469915248454,2500.1875831289217,2910.048509061802,0.040115154630879835
46481769,1,1,0,2470.3863563527107,2470.3863563527107,1,False,24.541655088308744,2447.687606282532,2473.159816926345,0.040747048086271255
46481773,6,6,0,2449.349660284442,2503.897150643017,3,False,70.97219907166391,2447.687606282532,2524.4375715572387,0.08454014499313348
46502610,1,1,0,2449.870549875237,2449.870549875237,1,False,24.541655088308744,2447.687606282532,2473.159816926345,0.040747048086271255
46507092,4,4,0,2450.4178444147724,2514.3782131139824,3,False,70.97219907166391,2447.687606282532,2524.4375715572387,0.056360096662088986
46531745,10,10,0,1476.205596415812,2197.9164401438197,2,False,45.687476865947474,1468.2713678642176,2200.2293886975385,0.2188783598039611
46533685,4,4,0,2453.1694791916466,2496.7370203024084,2,False,48.20831018034323,2447.687606282532,2498.888972017914,0.08297324641822823
46537331,8,8,0,2454.543153171999,2905.8034338749158,4,False,98.06478009559169,2447.687606282532,2910.048509061802,0.08157872777771746
46615389,3,3,0,2467.579162324421,2508.051541411738,3,False,70.97219907166391,2447.687606282532,2524.4375715572387,0.04227007249656674
46616245,3,3,0,2481.367805951477,2510.1196538463646,2,False,46.430543983355165,2474.166761370376,2524.4375715572387,0.06461263949600649
46617053,3,3,0,2462.393873239288,2522.07839386093,2,False,47.30554397962942,2447.687606282532,2524.4375715572387,0.06341751405061216
46619788,2,2,0,2449.057899127644,2454.658442567194,1,False,24.541655088308744,2447.687606282532,2473.159816926345,0.08149409617254251
46620869,5,5,0,2466.5415735399574,2523.7382134011305,3,False,70.97219907166391,2447.687606282532,2524.4375715572387,0.07045012082761123
46625172,12,11,1,1470.2044600031224,2198.437463046814,2,False,45.687476865947474,1468.2713678642176,2200.2293886975385,0.2626540317647533
46628484,2,2,0,2453.591700107472,2502.722077852065,2,False,47.30554397962942,2447.687606282532,2524.4375715572387,0.0422783427004081
46628627,1,1,0,2515.960188165532,2515.960188165532,1,False,22.763888891320676,2500.1875831289217,2524.4375715572387,0.04392922513258602
46628636,5,4,1,2474.371380226481,2516.117139476809,2,False,46.430543983355165,2474.166761370376,2524.4375715572387,0.10768773249334414
46628798,2,2,0,2505.8541795546844,2506.4555989181044,1,False,22.763888891320676,2500.1875831289217,2524.4375715572387,0.08785845026517204
46633507,6,6,0,2451.795682147792,2520.4672827965,3,False,70.97219907166391,2447.687606282532,2524.4375715572387,0.08454014499313348
46633710,9,9,0,2448.0036455682034,2506.011146172239,3,False,70.97219907166391,2447.687606282532,2524.4375715572387,0.12681021748970023
46634442,2,2,0,2452.2193268075057,2467.063791084724,1,False,24.541655088308744,2447.687606282532,2473.159816926345,0.08149409617254251
46634692,3,2,1,2476.4965497968524,2514.932361932469,2,False,46.430543983355165,2474.166761370376,2524.4375715572387,0.06461263949600649
46674761,2,2,0,2505.409672698979,2522.3089641703755,1,False,22.763888891320676,2500.1875831289217,2524.4375715572387,0.08785845026517204
46678194,8,8,0,2452.988789590898,2516.8254641611265,3,False,70.97219907166391,2447.687606282532,2524.4375715572387,0.11272019332417797
46679024,1,1,0,2476.4021017474734,2476.4021017474734,1,False,23.66665509203449,2474.166761370376,2498.888972017914,0.042253541791656524
46679622,4,4,0,2469.6570690960184,2507.2195289154297,3,False,70.97219907166391,2447.687606282532,2524.4375715572387,0.056360096662088986
46679751,2,2,0,2450.2232749668096,2498.110665876743,2,False,48.20831018034323,2447.687606282532,2498.888972017914,0.041486623209114115
46679921,13,13,0,2451.8109275939864,2521.222850752946,3,False,70.97219907166391,2447.687606282532,2524.4375715572387,0.1831703141517892
46680801,5,5,0,2480.037075268528,2523.9298298520725,2,False,46.430543983355165,2474.166761370376,2524.4375715572387,0.10768773249334414
47596872,3,3,0,1474.3733043688346,1483.3386394058296,1,False,20.68748843297385,1468.2713678642176,1490.0421896306798,0.14501518682269285
48630780,8,7,0,1619.748515712788,3089.2839848609365,2,False,53.219884248916514,1596.7713100183755,3096.58777991822,0.15031975572481387
50126660,1,1,0,2886.3629381699566,2886.3629381699566,1,False,27.092581023927778,2882.323983593378,2910.048509061802,0.03691047372403591
51170683,2,2,0,2945.066406073812,2958.024676021392,1,False,20.006932877935924,2936.89803453302,2962.5832081525587,0.0999653476223556
51997221,1,1,0,1486.4281638759237,1486.4281638759237,1,False,20.68748843297385,1468.2713678642176,1490.0421896306798,0.048338395607564276
52256020,9,8,1,1330.8786435313316,2085.358898476048,4,False,100.03469904977874,1325.3130924007855,2087.0974905407056,0.08996878168765687
53062654,40,40,0,1468.6278474778185,2253.3662510762274,4,False,91.95828706678071,1468.2713678642176,2254.062698900234,0.4349798291800688
53171674,16,16,0,1471.3141340865102,2253.65801793484,3,False,67.68746529938721,1468.2713678642176,2254.062698900234,0.2363805459287135
53417036,27,25,1,1472.288147182359,2227.164244155907,2,False,44.95831020036735,1468.2713678642176,2227.5696549103595,0.6005563794472726
53688674,31,30,0,1474.318557357177,2253.210992407029,3,False,67.68746529938721,1468.2713678642176,2254.062698900234,0.4579873077368824
54007252,23,22,1,2484.297861593549,2547.9576739460977,3,False,70.38886574842036,2474.166761370376,2550.625059989281,0.3267562242330373
54008191,2,2,0,2488.90107218365,2535.5516951623936,2,False,47.62497685709968,2474.166761370376,2550.625059989281,0.041994771063113924
54038384,5,5,0,2484.3006202646025,2544.6728638731915,2,False,47.62497685709968,2474.166761370376,2550.625059989281,0.1049869276577848
54038819,2,2,0,2491.10265890623,2541.176912376357,2,False,47.62497685709968,2474.166761370376,2550.625059989281,0.041994771063113924
54175032,2,2,0,1601.727336516985,1621.624900300631,1,False,25.99998842133209,1596.7713100183755,1623.875465106219,0.0769231111795061
54186553,1,1,0,2549.331303254389,2549.331303254389,1,False,23.958321765065193,2525.507016001735,2550.625059989281,0.04173915058850863
54186572,1,1,0,2483.4991442454952,2483.4991442454952,1,False,23.66665509203449,2474.166761370376,2498.888972017914,0.042253541791656524
54186817,12,12,0,2475.246939563282,2542.514454512447,3,False,70.38886574842036,2474.166761370376,2550.625059989281,0.1704815082954977
54231347,14,13,1,2475.43582427208,2545.256199656779,3,False,70.38886574842036,2474.166761370376,2550.625059989281,0.198895093011414
54231350,14,13,1,2475.43582427208,2545.256199656779,3,False,70.38886574842036,2474.166761370376,2550.625059989281,0.198895093011414
54245747,15,12,3,1602.4424726391917,3094.19355344287,2,False,53.219884248916514,1596.7713100183755,3096.58777991822,0.281849541984026
54667962,2,2,0,1602.2689567616355,1606.6968787535393,1,False,25.99998842133209,1596.7713100183755,1623.875465106219,0.0769231111795061
54810190,13,12,1,1602.9217850562277,2347.9495895047976,2,False,51.72914350870997,1596.7713100183755,2360.5487521416508,0.2513090130288182
54811378,4,4,0,1604.8954580011605,2359.49820631837,2,False,51.72914350870997,1596.7713100183755,2360.5487521416508,0.07732585016271329
55406666,1,1,0,2161.4865741264,2161.4865741264,1,False,24.020821762736887,2144.514134055469,2169.944678040687,0.04163054910766142
55781202,69,66,1,2039.650734910029,2383.950312021878,13,False,320.6665162066938,2036.2780692591327,2389.715407225769,0.21517681613980638
55935823,1,1,0,2199.276401139248,2199.276401139248,1,False,24.999988432973623,2174.222455819603,2200.2293886975385,0.04000001850725077
56551765,2,2,0,2483.7741862985117,2489.2760426515133,1,False,23.66665509203449,2474.166761370376,2498.888972017914,0.08450708358331305
56624881,21,20,1,2477.261097116874,2523.89625079969,2,False,46.430543983355165,2474.166761370376,2524.4375715572387,0.45228847647204534
56624887,13,13,0,1819.7164784329384,2523.08927749259,3,False,70.49303241679445,1816.0837173955515,2524.4375715572387,0.18441538907188287
56625009,3,3,0,1837.2202690029897,2498.221160675869,2,False,47.72914352547377,1816.0837173955515,2498.888972017914,0.06285467909975913
56627416,1,1,0,1840.5854140379936,1840.5854140379936,1,False,24.062488433439285,1816.0837173955515,1841.1462058294564,0.04155846153510519
56627488,1,1,0,2488.7384769506907,2488.7384769506907,1,False,23.66665509203449,2474.166761370376,2498.888972017914,0.042253541791656524
56628414,5,5,0,2493.211093366612,2523.844879201108,2,False,46.430543983355165,2474.166761370376,2524.4375715572387,0.10768773249334414
56658816,2,2,0,1817.5220400220487,1829.4718906589835,1,False,24.062488433439285,1816.0837173955515,1841.1462058294564,0.08311692307021037
56659140,2,2,0,2476.5985083341448,2521.925337140604,2,False,46.430543983355165,2474.166761370376,2524.4375715572387,0.04307509299733765
57528302,7,7,0,2286.944604183232,2301.086437770909,1,False,24.145821761339448,2280.902965109796,2305.9862868711352,0.2899052295336619
58108583,2,1,1,1816.9178726604157,1816.9234282355253,1,False,24.062488433439285,1816.0837173955515,1841.1462058294564,0.08311692307021037
58177093,25,25,0,1819.667871054482,2514.493007691183,3,False,70.49303241679445,1816.0837173955515,2524.4375715572387,0.3546449789843901
58229113,1,1,0,2495.9278860818577,2495.9278860818577,1,False,23.66665509203449,2474.166761370376,2498.888972017914,0.042253541791656524
58229181,1,1,0,1821.6984130997105,1821.6984130997105,1,False,24.062488433439285,1816.0837173955515,1841.1462058294564,0.04155846153510519
58229237,4,4,0,2476.4526108732634,2496.7848899232504,1,False,23.66665509203449,2474.166761370376,2498.888972017914,0.1690141671666261
58231482,25,23,2,1818.3914850445296,2516.022246047907,3,False,70.49303241679445,1816.0837173955515,2524.4375715572387,0.3546449789843901
58231518,3,3,0,2478.208318012553,2502.13250718217,2,False,46.430543983355165,2474.166761370376,2524.4375715572387,0.06461263949600649
58231519,13,13,0,1816.4595375562308,2524.183724191726,2,False,46.82637732475996,1816.0837173955515,2524.4375715572387,0.27762130539887203
58281558,1,1,0,2477.9986408976138,2477.9986408976138,1,False,23.66665509203449,2474.166761370376,2498.888972017914,0.042253541791656524
58285782,3,2,1,1820.7373121098767,2522.554491468352,2,False,46.82637732475996,1816.0837173955515,2524.4375715572387,0.06406645509204739
58285785,12,11,0,2478.8000327287427,2524.1226076243925,2,False,46.430543983355165,2474.166761370376,2524.4375715572387,0.25845055798402594
58285830,5,5,0,2475.016330630874,2510.244129328494,2,False,46.430543983355165,2474.166761370376,2524.4375715572387,0.10768773249334414
58287935,51,49,1,1818.477588603724,2933.114206546317,4,False,96.28468751674518,1816.0837173955515,2936.6873863846995,0.5296792388834458
58288478,12,12,0,2493.8290793240503,2516.8695011802224,2,False,46.430543983355165,2474.166761370376,2524.4375715572387,0.25845055798402594
58288494,17,17,0,1829.867735457942,2517.791772454221,3,False,70.49303241679445,1816.0837173955515,2524.4375715572387,0.24115858570938528
58315672,2,2,0,2481.01411626196,2502.6200358330866,2,False,46.430543983355165,2474.166761370376,2524.4375715572387,0.04307509299733765
58315753,15,13,2,2479.1042190539483,2520.673860397587,2,False,46.430543983355165,2474.166761370376,2524.4375715572387,0.3230631974800324
58317850,2,2,0,2490.305245272958,2503.506257987616,2,False,46.430543983355165,2474.166761370376,2524.4375715572387,0.04307509299733765
58366488,10,10,0,1822.556746939851,2498.322464592044,2,False,47.72914352547377,1816.0837173955515,2498.888972017914,0.20951559699919708
58367096,1,1,0,2510.849722957281,2510.849722957281,1,False,22.763888891320676,2500.1875831289217,2524.4375715572387,0.04392922513258602
58372772,4,4,0,2480.3154098810755,2501.396309452028,2,False,46.430543983355165,2474.166761370376,2524.4375715572387,0.0861501859946753
58429869,1,1,0,2480.3667563374293,2480.3667563374293,1,False,23.66665509203449,2474.166761370376,2498.888972017914,0.042253541791656524
58467184,6,6,0,1817.4956579829384,1840.2410490080904,1,False,24.062488433439285,1816.0837173955515,1841.1462058294564,0.24935076921063112
58467533,12,12,0,1816.7553721311776,2516.859754980264,3,False,70.49303241679445,1816.0837173955515,2524.4375715572387,0.17022958991250728
58467639,12,11,1,2475.766345988065,2518.7654042198533,2,False,46.430543983355165,2474.166761370376,2524.4375715572387,0.25845055798402594
58473715,10,8,0,2477.8277045553787,2521.7711447158604,2,False,46.430543983355165,2474.166761370376,2524.4375715572387,0.21537546498668828
58540528,1,1,0,2917.347866371953,2917.347866371953,1,False,25.79165509995073,2910.259157210123,2936.6873863846995,0.03877223063524567
58544613,2,2,0,2492.898442270909,2519.908551098963,2,False,46.430543983355165,2474.166761370376,2524.4375715572387,0.04307509299733765
58544652,12,12,0,2474.421799740181,2524.11289247892,2,False,46.430543983355165,2474.166761370376,2524.4375715572387,0.25845055798402594
58583881,3,3,0,1630.7039536051675,1649.4397768789386,1,False,26.854155085049797,1624.958798439242,1652.875453523826,0.1117145555501076
58601266,1,1,0,2503.6492268168035,2503.6492268168035,1,False,22.763888891320676,2500.1875831289217,2524.4375715572387,0.04392922513258602
58606534,34,34,0,2476.8511351166217,2523.740613718141,2,False,46.430543983355165,2474.166761370376,2524.4375715572387,0.7322765809547401
58638171,1,1,0,1820.9609296105368,1820.9609296105368,1,False,24.062488433439285,1816.0837173955515,1841.1462058294564,0.04155846153510519
58638214,4,4,0,1816.8609250445045,2480.9848192956406,2,False,47.72914352547377,1816.0837173955515,2498.888972017914,0.08380623879967883
58833495,2,1,1,1636.2468966883887,1636.270507681426,1,False,26.854155085049797,1624.958798439242,1652.875453523826,0.0744763703667384
59017926,4,3,0,1629.644236802668,1651.7577983820006,1,False,26.854155085049797,1624.958798439242,1652.875453523826,0.1489527407334768
59025325,11,11,0,2428.811178041072,2818.578749955317,2,False,51.72914350498468,2419.9862289754674,2824.2638215580955,0.21264608796277534
59535615,2,2,0,2207.8695492580337,2209.5737507814683,1,False,24.2708217673935,2201.729388698004,2227.5696549103595,0.08240347274466367
59968460,1,1,0,2998.737274920257,2998.737274920257,1,False,25.08563657850027,2988.435048438143,3014.152629461605,0.03986344922404932
60140517,2,2,0,1507.5481063836653,1540.1742059760454,2,False,42.93747686361871,1491.625522964634,1542.0004998305812,0.046579355520878704
60325846,1,1,0,2966.259936478257,2966.259936478257,1,False,24.7985995439808,2962.7938563008797,2988.2244002898224,0.040324857789911905
61139406,6,6,0,2447.935383249336,2519.0102456497525,3,False,70.97219907166391,2447.687606282532,2524.4375715572387,0.08454014499313348
61139416,2,2,0,2453.034506426395,2516.1087500093536,2,False,47.30554397962942,2447.687606282532,2524.4375715572387,0.0422783427004081
61139634,2,2,0,2468.6137747446305,2508.98898570716,2,False,47.30554397962942,2447.687606282532,2524.4375715572387,0.0422783427004081
61139640,1,1,0,2468.613774322509,2468.613774322509,1,False,24.541655088308744,2447.687606282532,2473.159816926345,0.040747048086271255
61139677,2,2,0,2518.219943350336,2524.1951181509403,1,False,22.763888891320676,2500.1875831289217,2524.4375715572387,0.08785845026517204
61141472,2,2,0,2491.407379642079,2492.397729147832,1,False,23.66665509203449,2474.166761370376,2498.888972017914,0.08450708358331305
61141737,4,4,0,2481.8052515525114,2501.324707017802,2,False,46.430543983355165,2474.166761370376,2524.4375715572387,0.0861501859946753
61143140,1,1,0,2497.9675740948683,2497.9675740948683,1,False,23.66665509203449,2474.166761370376,2498.888972017914,0.042253541791656524
61144513,1,1,0,2498.27312764326,2498.27312764326,1,False,23.66665509203449,2474.166761370376,2498.888972017914,0.042253541791656524
61145396,2,2,0,2451.8746882417813,2493.974207536402,2,False,48.20831018034323,2447.687606282532,2498.888972017914,0.041486623209114115
61145620,2,2,0,2480.2606345811982,2504.631815575066,2,False,46.430543983355165,2474.166761370376,2524.4375715572387,0.04307509299733765
61145677,3,3,0,2469.195763785209,2509.148712393101,3,False,70.97219907166391,2447.687606282532,2524.4375715572387,0.04227007249656674
61145683,7,7,0,2454.956916321517,2504.187343128008,2,False,47.30554397962942,2447.687606282532,2524.4375715572387,0.14797419945142837
61145765,8,8,0,2454.81522421424,2517.4601905100744,3,False,70.97219907166391,2447.687606282532,2524.4375715572387,0.11272019332417797
61145832,4,4,0,2449.554993193381,2520.8491951798906,2,False,47.30554397962942,2447.687606282532,2524.4375715572387,0.0845566854008162
61145876,8,8,0,2450.0036453247926,2524.039556076714,3,False,70.97219907166391,2447.687606282532,2524.4375715572387,0.11272019332417797
61145889,1,1,0,2493.878342531002,2493.878342531002,1,False,23.66665509203449,2474.166761370376,2498.888972017914,0.042253541791656524
61145907,1,1,0,2515.580943822828,2515.580943822828,1,False,22.763888891320676,2500.1875831289217,2524.4375715572387,0.04392922513258602
61145940,3,3,0,2467.5761543669064,2509.722338901714,2,False,47.30554397962942,2447.687606282532,2524.4375715572387,0.06341751405061216
61146010,2,2,0,2448.8326882789725,2498.3397430349205,2,False,48.20831018034323,2447.687606282532,2498.888972017914,0.041486623209114115
61530691,7,7,0,1602.078901425,1619.218020949998,1,False,25.99998842133209,1596.7713100183755,1623.875465106219,0.26923088912827137
62636392,7,7,0,2484.420119554921,2540.825524917799,3,False,70.38886574842036,2474.166761370376,2550.625059989281,0.099447546505707
62637242,4,4,0,2478.9557044481776,2483.531143339131,1,False,23.66665509203449,2474.166761370376,2498.888972017914,0.1690141671666261
64775249,5,5,0,2835.4200292052087,2855.538025106633,2,False,52.26155092380941,2825.252247483935,2882.1133354450576,0.09567262952623343
65261283,1,1,0,2094.118573815745,2094.118573815745,1,False,25.24304397823289,2088.2363794292323,2114.430812295992,0.039614873739565695
65262849,1,1,0,2103.950610892827,2103.950610892827,1,False,25.24304397823289,2088.2363794292323,2114.430812295992,0.039614873739565695
65280220,1,1,0,2906.9876297711976,2906.9876297711976,1,False,27.092581023927778,2882.323983593378,2910.048509061802,0.03691047372403591
65570080,1,1,0,2936.3147813602845,2936.3147813602845,1,False,25.79165509995073,2910.259157210123,2936.6873863846995,0.03877223063524567
65747524,2,2,0,2915.32926497174,2918.9875550465845,1,False,25.79165509995073,2910.259157210123,2936.6873863846995,0.07754446127049135
65748330,1,1,0,2934.7551624766675,2934.7551624766675,1,False,25.79165509995073,2910.259157210123,2936.6873863846995,0.03877223063524567
66437682,1,1,0,2105.891237522107,2105.891237522107,1,False,25.24304397823289,2088.2363794292323,2114.430812295992,0.039614873739565695
66816152,3,3,0,3078.9617413753817,3082.2826398652014,1,False,27.219895827584423,3068.7336248317733,3096.58777991822,0.11021350041170341
66922964,1,1,0,1638.265201398936,1638.265201398936,1,False,26.854155085049797,1624.958798439242,1652.875453523826,0.0372381851833692
66944319,17,14,2,1574.4657433122852,3061.315407253652,3,False,77.51616897387385,1569.4379882598296,3068.029921127949,0.21930908383423467
67271271,7,5,2,1629.676348478108,1638.33047793963,1,False,26.854155085049797,1624.958798439242,1652.875453523826,0.26066729628358437
67318521,3,3,0,3045.922321569303,3059.577958125004,1,False,26.287025460507266,3041.108636408113,3068.029921127949,0.11412474205219979
67326261,11,11,0,1588.858972487887,2358.5235577910653,4,False,101.10412035882473,1569.4379882598296,2360.5487521416508,0.10879873106022113
67416383,2,2,0,2315.811361749584,2359.38463161248,2,False,49.87497684545815,2307.2362868711352,2360.5487521416508,0.04010026924317519
67699049,40,38,2,1572.4502620068718,3066.279192074532,3,False,77.51616897387385,1569.4379882598296,3068.029921127949,0.516021373727611
67768165,1,1,0,2454.768061410586,2454.768061410586,1,False,24.541655088308744,2447.687606282532,2473.159816926345,0.040747048086271255
67768181,3,3,0,2479.464773266888,2513.8308939355397,2,False,46.430543983355165,2474.166761370376,2524.4375715572387,0.06461263949600649
67768229,1,1,0,2516.9060249925005,2516.9060249925005,1,False,22.763888891320676,2500.1875831289217,2524.4375715572387,0.04392922513258602
67768258,1,1,0,2515.035114094543,2515.035114094543,1,False,22.763888891320676,2500.1875831289217,2524.4375715572387,0.04392922513258602
67768260,2,2,0,2505.3152111221243,2515.2434581631173,1,False,22.763888891320676,2500.1875831289217,2524.4375715572387,0.08785845026517204
67768262,1,1,0,2496.3688359670805,2496.3688359670805,1,False,23.66665509203449,2474.166761370376,2498.888972017914,0.042253541791656524
67768296,3,3,0,2476.45479818517,2510.314072382297,2,False,46.430543983355165,2474.166761370376,2524.4375715572387,0.06461263949600649
67768398,2,2,0,2451.5219263331323,2477.3159908383823,2,False,48.20831018034323,2447.687606282532,2498.888972017914,0.041486623209114115
67768459,5,5,0,2453.780479155136,2493.3853114603544,2,False,48.20831018034323,2447.687606282532,2498.888972017914,0.1037165580227853
67769031,1,1,0,2510.007142664216,2510.007142664216,1,False,22.763888891320676,2500.1875831289217,2524.4375715572387,0.04392922513258602
67769172,20,19,0,2448.598058580409,2517.256064655497,3,False,70.97219907166391,2447.687606282532,2524.4375715572387,0.28180048331044494
67785558,10,10,0,2467.5388035408887,2519.645047543822,3,False,70.97219907166391,2447.687606282532,2524.4375715572387,0.14090024165522247
67785604,4,4,0,2462.3813759176137,2502.0192471492637,3,False,70.97219907166391,2447.687606282532,2524.4375715572387,0.056360096662088986
67786361,1,1,0,2504.605484622352,2504.605484622352,1,False,22.763888891320676,2500.1875831289217,2524.4375715572387,0.04392922513258602
67787123,6,6,0,2447.911833549032,2519.474174217092,2,False,47.30554397962942,2447.687606282532,2524.4375715572387,0.12683502810122432
67787155,4,4,0,2450.881574777482,2514.2184159511307,2,False,47.30554397962942,2447.687606282532,2524.4375715572387,0.0845566854008162
67787249,5,5,0,2449.206402131444,2524.2604100071503,3,False,70.97219907166391,2447.687606282532,2524.4375715572387,0.07045012082761123
67787307,3,3,0,2449.399469334869,2490.978174449365,2,False,48.20831018034323,2447.687606282532,2498.888972017914,0.06222993481367118
67787319,1,1,0,2506.840282446536,2506.840282446536,1,False,22.763888891320676,2500.1875831289217,2524.4375715572387,0.04392922513258602
67787333,2,2,0,2452.852587151249,2517.872722492376,2,False,47.30554397962942,2447.687606282532,2524.4375715572387,0.0422783427004081
67787604,3,3,0,2448.5771496010066,2517.299085001582,2,False,47.30554397962942,2447.687606282532,2524.4375715572387,0.06341751405061216
67787656,3,3,0,2466.6080645865504,2514.140625111385,3,False,70.97219907166391,2447.687606282532,2524.4375715572387,0.04227007249656674
67787704,1,1,0,2520.671423492638,2520.671423492638,1,False,22.763888891320676,2500.1875831289217,2524.4375715572387,0.04392922513258602
67787715,2,2,0,2449.138321520498,2468.441560445237,1,False,24.541655088308744,2447.687606282532,2473.159816926345,0.08149409617254251
67787866,1,1,0,2490.521201691904,2490.521201691904,1,False,23.66665509203449,2474.166761370376,2498.888972017914,0.042253541791656524
67787912,6,6,0,2450.239839029406,2519.664456537331,3,False,70.97219907166391,2447.687606282532,2524.4375715572387,0.08454014499313348
67788486,3,3,0,2451.3788651013588,2476.0797806358923,2,False,48.20831018034323,2447.687606282532,2498.888972017914,0.06222993481367118
67789125,1,1,0,2515.2546042059853,2515.2546042059853,1,False,22.763888891320676,2500.1875831289217,2524.4375715572387,0.04392922513258602
67829254,7,7,0,2448.0298842102125,2522.9284367098307,3,False,70.97219907166391,2447.687606282532,2524.4375715572387,0.09863016915865572
67829298,5,5,0,2468.240166892911,2517.710222708837,3,False,70.97219907166391,2447.687606282532,2524.4375715572387,0.07045012082761123
67829329,3,3,0,2449.77589589342,2517.2546490960044,3,False,70.97219907166391,2447.687606282532,2524.4375715572387,0.04227007249656674
67829472,1,1,0,2480.0773104510326,2480.0773104510326,1,False,23.66665509203449,2474.166761370376,2498.888972017914,0.042253541791656524
67829596,4,4,0,2449.923117901404,2521.249217131777,3,False,70.97219907166391,2447.687606282532,2524.4375715572387,0.056360096662088986
67829613,1,1,0,2477.5798679639856,2477.5798679639856,1,False,23.66665509203449,2474.166761370376,2498.888972017914,0.042253541791656524
67829619,2,2,0,2490.958713252484,2495.236792251545,1,False,23.66665509203449,2474.166761370376,2498.888972017914,0.08450708358331305
67829648,4,4,0,2450.067572822584,2516.57405604788,3,False,70.97219907166391,2447.687606282532,2524.4375715572387,0.056360096662088986
67829685,1,1,0,2451.630227176189,2451.630227176189,1,False,24.541655088308744,2447.687606282532,2473.159816926345,0.040747048086271255
67829732,3,3,0,2451.7677326590424,2496.9174524395694,2,False,48.20831018034323,2447.687606282532,2498.888972017914,0.06222993481367118
67829849,2,2,0,2455.1597122573444,2501.916368444723,2,False,47.30554397962942,2447.687606282532,2524.4375715572387,0.0422783427004081
67829906,4,4,0,2504.1498410122795,2521.0422585335173,1,False,22.763888891320676,2500.1875831289217,2524.4375715572387,0.17571690053034408
67830039,2,2,0,2479.079979258747,2523.482603181563,2,False,46.430543983355165,2474.166761370376,2524.4375715572387,0.04307509299733765
67830071,2,2,0,2480.5689993000788,2514.298956759999,2,False,46.430543983355165,2474.166761370376,2524.4375715572387,0.04307509299733765
67830207,3,3,0,2491.915727701754,2521.8742337811746,2,False,46.430543983355165,2474.166761370376,2524.4375715572387,0.06461263949600649
67830608,1,1,0,2508.872338532359,2508.872338532359,1,False,22.763888891320676,2500.1875831289217,2524.4375715572387,0.04392922513258602
67868078,1,1,0,2339.668586577748,2339.668586577748,1,False,25.729155087377876,2333.854319276754,2360.5487521416508,0.038866414252778037
68000003,1,1,0,2888.928083925283,2888.928083925283,1,False,27.092581023927778,2882.323983593378,2910.048509061802,0.03691047372403591
68256696,10,10,0,3069.2016915570844,3093.9535353651177,1,False,27.219895827584423,3068.7336248317733,3096.58777991822,0.36737833470567804
68416596,7,7,0,1629.8916104254515,1650.5899684555602,1,False,26.854155085049797,1624.958798439242,1652.875453523826,0.26066729628358437
68418284,3,3,0,1603.5788545962612,2352.2799412530967,2,False,51.72914350870997,1596.7713100183755,2360.5487521416508,0.057994387622034974
68811545,2,2,0,2480.364743412455,2517.3552409203458,2,False,46.430543983355165,2474.166761370376,2524.4375715572387,0.04307509299733765
69420071,11,10,0,1631.2649834720123,3081.600396826089,2,False,54.07405091263422,1624.958798439242,3096.58777991822,0.20342474466676005
69474391,7,6,1,2481.921581199115,2519.337150207092,2,False,46.430543983355165,2474.166761370376,2524.4375715572387,0.1507628254906818
69530507,3,3,0,2476.251566229142,2504.152712712976,2,False,46.430543983355165,2474.166761370376,2524.4375715572387,0.06461263949600649
69598131,3,3,0,2502.3886785253103,2510.933780081859,1,False,22.763888891320676,2500.1875831289217,2524.4375715572387,0.13178767539775807
69874547,4,4,0,2362.7272587006264,2382.15474046452,1,False,26.937488418072462,2361.770974363666,2389.715407225769,0.14849194319528264
70105749,8,7,0,2475.909751795757,2523.5373099404846,2,False,46.430543983355165,2474.166761370376,2524.4375715572387,0.1723003719893506
70742059,1,1,0,1362.9924618904054,1362.9924618904054,1,False,25.93749999627471,1354.1047474853694,1381.5005692406558,0.03855421687300725
70742090,3,3,0,1374.9536104522683,2107.301868113293,2,False,51.1805439745076,1354.1047474853694,2114.430812295992,0.0586160241183498
70742150,2,2,0,2107.865748810219,2110.6532108515826,1,False,25.24304397823289,2088.2363794292323,2114.430812295992,0.07922974747913139
70742156,2,2,0,1370.720292570152,1371.6925129189851,1,False,25.93749999627471,1354.1047474853694,1381.5005692406558,0.0771084337460145
70744011,1,1,0,2090.9629010564145,2090.9629010564145,1,False,25.24304397823289,2088.2363794292323,2114.430812295992,0.039614873739565695
70744127,4,4,0,1357.4159767933654,2107.5185137968347,2,False,51.1805439745076,1354.1047474853694,2114.430812295992,0.0781546988244664
70744161,1,1,0,2095.749077192881,2095.749077192881,1,False,25.24304397823289,2088.2363794292323,2114.430812295992,0.039614873739565695
70744184,1,1,0,2110.2518252069112,2110.2518252069112,1,False,25.24304397823289,2088.2363794292323,2114.430812295992,0.039614873739565695
70744199,4,2,2,1356.543747998048,1370.974457286061,1,False,25.93749999627471,1354.1047474853694,1381.5005692406558,0.154216867492029
70744201,2,1,1,1371.061958176667,1371.0841803658711,1,False,25.93749999627471,1354.1047474853694,1381.5005692406558,0.0771084337460145
70744244,1,1,0,2106.332433877975,2106.332433877975,1,False,25.24304397823289,2088.2363794292323,2114.430812295992,0.039614873739565695
70744245,1,1,0,2106.3324336092883,2106.3324336092883,1,False,25.24304397823289,2088.2363794292323,2114.430812295992,0.039614873739565695
70744265,2,1,1,1370.4980681244183,1370.507790343721,1,False,25.93749999627471,1354.1047474853694,1381.5005692406558,0.0771084337460145
70744273,12,10,2,1357.3743165818237,2108.206021030479,2,False,51.1805439745076,1354.1047474853694,2114.430812295992,0.2344640964733992
70762916,1,1,0,2093.4045805743467,2093.4045805743467,1,False,25.24304397823289,2088.2363794292323,2114.430812295992,0.039614873739565695
70762958,1,1,0,2095.354609985732,2095.354609985732,1,False,25.24304397823289,2088.2363794292323,2114.430812295992,0.039614873739565695
70763040,1,1,0,2106.533805248868,2106.533805248868,1,False,25.24304397823289,2088.2363794292323,2114.430812295992,0.039614873739565695
70763118,2,2,0,2103.017170540819,2107.722694914736,1,False,25.24304397823289,2088.2363794292323,2114.430812295992,0.07922974747913139
70763119,2,1,0,2103.017170464916,2107.7226948453526,1,False,25.24304397823289,2088.2363794292323,2114.430812295992,0.07922974747913139
70763143,2,2,0,2095.2976799308453,2104.0060505638994,1,False,25.24304397823289,2088.2363794292323,2114.430812295992,0.07922974747913139
70763144,1,1,0,2094.0726706848754,2094.0726706848754,1,False,25.24304397823289,2088.2363794292323,2114.430812295992,0.039614873739565695
70763181,1,1,0,2111.1740241420343,2111.1740241420343,1,False,25.24304397823289,2088.2363794292323,2114.430812295992,0.039614873739565695
70763182,1,1,0,2111.1740240652,2111.1740240652,1,False,25.24304397823289,2088.2363794292323,2114.430812295992,0.039614873739565695
70775324,1,1,0,2107.6643359335385,2107.6643359335385,1,False,25.24304397823289,2088.2363794292323,2114.430812295992,0.039614873739565695
70785639,1,1,0,2108.176805432271,2108.176805432271,1,False,25.24304397823289,2088.2363794292323,2114.430812295992,0.039614873739565695
70785748,1,1,0,2092.2920758181167,2092.2920758181167,1,False,25.24304397823289,2088.2363794292323,2114.430812295992,0.039614873739565695
70785786,1,1,0,2106.479639508742,2106.479639508742,1,False,25.24304397823289,2088.2363794292323,2114.430812295992,0.039614873739565695
70785920,1,1,0,1365.5396710293187,1365.5396710293187,1,False,25.93749999627471,1354.1047474853694,1381.5005692406558,0.03855421687300725
70787967,1,1,0,2111.347622518432,2111.347622518432,1,False,25.24304397823289,2088.2363794292323,2114.430812295992,0.039614873739565695
70788010,1,1,0,1380.5382606918536,1380.5382606918536,1,False,25.93749999627471,1354.1047474853694,1381.5005692406558,0.03855421687300725
70788050,6,5,1,2093.614309891177,2110.6004280709376,1,False,25.24304397823289,2088.2363794292323,2114.430812295992,0.23768924243739414
70788212,1,1,0,2089.026713532428,2089.026713532428,1,False,25.24304397823289,2088.2363794292323,2114.430812295992,0.039614873739565695
70797852,1,1,0,2093.329573231451,2093.329573231451,1,False,25.24304397823289,2088.2363794292323,2114.430812295992,0.039614873739565695
71304330,5,5,0,1544.8722647814986,3009.884191658178,2,False,49.12729167425982,1543.2296664975584,3014.152629461605,0.10177642262782712
72178247,7,7,0,1574.4734692086536,3066.7160250134903,2,False,51.516180552541755,1569.4379882598296,3068.029921127949,0.13587963868673542
72445399,19,19,0,1576.333185115114,3062.6813481411964,2,False,51.516180552541755,1569.4379882598296,3068.029921127949,0.36881616214971047
72499619,12,12,0,1574.4694925619788,3065.8911947410443,3,False,75.66200231062203,1569.4379882598296,3068.029921127949,0.15860008502993775
72499657,2,2,0,1581.1182395186852,3046.609341283965,2,False,51.516180552541755,1569.4379882598296,3068.029921127949,0.03882275391049584
72858760,25,23,2,1579.0514473237365,3066.449496319571,3,False,75.66200231062203,1569.4379882598296,3068.029921127949,0.3304168438123703
73303344,22,20,2,1576.680587174927,3064.4898633626026,3,False,75.66200231062203,1569.4379882598296,3068.029921127949,0.2907668225548859
73308879,4,4,0,1588.983477040851,1609.538941560679,2,False,51.22914351336658,1569.4379882598296,1623.875465106219,0.07808055582573482
73650567,7,7,0,1573.0569077899593,2317.369419057794,2,False,49.37497685011476,1569.4379882598296,2332.576553073246,0.14177221836983464
73956616,3,3,0,2484.971320297794,2541.3129535279127,2,False,47.62497685709968,2474.166761370376,2550.625059989281,0.06299215659467089
74073928,7,7,0,2488.453590361224,2550.184052791472,3,False,70.38886574842036,2474.166761370376,2550.625059989281,0.099447546505707
74075325,1,0,0,2498.193387880632,2498.193387880632,1,False,23.66665509203449,2474.166761370376,2498.888972017914,0.042253541791656524
74279530,5,5,0,2260.4193008149505,2298.812212306692,2,False,47.43053241446569,2254.9863100117072,2305.9862868711352,0.1054173281528475
74279548,1,1,0,2286.461024977472,2286.461024977472,1,False,24.145821761339448,2280.902965109796,2305.9862868711352,0.041415032790523124
74716767,4,4,0,1537.712785488263,2289.8027062614256,3,False,68.3541319547212,1517.354678065516,2305.9862868711352,0.05851877400256739
74729837,2,2,0,2479.46235310894,2547.9728671823277,2,False,47.62497685709968,2474.166761370376,2550.625059989281,0.041994771063113924
74890216,1,1,0,3011.559356957173,3011.559356957173,1,False,25.08563657850027,2988.435048438143,3014.152629461605,0.03986344922404932
74972034,6,6,0,2989.524376111374,3031.252103998939,2,False,50.98840278340549,2988.435048438143,3040.8979882597923,0.11767381742643523
75314605,2,2,0,2995.7687962376963,2998.6521649289434,1,False,25.08563657850027,2988.435048438143,3014.152629461605,0.07972689844809865
75399254,2,2,0,3000.340012601036,3008.8789283394945,1,False,25.08563657850027,2988.435048438143,3014.152629461605,0.07972689844809865
75639216,2,2,0,2995.9967666223174,3026.143942558984,2,False,50.98840278340549,2988.435048438143,3040.8979882597923,0.03922460580881175
75639493,1,1,0,3019.0329177068184,3019.0329177068184,1,False,25.90276620490522,3014.3632776099257,3040.8979882597923,0.038605915371719236
75827390,3,3,0,2998.3149342210318,3010.8163779344645,1,False,25.08563657850027,2988.435048438143,3014.152629461605,0.11959034767214798
76050403,6,6,0,1603.589879395351,3087.467225443918,2,False,53.219884248916514,1596.7713100183755,3096.58777991822,0.1127398167936104
76079120,2,2,0,3023.217670551622,3023.5801652934165,1,False,25.90276620490522,3014.3632776099257,3040.8979882597923,0.07721183074343847
76295024,5,4,1,2497.7888804128797,2549.286723442882,2,False,47.62497685709968,2474.166761370376,2550.625059989281,0.1049869276577848
76397021,11,11,0,1617.912322614376,3092.7643965308644,2,False,53.219884248916514,1596.7713100183755,3096.58777991822,0.20668966412161907
76576430,5,5,0,2996.0635862019667,3024.6330079344534,2,False,50.98840278340549,2988.435048438143,3040.8979882597923,0.09806151452202937
76636271,6,6,0,2475.2297003539147,2550.226996872317,3,False,70.38886574842036,2474.166761370376,2550.625059989281,0.08524075414774886
76652075,12,10,2,1621.9067667829172,3089.6463960041947,3,False,78.94903933629439,1596.7713100183755,3096.58777991822,0.15199678299927544
76745867,3,3,0,2994.725733219295,3036.974254282932,2,False,50.98840278340549,2988.435048438143,3040.8979882597923,0.05883690871321762
76906770,4,4,0,2992.8618530474805,3021.76618032482,2,False,50.98840278340549,2988.435048438143,3040.8979882597923,0.0784492116176235
77111651,3,2,0,1401.752248075231,1405.7577712363504,1,False,27.16665509203449,1381.7089025736786,1409.3755576661788,0.11042949490236019
77339881,44,43,1,1411.6732254248277,2199.7480848442533,4,False,96.0207870574668,1410.917224333156,2200.2293886975385,0.45823411105416945
77452603,2,2,0,2890.0977768052944,2893.460285240717,1,False,27.092581023927778,2882.323983593378,2910.048509061802,0.07382094744807181
77517045,1,1,0,3010.948249791806,3010.948249791806,1,False,25.08563657850027,2988.435048438143,3014.152629461605,0.03986344922404932
77835048,12,11,1,1439.790464102969,1462.9002798549377,1,False,24.91665509948507,1437.97971276287,1464.2713678628206,0.4816055747485943
77842052,2,2,0,1461.2102071132306,2197.511223736909,2,False,49.91664353245869,1437.97971276287,2200.2293886975385,0.0400667965324929
77849188,6,6,0,2995.255273827317,3037.777264658953,2,False,50.98840278340549,2988.435048438143,3040.8979882597923,0.11767381742643523
77951245,2,2,0,1442.2891822410927,1455.449025903533,1,False,24.91665509948507,1437.97971276287,1464.2713678628206,0.08026759579143239
77954300,27,27,0,1447.7113900293082,2198.144399762557,3,False,70.60413196543254,1437.97971276287,2200.2293886975385,0.3824138793069374
77959225,3,3,0,1460.4559971228748,2191.051517817014,3,False,70.60413196543254,1437.97971276287,2200.2293886975385,0.04249043103410415
77959676,28,28,0,1438.439189193046,2199.326538143322,3,False,70.60413196543254,1437.97971276287,2200.2293886975385,0.39657735631830543
77996314,1,1,0,1475.791783741609,1475.791783741609,1,False,20.68748843297385,1468.2713678642176,1490.0421896306798,0.048338395607564276
78009666,2,2,0,2992.8927228305274,2996.302505710272,1,False,25.08563657850027,2988.435048438143,3014.152629461605,0.07972689844809865
78109730,39,37,2,1438.630488373139,2198.503968368129,3,False,70.60413196543254,1437.97971276287,2200.2293886975385,0.552375603443354
78112243,5,4,1,2177.9166848089176,2196.1112130004826,1,False,24.999988432973623,2174.222455819603,2200.2293886975385,0.20000009253625384
78287341,4,4,0,2990.769105519781,3038.3384014829644,2,False,50.98840278340549,2988.435048438143,3040.8979882597923,0.0784492116176235
78346654,2,2,0,3005.2484302796406,3038.107837763097,2,False,50.98840278340549,2988.435048438143,3040.8979882597923,0.03922460580881175
78774802,5,4,1,2993.199661896695,3038.9717300592465,2,False,50.98840278340549,2988.435048438143,3040.8979882597923,0.09806151452202937
78778919,3,3,0,3006.1026575703872,3019.09709951318,2,False,50.98840278340549,2988.435048438143,3040.8979882597923,0.05883690871321762
79358659,21,19,2,1628.855228331181,2386.8062582358725,2,False,53.79164350312226,1624.958798439242,2389.715407225769,0.39039521071300015
80453023,6,6,0,1354.8634403961444,1374.726033696492,1,False,25.93749999627471,1354.1047474853694,1381.5005692406558,0.2313253012380435
81314580,6,6,0,2282.4751563010004,3051.7668286722,3,False,74.57866897992699,2280.902965109796,3068.029921127949,0.08045195874459643
81314581,6,6,0,2305.586669285914,3051.7668288847744,3,False,74.57866897992699,2280.902965109796,3068.029921127949,0.08045195874459643
81829004,6,6,0,2886.4767476647976,2930.6615237481897,2,False,52.88423612387851,2882.323983593378,2936.6873863846995,0.11345535909690213
82171017,2,2,0,2931.150408166028,2935.448892067135,1,False,25.79165509995073,2910.259157210123,2936.6873863846995,0.07754446127049135
83576016,1,1,0,2367.2188805695537,2367.2188805695537,1,False,26.937488418072462,2361.770974363666,2389.715407225769,0.03712298579882066
83757147,4,4,0,2345.298141277292,2353.5910583027844,1,False,25.729155087377876,2333.854319276754,2360.5487521416508,0.15546565701111215
83969142,1,1,0,2884.662231689506,2884.662231689506,1,False,27.092581023927778,2882.323983593378,2910.048509061802,0.03691047372403591
84331094,5,5,0,2474.496120650392,2519.160208775428,2,False,46.430543983355165,2474.166761370376,2524.4375715572387,0.10768773249334414
84331196,3,3,0,2464.0312720336265,2506.254047246458,3,False,70.97219907166391,2447.687606282532,2524.4375715572387,0.04227007249656674
84331297,6,6,0,2466.385660323804,2520.897761447344,3,False,70.97219907166391,2447.687606282532,2524.4375715572387,0.08454014499313348
84331366,7,7,0,2448.781166824135,2523.082543356508,3,False,70.97219907166391,2447.687606282532,2524.4375715572387,0.09863016915865572
84331442,3,3,0,2455.148463736165,2519.6379926941963,2,False,47.30554397962942,2447.687606282532,2524.4375715572387,0.06341751405061216
84331463,5,5,0,2450.656352376897,2515.5669941526385,3,False,70.97219907166391,2447.687606282532,2524.4375715572387,0.07045012082761123
84331621,2,2,0,2497.7965569914168,2505.540100176903,2,False,46.430543983355165,2474.166761370376,2524.4375715572387,0.04307509299733765
84331755,7,7,0,2450.7452417528257,2516.755926307238,3,False,70.97219907166391,2447.687606282532,2524.4375715572387,0.09863016915865572
84332051,2,2,0,2483.0273696148497,2521.357472504768,2,False,46.430543983355165,2474.166761370376,2524.4375715572387,0.04307509299733765
84332064,6,6,0,2449.7187349886813,2494.5268743848164,2,False,48.20831018034323,2447.687606282532,2498.888972017914,0.12445986962734236
84332363,1,1,0,2501.899572711546,2501.899572711546,1,False,22.763888891320676,2500.1875831289217,2524.4375715572387,0.04392922513258602
84336253,5,4,1,2450.410461211112,2493.1156578467617,2,False,48.20831018034323,2447.687606282532,2498.888972017914,0.1037165580227853
84336401,4,4,0,2482.423151250812,2513.819671200072,2,False,46.430543983355165,2474.166761370376,2524.4375715572387,0.0861501859946753
84336600,2,2,0,2452.7634827141933,2513.9696858413845,2,False,47.30554397962942,2447.687606282532,2524.4375715572387,0.0422783427004081
84336649,1,1,0,2513.544666036524,2513.544666036524,1,False,22.763888891320676,2500.1875831289217,2524.4375715572387,0.04392922513258602
84336651,1,1,0,2494.6685615179194,2494.6685615179194,1,False,23.66665509203449,2474.166761370376,2498.888972017914,0.042253541791656524
84336819,6,6,0,2452.819054533888,2519.228249875726,3,False,70.97219907166391,2447.687606282532,2524.4375715572387,0.08454014499313348
84336821,7,7,0,2452.8190543811656,2519.4796477421,3,False,70.97219907166391,2447.687606282532,2524.4375715572387,0.09863016915865572
84336854,1,1,0,2509.412533730901,2509.412533730901,1,False,22.763888891320676,2500.1875831289217,2524.4375715572387,0.04392922513258602
84336870,10,9,0,2451.0744494339,2506.563775510045,3,False,70.97219907166391,2447.687606282532,2524.4375715572387,0.14090024165522247
84336941,4,4,0,2448.5922553710866,2522.485304698949,3,False,70.97219907166391,2447.687606282532,2524.4375715572387,0.056360096662088986
84337145,1,1,0,2477.7088983058197,2477.7088983058197,1,False,23.66665509203449,2474.166761370376,2498.888972017914,0.042253541791656524
85590904,6,6,0,2887.8670132546977,2907.626803495576,1,False,27.092581023927778,2882.323983593378,2910.048509061802,0.22146284234421543
86912433,3,3,0,1822.269740939309,2916.1539409729407,2,False,49.854143533390015,1816.0837173955515,2936.6873863846995,0.060175539832325826
90505658,2,1,0,1685.4717071172618,1702.3590352521774,1,False,25.854155085049342,1683.3546086065471,1710.187930358108,0.07735700483813289
90571283,1,1,0,2465.7122191747844,2465.7122191747844,1,False,24.541655088308744,2447.687606282532,2473.159816926345,0.040747048086271255
90645203,1,1,0,2885.148827562083,2885.148827562083,1,False,27.092581023927778,2882.323983593378,2910.048509061802,0.03691047372403591
90694662,3,3,0,2882.725102091562,2904.9449692396247,1,False,27.092581023927778,2882.323983593378,2910.048509061802,0.11073142117210771
92002749,5,5,0,3018.251263494929,3066.119477602476,2,False,52.189791665412486,3014.3632776099257,3068.029921127949,0.09580417626601925
92841571,4,4,0,1565.1271882727544,3012.0197746335257,4,False,98.07171297958007,1543.2296664975584,3014.152629461605,0.040786480407789524
92845906,47,45,2,1439.8522948197735,2196.000977551501,3,False,70.60413196543254,1437.97971276287,2200.2293886975385,0.6656834195342984
93125144,25,25,0,1470.3498816388565,2225.954613405081,3,False,69.95829863334097,1468.2713678642176,2227.5696549103595,0.35735574604276343
93126844,38,36,2,1469.0234873023596,2224.79354793448,3,False,69.95829863334097,1468.2713678642176,2227.5696549103595,0.5431807339850004
93242288,15,14,1,1472.623190374048,2226.019663449521,3,False,69.95829863334097,1468.2713678642176,2227.5696549103595,0.21441344762565806
93280091,1,1,0,1483.9133514295686,1483.9133514295686,1,False,20.68748843297385,1468.2713678642176,1490.0421896306798,0.048338395607564276
93327607,2,2,0,2207.116288870161,2212.752313740695,1,False,24.2708217673935,2201.729388698004,2227.5696549103595,0.08240347274466367
93443364,2,2,0,1474.1037974611747,2176.0517289433637,2,False,45.687476865947474,1468.2713678642176,2200.2293886975385,0.04377567196079222
93456758,2,2,0,1635.4623601532462,1644.110833302332,1,False,26.854155085049797,1624.958798439242,1652.875453523826,0.0744763703667384
93779101,1,1,0,1630.2845404308327,1630.2845404308327,1,False,26.854155085049797,1624.958798439242,1652.875453523826,0.0372381851833692
93985722,15,13,2,1629.2498950273248,3092.1576398275515,2,False,54.07405091263422,1624.958798439242,3096.58777991822,0.27739737909103646
94178492,7,7,0,1577.9954512953543,3066.20303426434,2,False,51.516180552541755,1569.4379882598296,3068.029921127949,0.13587963868673542
94338761,1,1,0,2488.940152934646,2488.940152934646,1,False,23.66665509203449,2474.166761370376,2498.888972017914,0.042253541791656524
94491270,1,1,0,1645.363575481153,1645.363575481153,1,False,26.854155085049797,1624.958798439242,1652.875453523826,0.0372381851833692
94608039,1,1,0,2482.7951603635856,2482.7951603635856,1,False,23.66665509203449,2474.166761370376,2498.888972017914,0.042253541791656524
94834179,1,1,0,1629.872140750901,1629.872140750901,1,False,26.854155085049797,1624.958798439242,1652.875453523826,0.0372381851833692
94972416,13,11,2,2363.4079560238,2387.84938485512,1,False,26.937488418072462,2361.770974363666,2389.715407225769,0.4825988153846686
95282711,5,5,0,1629.0554835412545,1649.267765194429,1,False,26.854155085049797,1624.958798439242,1652.875453523826,0.186190925916846
95328477,30,29,1,1469.1222704495665,2224.3939491137817,2,False,44.95831020036735,1468.2713678642176,2227.5696549103595,0.6672848660525251
95570747,2,2,0,2921.451817605516,2928.4780407803823,1,False,25.79165509995073,2910.259157210123,2936.6873863846995,0.07754446127049135
96246348,1,1,0,2219.438753603951,2219.438753603951,1,False,24.2708217673935,2201.729388698004,2227.5696549103595,0.041201736372331835
96581445,1,1,0,2965.344049852345,2965.344049852345,1,False,24.7985995439808,2962.7938563008797,2988.2244002898224,0.040324857789911905
96652559,3,2,0,2968.582746252865,2987.1434977790173,1,False,24.7985995439808,2962.7938563008797,2988.2244002898224,0.12097457336973572
96740970,2,2,0,2205.874631227425,2244.4274790314685,2,False,48.49997686781035,2201.729388698004,2254.062698900234,0.04123713307020996
96742895,3,3,0,2974.682648480431,2985.899092411612,1,False,24.7985995439808,2962.7938563008797,2988.2244002898224,0.12097457336973572
96743408,2,2,0,2978.1687353697225,2979.152052196427,1,False,24.7985995439808,2962.7938563008797,2988.2244002898224,0.08064971557982381
96744970,1,1,0,2986.1630807409333,2986.1630807409333,1,False,24.7985995439808,2962.7938563008797,2988.2244002898224,0.040324857789911905
96859149,1,1,0,2966.6050506772867,2966.6050506772867,1,False,24.7985995439808,2962.7938563008797,2988.2244002898224,0.040324857789911905
97290592,1,1,0,2509.153545499966,2509.153545499966,1,False,22.763888891320676,2500.1875831289217,2524.4375715572387,0.04392922513258602
98305034,8,7,0,1633.1041241686214,3087.9659994232347,2,False,54.07405091263422,1624.958798439242,3096.58777991822,0.14794526884855277
98900472,7,6,0,1634.4109282233735,3081.683965111583,2,False,54.07405091263422,1624.958798439242,3096.58777991822,0.12945211024248368
99210610,5,5,0,1645.7426182752574,2356.606468722023,2,False,52.58331017242767,1624.958798439242,2360.5487521416508,0.09508720511516552
99324893,5,4,1,1632.3553437191615,3085.136707826403,2,False,54.07405091263422,1624.958798439242,3096.58777991822,0.09246579303034548
100100909,9,9,0,1358.2060497789878,2125.58505697455,4,False,104.6180208260198,1354.1047474853694,2143.222467388492,0.08602724395797008
100481123,30,27,2,1438.6875009752105,2223.727576400915,4,False,94.87495373282604,1437.97971276287,2227.5696549103595,0.31620568779914165
100510452,45,40,4,1444.5040993081525,2227.092518732361,4,False,94.87495373282604,1437.97971276287,2227.5696549103595,0.47430853169871245
100608178,40,39,0,1438.4539978565726,2220.4858792701893,4,False,94.87495373282604,1437.97971276287,2227.5696549103595,0.4216075837321889
101100599,28,28,0,1398.889944228696,2168.648002775169,4,False,99.54162037652031,1381.7089025736786,2169.944678040687,0.28128937316962327
101134075,1,1,0,2893.2879282645563,2893.2879282645563,1,False,27.092581023927778,2882.323983593378,2910.048509061802,0.03691047372403591
102974776,2,2,0,3031.634810661082,3033.462578311792,1,False,25.90276620490522,3014.3632776099257,3040.8979882597923,0.07721183074343847
103107644,9,9,0,1546.7368400643684,1567.3314616501573,1,False,24.041655095759552,1543.2296664975584,1568.458821593318,0.3743502668244922
103246633,1,1,0,3040.283449579917,3040.283449579917,1,False,25.90276620490522,3014.3632776099257,3040.8979882597923,0.038605915371719236
103565448,83,80,3,1816.924005574426,2935.9401898823608,6,True,133.48604165762663,1816.0837173955515,2936.6873863846995,0.6217878586353142
103617858,6,5,0,1686.4016534033915,1708.4878539539702,1,False,25.854155085049342,1683.3546086065471,1710.187930358108,0.23207101451439865
104029867,1,1,0,2887.0774670575584,2887.0774670575584,1,False,27.092581023927778,2882.323983593378,2910.048509061802,0.03691047372403591
104195810,1,1,0,2921.777707256653,2921.777707256653,1,False,25.79165509995073,2910.259157210123,2936.6873863846995,0.03877223063524567
105710145,13,13,0,1554.488470934845,3038.0766609150824,3,False,74.09024306200422,1543.2296664975584,3040.8979882597923,0.17546169998552488
112176566,10,9,1,1606.396890871302,3056.9976287053228,3,False,78.01616896921723,1596.7713100183755,3068.029921127949,0.12817855749807056
113603123,11,11,0,2855.828118950006,2881.4941420375494,1,False,25.004618057050266,2853.349458129145,2882.1133354450576,0.4399187372069639
113918237,1,1,0,2454.1584502523297,2454.1584502523297,1,False,24.541655088308744,2447.687606282532,2473.159816926345,0.040747048086271255
113922031,2,2,0,2453.2069976161542,2462.9940423012763,1,False,24.541655088308744,2447.687606282532,2473.159816926345,0.08149409617254251
113922821,4,4,0,2503.081840684316,2516.3393950341438,1,False,22.763888891320676,2500.1875831289217,2524.4375715572387,0.17571690053034408
113955012,10,10,0,2450.6331196334354,2514.364335557961,3,False,70.97219907166391,2447.687606282532,2524.4375715572387,0.14090024165522247
113955775,4,4,0,2449.035688878939,2513.4795470505524,3,False,70.97219907166391,2447.687606282532,2524.4375715572387,0.056360096662088986
113955896,1,1,0,2509.6321584496973,2509.6321584496973,1,False,22.763888891320676,2500.1875831289217,2524.4375715572387,0.04392922513258602
113978010,4,4,0,2450.2872366336555,2522.397919955164,3,False,70.97219907166391,2447.687606282532,2524.4375715572387,0.056360096662088986
113980856,2,2,0,2451.310939146997,2514.0351445077104,2,False,47.30554397962942,2447.687606282532,2524.4375715572387,0.0422783427004081
113981932,3,3,0,2453.1193748816827,2522.0242658964357,2,False,47.30554397962942,2447.687606282532,2524.4375715572387,0.06341751405061216
113981961,1,1,0,2449.632921797633,2449.632921797633,1,False,24.541655088308744,2447.687606282532,2473.159816926345,0.040747048086271255
113981991,1,1,0,2467.463794025415,2467.463794025415,1,False,24.541655088308744,2447.687606282532,2473.159816926345,0.040747048086271255
113982102,6,6,0,2449.3495753663333,2516.760221752093,2,False,47.30554397962942,2447.687606282532,2524.4375715572387,0.12683502810122432
113982283,1,1,0,2501.791456135897,2501.791456135897,1,False,22.763888891320676,2500.1875831289217,2524.4375715572387,0.04392922513258602
113982669,3,3,0,2514.3212528751983,2516.964412409958,1,False,22.763888891320676,2500.1875831289217,2524.4375715572387,0.13178767539775807
114028702,3,3,0,2452.5721402072645,2480.744155681359,2,False,48.20831018034323,2447.687606282532,2498.888972017914,0.06222993481367118
114029273,1,1,0,2519.632539525105,2519.632539525105,1,False,22.763888891320676,2500.1875831289217,2524.4375715572387,0.04392922513258602
114029316,1,1,0,2477.8230467501758,2477.8230467501758,1,False,23.66665509203449,2474.166761370376,2498.888972017914,0.042253541791656524
114029325,1,1,0,2448.582823658469,2448.582823658469,1,False,24.541655088308744,2447.687606282532,2473.159816926345,0.040747048086271255
114029415,5,4,1,2452.6707171786907,2510.611341994208,2,False,47.30554397962942,2447.687606282532,2524.4375715572387,0.10569585675102026
114029855,1,1,0,2465.6511090375693,2465.6511090375693,1,False,24.541655088308744,2447.687606282532,2473.159816926345,0.040747048086271255
114029882,3,3,0,2496.0008029721384,2521.540919902968,2,False,46.430543983355165,2474.166761370376,2524.4375715572387,0.06461263949600649
114030043,5,5,0,2452.301230331101,2501.1413985329023,3,False,70.97219907166391,2447.687606282532,2524.4375715572387,0.07045012082761123
114030226,1,1,0,2515.428225290506,2515.428225290506,1,False,22.763888891320676,2500.1875831289217,2524.4375715572387,0.04392922513258602
114030453,4,4,0,2465.251099786937,2520.8298016584918,3,False,70.97219907166391,2447.687606282532,2524.4375715572387,0.056360096662088986
114059158,4,4,0,2448.1133605946584,2521.970121911794,2,False,47.30554397962942,2447.687606282532,2524.4375715572387,0.0845566854008162
114059619,2,2,0,2479.9371159250504,2515.787966730767,2,False,46.430543983355165,2474.166761370376,2524.4375715572387,0.04307509299733765
114059821,1,1,0,2515.8199054744728,2515.8199054744728,1,False,22.763888891320676,2500.1875831289217,2524.4375715572387,0.04392922513258602
114059861,1,1,0,2517.2046797189805,2517.2046797189805,1,False,22.763888891320676,2500.1875831289217,2524.4375715572387,0.04392922513258602
114060078,1,1,0,2469.944552973993,2469.944552973993,1,False,24.541655088308744,2447.687606282532,2473.159816926345,0.040747048086271255
114060141,1,1,0,2505.843050818536,2505.843050818536,1,False,22.763888891320676,2500.1875831289217,2524.4375715572387,0.04392922513258602
114060200,1,1,0,2482.052538424975,2482.052538424975,1,False,23.66665509203449,2474.166761370376,2498.888972017914,0.042253541791656524
114060387,2,2,0,2505.4652493608173,2508.702911118283,1,False,22.763888891320676,2500.1875831289217,2524.4375715572387,0.08785845026517204
114060454,1,1,0,2461.37984770628,2461.37984770628,1,False,24.541655088308744,2447.687606282532,2473.159816926345,0.040747048086271255
114060609,4,4,0,2454.75837510871,2514.1184230285653,3,False,70.97219907166391,2447.687606282532,2524.4375715572387,0.056360096662088986
114060720,6,6,0,2469.181968140873,2522.674274733125,3,False,70.97219907166391,2447.687606282532,2524.4375715572387,0.08454014499313348
114060999,2,2,0,2494.49236115016,2506.838934319454,2,False,46.430543983355165,2474.166761370376,2524.4375715572387,0.04307509299733765
114061043,2,2,0,2448.3647164526637,2463.1425351225366,1,False,24.541655088308744,2447.687606282532,2473.159816926345,0.08149409617254251
114061192,1,1,0,2479.9829346713523,2479.9829346713523,1,False,23.66665509203449,2474.166761370376,2498.888972017914,0.042253541791656524
114061203,2,2,0,2495.8244056073027,2518.4338879395345,2,False,46.430543983355165,2474.166761370376,2524.4375715572387,0.04307509299733765
114083477,1,1,0,2497.500917123188,2497.500917123188,1,False,23.66665509203449,2474.166761370376,2498.888972017914,0.042253541791656524
114084177,5,5,0,2467.737415504177,2523.0145719480097,3,False,70.97219907166391,2447.687606282532,2524.4375715572387,0.07045012082761123
114084192,3,3,0,2493.7853727498496,2519.2658551936397,2,False,46.430543983355165,2474.166761370376,2524.4375715572387,0.06461263949600649
114084199,2,2,0,2462.450804930316,2505.002734643096,2,False,47.30554397962942,2447.687606282532,2524.4375715572387,0.0422783427004081
114084277,4,4,0,2462.443847849896,2521.339525207589,3,False,70.97219907166391,2447.687606282532,2524.4375715572387,0.056360096662088986
114084456,6,6,0,2477.354913271025,2523.250680654201,2,False,46.430543983355165,2474.166761370376,2524.4375715572387,0.12922527899201297
114084814,1,1,0,2501.766413994797,2501.766413994797,1,False,22.763888891320676,2500.1875831289217,2524.4375715572387,0.04392922513258602
114084989,7,7,0,2448.2563414934234,2517.9685720862617,3,False,70.97219907166391,2447.687606282532,2524.4375715572387,0.09863016915865572
114085193,1,1,0,2492.7422152176428,2492.7422152176428,1,False,23.66665509203449,2474.166761370376,2498.888972017914,0.042253541791656524
114085225,3,3,0,2463.5147537324524,2513.533668282049,3,False,70.97219907166391,2447.687606282532,2524.4375715572387,0.04227007249656674
114085232,1,1,0,2508.426494724504,2508.426494724504,1,False,22.763888891320676,2500.1875831289217,2524.4375715572387,0.04392922513258602
114085299,3,3,0,2490.1086981280423,2510.591874230568,2,False,46.430543983355165,2474.166761370376,2524.4375715572387,0.06461263949600649
114085393,2,2,0,2490.5240073953278,2518.4574827071674,2,False,46.430543983355165,2474.166761370376,2524.4375715572387,0.04307509299733765
114085414,1,1,0,2469.834794609624,2469.834794609624,1,False,24.541655088308744,2447.687606282532,2473.159816926345,0.040747048086271255
114086003,2,2,0,2496.949475419068,2522.2562225614247,2,False,46.430543983355165,2474.166761370376,2524.4375715572387,0.04307509299733765
114086074,2,2,0,2475.646452412016,2517.442189774537,2,False,46.430543983355165,2474.166761370376,2524.4375715572387,0.04307509299733765
114165905,1,1,0,2524.0354339342257,2524.0354339342257,1,False,22.763888891320676,2500.1875831289217,2524.4375715572387,0.04392922513258602
114166622,1,1,0,2504.2248918624846,2504.2248918624846,1,False,22.763888891320676,2500.1875831289217,2524.4375715572387,0.04392922513258602
114166663,7,7,0,2463.085558413472,2524.1118083008546,3,False,70.97219907166391,2447.687606282532,2524.4375715572387,0.09863016915865572
114167104,5,4,1,2474.9352136205835,2520.0241877661147,2,False,46.430543983355165,2474.166761370376,2524.4375715572387,0.10768773249334414
114501073,4,4,0,2123.476916878936,2139.0834816612164,1,False,26.270821759477712,2115.882201184518,2143.222467388492,0.15226017810261006
115379421,10,10,0,2122.270087682914,2138.760171398242,1,False,26.270821759477712,2115.882201184518,2143.222467388492,0.38065044525652514
116615215,1,1,0,2904.172206222782,2904.172206222782,1,False,27.092581023927778,2882.323983593378,2910.048509061802,0.03691047372403591
116722982,3,2,0,2891.692837414494,2897.4581872334243,1,False,27.092581023927778,2882.323983593378,2910.048509061802,0.11073142117210771
116755714,1,1,0,2887.376139323492,2887.376139323492,1,False,27.092581023927778,2882.323983593378,2910.048509061802,0.03691047372403591
116989163,9,9,0,1793.0308842677011,2907.690217470728,2,False,50.15506945503898,1790.6670622974634,2910.048509061802,0.17944347595945334
117118743,1,1,0,2884.241238273574,2884.241238273574,1,False,27.092581023927778,2882.323983593378,2910.048509061802,0.03691047372403591
117261990,1,1,0,2897.0915935616526,2897.0915935616526,1,False,27.092581023927778,2882.323983593378,2910.048509061802,0.03691047372403591
117264320,6,6,0,2883.1412770278525,2906.240243155908,1,False,27.092581023927778,2882.323983593378,2910.048509061802,0.22146284234421543
117399547,1,1,0,2890.0595141133267,2890.0595141133267,1,False,27.092581023927778,2882.323983593378,2910.048509061802,0.03691047372403591
117400431,2,2,0,2887.831648398747,2895.4720744627957,1,False,27.092581023927778,2882.323983593378,2910.048509061802,0.07382094744807181
117615681,1,1,0,2902.2263061707213,2902.2263061707213,1,False,27.092581023927778,2882.323983593378,2910.048509061802,0.03691047372403591
117615682,3,3,0,2883.0092556229006,2907.2332586387424,1,False,27.092581023927778,2882.323983593378,2910.048509061802,0.11073142117210771
117619234,4,4,0,2883.931577350153,2906.583321514619,1,False,27.092581023927778,2882.323983593378,2910.048509061802,0.14764189489614363
117620446,3,3,0,2892.676212653208,2897.967954711381,1,False,27.092581023927778,2882.323983593378,2910.048509061802,0.11073142117210771
117621564,3,3,0,2904.5901985294554,2909.840179894837,1,False,27.092581023927778,2882.323983593378,2910.048509061802,0.11073142117210771
117664380,2,2,0,2888.6928397078477,2894.4651781600774,1,False,27.092581023927778,2882.323983593378,2910.048509061802,0.07382094744807181
117751168,2,2,0,2898.637408425977,2909.3263292843217,1,False,27.092581023927778,2882.323983593378,2910.048509061802,0.07382094744807181
117756340,2,2,0,1798.3321688776784,1803.6266947217264,1,False,23.062488431111206,1790.6670622974634,1815.0212173955515,0.08672091071065896
117802134,1,1,0,2902.8637230984355,2902.8637230984355,1,False,27.092581023927778,2882.323983593378,2910.048509061802,0.03691047372403591
117806121,1,1,0,2882.662023802404,2882.662023802404,1,False,27.092581023927778,2882.323983593378,2910.048509061802,0.03691047372403591
117808121,2,2,0,2889.928987572735,2898.6694102235524,1,False,27.092581023927778,2882.323983593378,2910.048509061802,0.07382094744807181
117811471,1,1,0,2909.742972748238,2909.742972748238,1,False,27.092581023927778,2882.323983593378,2910.048509061802,0.03691047372403591
117868990,2,2,0,2885.767590919781,2894.57891691632,1,False,27.092581023927778,2882.323983593378,2910.048509061802,0.07382094744807181
118520413,3,3,0,2490.659173547625,2514.340076330696,2,False,46.430543983355165,2474.166761370376,2524.4375715572387,0.06461263949600649
118521008,8,8,0,2474.977159610309,2514.426174735529,2,False,46.430543983355165,2474.166761370376,2524.4375715572387,0.1723003719893506
118521012,4,4,0,2478.1566356056783,2514.4261747648657,2,False,46.430543983355165,2474.166761370376,2524.4375715572387,0.0861501859946753
118679163,1,1,0,2494.3969076592675,2494.3969076592675,1,False,23.66665509203449,2474.166761370376,2498.888972017914,0.042253541791656524
118679322,1,1,0,2504.1282329969267,2504.1282329969267,1,False,22.763888891320676,2500.1875831289217,2524.4375715572387,0.04392922513258602
118679348,3,2,1,2491.024401603981,2500.704357867228,2,False,46.430543983355165,2474.166761370376,2524.4375715572387,0.06461263949600649
118679380,4,3,0,2476.3508405838165,2522.366845328242,2,False,46.430543983355165,2474.166761370376,2524.4375715572387,0.0861501859946753
119289797,17,15,2,1470.5077954151636,2243.9878116163086,4,False,91.95828706678071,1468.2713678642176,2254.062698900234,0.18486642740152923
119523711,1,1,0,2966.7431546483017,2966.7431546483017,1,False,24.7985995439808,2962.7938563008797,2988.2244002898224,0.040324857789911905
121007796,12,12,0,1412.1178779293214,2165.6788459156014,2,False,46.10414352500811,1410.917224333156,2169.944678040687,0.2602802933209437
121049033,8,8,0,1431.211298705433,2169.755363266061,2,False,46.10414352500811,1410.917224333156,2169.944678040687,0.1735201955472958
121102484,13,10,3,1603.984156634693,1623.585718122001,1,False,25.99998842133209,1596.7713100183755,1623.875465106219,0.5000002226667897
121196226,10,9,1,1603.7354959907154,3078.3350893102047,2,False,53.219884248916514,1596.7713100183755,3096.58777991822,0.18789969465601736
121407551,2,2,0,1601.6895502233654,3086.453097334807,2,False,53.219884248916514,1596.7713100183755,3096.58777991822,0.03757993893120347
121634766,2,2,0,1459.283351118487,2188.53441941591,2,False,49.91664353245869,1437.97971276287,2200.2293886975385,0.0400667965324929
121637793,16,15,1,1446.3319984096188,2197.6981215282244,2,False,49.91664353245869,1437.97971276287,2200.2293886975385,0.3205343722599432
121672600,2,2,0,1607.405065367327,1620.510743505184,1,False,25.99998842133209,1596.7713100183755,1623.875465106219,0.0769231111795061
121711329,1,1,0,2184.089960507087,2184.089960507087,1,False,24.999988432973623,2174.222455819603,2200.2293886975385,0.04000001850725077
121779961,2,2,0,1620.97599934898,3090.03645308674,2,False,53.219884248916514,1596.7713100183755,3096.58777991822,0.03757993893120347
122083452,2,2,0,1618.033050869638,3078.3366211291336,2,False,53.219884248916514,1596.7713100183755,3096.58777991822,0.03757993893120347
122189102,12,12,0,1526.1255025274402,3025.288967164533,4,False,96.38421297306218,1517.354678065516,3040.8979882597923,0.12450171692903489
122250596,10,8,2,1607.9981941721137,3093.9975953050225,2,False,53.219884248916514,1596.7713100183755,3096.58777991822,0.18789969465601736
122288890,7,7,0,2339.8741655907484,3086.636478402253,2,False,52.9490509149623,2333.854319276754,3096.58777991822,0.132202558479135
122397232,8,8,0,1609.181481649254,3086.4462641563664,2,False,53.219884248916514,1596.7713100183755,3096.58777991822,0.15031975572481387
122495856,7,7,0,2257.038790458393,2318.555559581768,3,False,71.57635417254596,2254.9863100117072,2332.576553073246,0.09779766070685032
123212059,5,5,0,2236.757693233259,2276.026786457172,2,False,47.51386575354309,2228.750210466329,2279.979353998322,0.10523243943010788
123642034,26,25,1,1494.5894241894505,3012.3247760174754,4,False,95.93976854160383,1491.625522964634,3014.152629461605,0.27100336383160256
125735913,2,2,0,2451.11619242716,2495.2019848761174,2,False,48.20831018034323,2447.687606282532,2498.888972017914,0.041486623209114115
125736254,3,3,0,2464.0216129615874,2515.5017408070858,2,False,47.30554397962942,2447.687606282532,2524.4375715572387,0.06341751405061216
125736380,1,1,0,2481.239821748858,2481.239821748858,1,False,23.66665509203449,2474.166761370376,2498.888972017914,0.042253541791656524
125736426,1,1,0,2449.738297351332,2449.738297351332,1,False,24.541655088308744,2447.687606282532,2473.159816926345,0.040747048086271255
125736623,2,2,0,2453.9956694831085,2462.1645065412567,1,False,24.541655088308744,2447.687606282532,2473.159816926345,0.08149409617254251
125736701,4,4,0,2478.2229224936364,2510.591809939508,2,False,46.430543983355165,2474.166761370376,2524.4375715572387,0.0861501859946753
125736833,1,1,0,2465.9732219270345,2465.9732219270345,1,False,24.541655088308744,2447.687606282532,2473.159816926345,0.040747048086271255
125736848,5,5,0,2467.9692395407515,2521.235304693534,3,False,70.97219907166391,2447.687606282532,2524.4375715572387,0.07045012082761123
125736974,3,3,0,2476.17275635678,2504.585959895765,2,False,46.430543983355165,2474.166761370376,2524.4375715572387,0.06461263949600649
125736987,8,8,0,2453.028931434894,2518.232432566629,3,False,70.97219907166391,2447.687606282532,2524.4375715572387,0.11272019332417797
125737018,2,2,0,2480.239778959796,2520.299171393767,2,False,46.430543983355165,2474.166761370376,2524.4375715572387,0.04307509299733765
125737030,1,1,0,2524.032605112814,2524.032605112814,1,False,22.763888891320676,2500.1875831289217,2524.4375715572387,0.04392922513258602
125737046,1,1,0,2504.9207024431958,2504.9207024431958,1,False,22.763888891320676,2500.1875831289217,2524.4375715572387,0.04392922513258602
125738769,6,6,0,2448.492297512355,2501.735724413509,3,False,70.97219907166391,2447.687606282532,2524.4375715572387,0.08454014499313348
125738848,2,2,0,2468.780359400505,2508.1069277475626,2,False,47.30554397962942,2447.687606282532,2524.4375715572387,0.0422783427004081
125738887,4,4,0,2449.5215724218374,2494.792224632658,2,False,48.20831018034323,2447.687606282532,2498.888972017914,0.08297324641822823
125739049,4,4,0,2452.478819146359,2506.192948210346,3,False,70.97219907166391,2447.687606282532,2524.4375715572387,0.056360096662088986
125754284,3,3,0,2463.835465054996,2515.443397137576,3,False,70.97219907166391,2447.687606282532,2524.4375715572387,0.04227007249656674
125754322,6,6,0,2490.464148063824,2516.7573428995674,2,False,46.430543983355165,2474.166761370376,2524.4375715572387,0.12922527899201297
125754428,2,2,0,2487.541699813385,2509.8806433734007,2,False,46.430543983355165,2474.166761370376,2524.4375715572387,0.04307509299733765
125754485,2,2,0,2490.562772429568,2497.6035403138385,1,False,23.66665509203449,2474.166761370376,2498.888972017914,0.08450708358331305
125754525,3,3,0,2449.136828444105,2484.030309869401,2,False,48.20831018034323,2447.687606282532,2498.888972017914,0.06222993481367118
125754563,7,6,1,2452.4427200758646,2493.4699373129333,2,False,48.20831018034323,2447.687606282532,2498.888972017914,0.1452031812318994
125754671,8,8,0,2454.39429832974,2518.482420881472,3,False,70.97219907166391,2447.687606282532,2524.4375715572387,0.11272019332417797
125754683,1,1,0,2504.4650910722503,2504.4650910722503,1,False,22.763888891320676,2500.1875831289217,2524.4375715572387,0.04392922513258602
125754697,4,4,0,2461.908912008492,2515.5753640972453,3,False,70.97219907166391,2447.687606282532,2524.4375715572387,0.056360096662088986
125754781,9,9,0,2448.22842021166,2515.050342211656,3,False,70.97219907166391,2447.687606282532,2524.4375715572387,0.12681021748970023
125754869,7,7,0,2451.5981981778764,2518.21852664811,3,False,70.97219907166391,2447.687606282532,2524.4375715572387,0.09863016915865572
125754895,4,4,0,2479.621637478518,2494.1769423056867,1,False,23.66665509203449,2474.166761370376,2498.888972017914,0.1690141671666261
125754921,2,2,0,2507.968067103132,2520.0685940705357,1,False,22.763888891320676,2500.1875831289217,2524.4375715572387,0.08785845026517204
125754923,2,2,0,2474.929558704441,2475.4268271081573,1,False,23.66665509203449,2474.166761370376,2498.888972017914,0.08450708358331305
125754942,2,2,0,2452.303833210007,2506.66661276147,2,False,47.30554397962942,2447.687606282532,2524.4375715572387,0.0422783427004081
125754985,1,1,0,2448.9118288534955,2448.9118288534955,1,False,24.541655088308744,2447.687606282532,2473.159816926345,0.040747048086271255
125755046,1,1,0,2464.37305359452,2464.37305359452,1,False,24.541655088308744,2447.687606282532,2473.159816926345,0.040747048086271255
125755093,6,6,0,2466.037097602224,2522.014490444567,3,False,70.97219907166391,2447.687606282532,2524.4375715572387,0.08454014499313348
125755094,3,3,0,2480.4050503915178,2514.84478897212,2,False,46.430543983355165,2474.166761370376,2524.4375715572387,0.06461263949600649
125755099,1,1,0,2461.5616694664877,2461.5616694664877,1,False,24.541655088308744,2447.687606282532,2473.159816926345,0.040747048086271255
125783029,1,1,0,2480.772889033841,2480.772889033841,1,False,23.66665509203449,2474.166761370376,2498.888972017914,0.042253541791656524
125843782,2,2,0,2516.620694637762,2519.373624679719,1,False,22.763888891320676,2500.1875831289217,2524.4375715572387,0.08785845026517204
125881335,5,4,0,2502.2406067527995,2519.3736546277933,1,False,22.763888891320676,2500.1875831289217,2524.4375715572387,0.21964612566293013
125914458,3,3,0,2495.866371461212,2497.622065284643,1,False,23.66665509203449,2474.166761370376,2498.888972017914,0.12676062537496957
125977598,3,3,0,2494.070366261695,2514.306589894246,2,False,46.430543983355165,2474.166761370376,2524.4375715572387,0.06461263949600649
126026661,1,1,0,2885.1254329167505,2885.1254329167505,1,False,27.092581023927778,2882.323983593378,2910.048509061802,0.03691047372403591
126027667,3,3,0,2882.664193793823,2908.742085838571,1,False,27.092581023927778,2882.323983593378,2910.048509061802,0.11073142117210771
127089264,31,30,0,1607.6505570884435,3093.612283897062,3,False,78.94903933629439,1596.7713100183755,3096.58777991822,0.3926583560814616
127249954,12,12,0,1604.9687081175282,3092.98741000192,3,False,78.94903933629439,1596.7713100183755,3096.58777991822,0.15199678299927544
127311608,17,16,1,1603.313216300526,3086.752889178584,3,False,78.94903933629439,1596.7713100183755,3096.58777991822,0.21532877591564023
129116176,50,49,0,1605.1796762395427,3089.5846887575167,3,False,78.94903933629439,1596.7713100183755,3096.58777991822,0.6333199291636477
129419398,1,1,0,3071.665247478504,3071.665247478504,1,False,27.219895827584423,3068.7336248317733,3096.58777991822,0.036737833470567804
130292176,1,1,0,2985.337479930577,2985.337479930577,1,False,24.7985995439808,2962.7938563008797,2988.2244002898224,0.040324857789911905
130293719,2,2,0,2964.966773294434,2987.0220758073647,1,False,24.7985995439808,2962.7938563008797,2988.2244002898224,0.08064971557982381
130297425,21,20,0,1471.0710513773963,2973.231745735716,6,False,136.9235417083837,1468.2713678642176,2988.2244002898224,0.15337026590157352
130332778,2,2,0,2970.450213471864,2978.6153958275518,1,False,24.7985995439808,2962.7938563008797,2988.2244002898224,0.08064971557982381
130513139,12,11,1,1484.8658770611996,2253.3307786443297,4,False,91.95828706678071,1468.2713678642176,2254.062698900234,0.13049394875402062
130515595,2,2,0,2968.5275554804,2984.1510595257478,1,False,24.7985995439808,2962.7938563008797,2988.2244002898224,0.08064971557982381
130575241,1,1,0,2967.156866022905,2967.156866022905,1,False,24.7985995439808,2962.7938563008797,2988.2244002898224,0.040324857789911905
130579414,3,3,0,2973.833372236914,2983.6166072042515,1,False,24.7985995439808,2962.7938563008797,2988.2244002898224,0.12097457336973572
130648886,1,1,0,2985.251369102241,2985.251369102241,1,False,24.7985995439808,2962.7938563008797,2988.2244002898224,0.040324857789911905
130797034,3,3,0,2251.827539295562,2266.8329130861816,2,False,47.51386575354309,2228.750210466329,2279.979353998322,0.06313946365806473
130797038,3,3,0,2230.1815878328657,2277.296567921765,2,False,47.51386575354309,2228.750210466329,2279.979353998322,0.06313946365806473
133010063,5,4,1,1630.0518250731927,1651.375069731141,1,False,26.854155085049797,1624.958798439242,1652.875453523826,0.186190925916846
134316394,1,1,0,2966.205721814454,2966.205721814454,1,False,24.7985995439808,2962.7938563008797,2988.2244002898224,0.040324857789911905
134361283,2,2,0,2968.416733236464,2972.158388079841,1,False,24.7985995439808,2962.7938563008797,2988.2244002898224,0.08064971557982381
134468359,2,2,0,2967.6818687375853,2985.9289953583207,1,False,24.7985995439808,2962.7938563008797,2988.2244002898224,0.08064971557982381
134540869,1,1,0,2979.905644185604,2979.905644185604,1,False,24.7985995439808,2962.7938563008797,2988.2244002898224,0.040324857789911905
134628183,4,4,0,2966.197316466743,2985.476390420415,1,False,24.7985995439808,2962.7938563008797,2988.2244002898224,0.16129943115964762
137759349,5,5,0,2410.100690618614,2791.072834185953,2,False,52.30553239118353,2390.652907225769,2796.1249442501,0.09559218253636943
137886595,3,3,0,2891.9880214871546,2901.4339208707734,1,False,27.092581023927778,2882.323983593378,2910.048509061802,0.11073142117210771
138799692,7,7,0,1438.8003490239068,2199.212614566746,2,False,49.91664353245869,1437.97971276287,2200.2293886975385,0.14023378786372515
140209922,25,24,1,1440.165014613167,2223.836866045573,4,False,94.87495373282604,1437.97971276287,2227.5696549103595,0.263504739832618
140891597,2,2,0,1494.4977209738931,2176.7658456804297,2,False,47.77081019897014,1491.625522964634,2200.2293886975385,0.04186657064575214
141287580,2,2,0,2145.046303082476,2155.4866327910927,1,False,24.020821762736887,2144.514134055469,2169.944678040687,0.08326109821532283
141423634,22,22,0,1345.0629924524178,3146.474866725587,14,False,352.745243044571,1325.3130924007855,3154.395615548361,0.062367956574315014
141961374,11,11,0,1619.0730345036588,2358.828305652317,2,False,51.72914350870997,1596.7713100183755,2360.5487521416508,0.21264608794746157
142015852,123,115,6,1413.65484228427,3149.24839494253,26,False,644.0135995559408,1410.917224333156,3154.395615548361,0.19098975562753762
142387735,2,2,0,1574.636757775282,2317.785074165244,2,False,49.37497685011476,1569.4379882598296,2332.576553073246,0.040506348105667035
142513032,7,7,0,1601.5671260762458,3084.269704129417,2,False,53.219884248916514,1596.7713100183755,3096.58777991822,0.13152978625921213
143141922,7,7,0,1474.6667218186312,2222.353746289105,3,False,69.95829863334097,1468.2713678642176,2227.5696549103595,0.10005960889197375
144071902,1,1,0,2261.651916811149,2261.651916811149,1,False,23.28471065312624,2254.9863100117072,2279.979353998322,0.04294663630985419
144126052,8,8,0,1439.3511315160913,2166.278624100932,2,False,48.937476862221956,1437.97971276287,2169.944678040687,0.16347389593711817
144126053,21,21,0,1413.7428499950786,2168.823037426063,3,False,71.02079862449318,1410.917224333156,2169.944678040687,0.29568802951699924
144162567,15,15,0,1413.002406201581,1457.8172960053248,2,False,46.999976861756295,1410.917224333156,1464.2713678628206,0.3191490932882872
144486791,1,1,0,2202.177342616606,2202.177342616606,1,False,24.2708217673935,2201.729388698004,2227.5696549103595,0.041201736372331835
145092212,7,6,1,1573.3932334198164,1594.472751687033,1,False,25.22915509203449,1569.4379882598296,1595.667143351864,0.2774567746904091
146307240,9,9,0,1438.4177004385992,2194.8063073800704,2,False,49.91664353245869,1437.97971276287,2200.2293886975385,0.18030058439621804
146420492,20,19,1,1438.2439795996595,2198.760358943612,2,False,49.91664353245869,1437.97971276287,2200.2293886975385,0.400667965324929
146522418,41,41,0,1438.566249019652,2199.30492643293,2,False,49.91664353245869,1437.97971276287,2200.2293886975385,0.8213693289161044
146536188,1,1,0,1443.4009237812145,1443.4009237812145,1,False,24.91665509948507,1437.97971276287,1464.2713678628206,0.040133797895716194
146559012,25,25,0,1439.1161016674223,2199.239508463955,2,False,49.91664353245869,1437.97971276287,2200.2293886975385,0.5008349566561612
147793409,1,1,0,2945.453151241542,2945.453151241542,1,False,20.006932877935924,2936.89803453302,2962.5832081525587,0.0499826738111778
147949155,1,1,0,2985.30956831018,2985.30956831018,1,False,24.7985995439808,2962.7938563008797,2988.2244002898224,0.040324857789911905
147973432,2,2,0,2965.291950042639,2977.383425247998,1,False,24.7985995439808,2962.7938563008797,2988.2244002898224,0.08064971557982381
148087359,4,4,0,1603.3591322902068,3088.829645926967,2,False,53.219884248916514,1596.7713100183755,3096.58777991822,0.07515987786240694
148128489,2,2,0,2970.0488516777973,2971.619660927044,1,False,24.7985995439808,2962.7938563008797,2988.2244002898224,0.08064971557982381
148158169,10,10,0,1606.2840851040455,2356.389576008745,2,False,51.72914350870997,1596.7713100183755,2360.5487521416508,0.19331462540678324
148158374,1,1,0,3088.758712551155,3088.758712551155,1,False,27.219895827584423,3068.7336248317733,3096.58777991822,0.036737833470567804
148184837,1,1,0,2980.243232236989,2980.243232236989,1,False,24.7985995439808,2962.7938563008797,2988.2244002898224,0.040324857789911905
148185952,1,1,0,2981.637551223844,2981.637551223844,1,False,24.7985995439808,2962.7938563008797,2988.2244002898224,0.040324857789911905
148230302,2,2,0,2973.9531974405136,2977.5545186579952,1,False,24.7985995439808,2962.7938563008797,2988.2244002898224,0.08064971557982381
148270291,10,10,0,1486.428683789767,2251.289213522286,3,False,67.68746529938721,1468.2713678642176,2254.062698900234,0.14773784120544595
148319776,5,5,0,2969.726723240856,2986.933334612743,1,False,24.7985995439808,2962.7938563008797,2988.2244002898224,0.20162428894955953
148342995,5,5,0,1499.9443841806356,2983.972514341494,2,False,47.569421309977315,1491.625522964634,2988.2244002898224,0.10510954016906002
148407643,2,2,0,2965.42411444411,2972.540697164161,1,False,24.7985995439808,2962.7938563008797,2988.2244002898224,0.08064971557982381
148772375,3,3,0,1605.6772836368236,2341.868788064345,2,False,51.72914350870997,1596.7713100183755,2360.5487521416508,0.057994387622034974
149021888,1,1,0,2096.1739296493697,2096.1739296493697,1,False,25.24304397823289,2088.2363794292323,2114.430812295992,0.039614873739565695
149351776,4,4,0,1442.554193748443,1608.0662348220678,3,False,73.68746528681368,1437.97971276287,1623.875465106219,0.05428331649664977
149365605,9,7,2,2336.375570441655,3094.353272054241,2,False,52.9490509149623,2333.854319276754,3096.58777991822,0.16997471804460215
149497993,2,2,0,2274.0939508599745,3099.5303889334746,2,False,51.41895832959517,2254.9863100117072,3126.4257197240368,0.038896159412254404
149640056,7,7,0,1633.3660806948503,3093.1085487325186,2,False,54.07405091263422,1624.958798439242,3096.58777991822,0.12945211024248368
149771158,4,4,0,1631.0912915814968,2343.453374308478,2,False,52.58331017242767,1624.958798439242,2360.5487521416508,0.07606976409213242
149856292,4,4,0,2449.488112000972,2491.880827679054,2,False,48.20831018034323,2447.687606282532,2498.888972017914,0.08297324641822823
149856569,1,1,0,2520.514384578826,2520.514384578826,1,False,22.763888891320676,2500.1875831289217,2524.4375715572387,0.04392922513258602
149856915,2,2,0,2466.5564095206373,2490.065388971149,2,False,48.20831018034323,2447.687606282532,2498.888972017914,0.041486623209114115
149907172,7,7,0,2449.300581479758,2518.058739116528,3,False,70.97219907166391,2447.687606282532,2524.4375715572387,0.09863016915865572
149907206,3,3,0,2468.006543899663,2522.422776940026,2,False,47.30554397962942,2447.687606282532,2524.4375715572387,0.06341751405061216
149907532,3,3,0,2453.6093220121206,2521.122730311363,2,False,47.30554397962942,2447.687606282532,2524.4375715572387,0.06341751405061216
149907667,6,6,0,2452.9856351987423,2507.912396117874,3,False,70.97219907166391,2447.687606282532,2524.4375715572387,0.08454014499313348
149907927,1,1,0,2513.727964006805,2513.727964006805,1,False,22.763888891320676,2500.1875831289217,2524.4375715572387,0.04392922513258602
149908035,2,2,0,2478.3935622993886,2492.0488480368303,1,False,23.66665509203449,2474.166761370376,2498.888972017914,0.08450708358331305
149921970,3,3,0,2477.872640887313,2513.783485441681,2,False,46.430543983355165,2474.166761370376,2524.4375715572387,0.06461263949600649
149922231,2,2,0,2488.2971337735617,2496.6741523965507,1,False,23.66665509203449,2474.166761370376,2498.888972017914,0.08450708358331305
149923419,2,2,0,2449.658929463341,2515.1155441975625,2,False,47.30554397962942,2447.687606282532,2524.4375715572387,0.0422783427004081
149923544,2,2,0,2492.390566594894,2503.6066039378675,2,False,46.430543983355165,2474.166761370376,2524.4375715572387,0.04307509299733765
149979913,2,2,0,2506.0900453612185,2520.082389933269,1,False,22.763888891320676,2500.1875831289217,2524.4375715572387,0.08785845026517204
149980751,6,5,1,2451.100699841904,2507.566532654604,3,False,70.97219907166391,2447.687606282532,2524.4375715572387,0.08454014499313348
150002984,32,32,0,2474.9937379613857,2523.793276245698,2,False,46.430543983355165,2474.166761370376,2524.4375715572387,0.6892014879574024
150002985,6,5,0,2484.290437226804,2518.1054955964837,2,False,46.430543983355165,2474.166761370376,2524.4375715572387,0.12922527899201297
150005829,2,2,0,2494.767740365267,2523.5696548237697,2,False,46.430543983355165,2474.166761370376,2524.4375715572387,0.04307509299733765
150058659,1,1,0,2479.90529713578,2479.90529713578,1,False,23.66665509203449,2474.166761370376,2498.888972017914,0.042253541791656524
150068381,78,78,0,1417.08186784158,3150.0780069980765,24,False,591.7728819674812,1410.917224333156,3154.395615548361,0.1318073240204444
150094956,1,1,0,2478.781546156915,2478.781546156915,1,False,23.66665509203449,2474.166761370376,2498.888972017914,0.042253541791656524
150095585,1,1,0,2478.3898563964717,2478.3898563964717,1,False,23.66665509203449,2474.166761370376,2498.888972017914,0.042253541791656524
150173438,3,2,1,2510.235522907116,2514.019098644116,1,False,22.763888891320676,2500.1875831289217,2524.4375715572387,0.13178767539775807
151584725,35,35,0,1439.822468077973,2226.000024312941,5,False,117.64577549882256,1437.97971276287,2227.5696549103595,0.2975032452427524
151628056,1,1,0,1446.9502652290316,1446.9502652290316,1,False,24.91665509948507,1437.97971276287,1464.2713678628206,0.040133797895716194
152370762,21,18,2,1438.3733382811647,2196.20877133516,3,False,73.93746529519558,1437.97971276287,2200.2293886975385,0.28402380195422483
152377452,3,3,0,1634.0994096650695,1645.7519624526042,1,False,26.854155085049797,1624.958798439242,1652.875453523826,0.1117145555501076
152560209,12,12,0,1386.98218161839,2198.899783348428,4,False,99.16662038676441,1381.7089025736786,2200.2293886975385,0.12100845983455154
153710618,11,11,0,1415.2591888869426,2166.043670334253,3,False,71.02079862449318,1410.917224333156,2169.944678040687,0.1548842059374758
153713422,13,13,0,1417.0259625292867,2183.303346789864,4,False,96.0207870574668,1410.917224333156,2200.2293886975385,0.13538735099327734
153713427,25,25,0,1412.5008948447992,2187.810211314229,4,False,96.0207870574668,1410.917224333156,2200.2293886975385,0.2603602903716872
153781478,2,2,0,1634.5423958312151,1636.3521024934803,1,False,26.854155085049797,1624.958798439242,1652.875453523826,0.0744763703667384
153797977,10,8,2,1416.2619444727611,2165.0617218674115,3,False,71.02079862449318,1410.917224333156,2169.944678040687,0.14080382357952345
153834085,6,6,0,1443.8746349396813,2185.220008355275,3,False,73.93746529519558,1437.97971276287,2200.2293886975385,0.08114965770120709
153835701,14,14,0,1417.5134223834575,1462.674367108133,2,False,46.999976861756295,1410.917224333156,1464.2713678628206,0.29787248706906805
155662476,1,1,0,2920.410200233226,2920.410200233226,1,False,25.79165509995073,2910.259157210123,2936.6873863846995,0.03877223063524567
155973055,2,2,0,2921.4199079061086,2926.0531981974023,1,False,25.79165509995073,2910.259157210123,2936.6873863846995,0.07754446127049135
156710937,1,1,0,2977.622616178122,2977.622616178122,1,False,24.7985995439808,2962.7938563008797,2988.2244002898224,0.040324857789911905
156758257,1,1,0,1479.0082025815288,1479.0082025815288,1,False,20.68748843297385,1468.2713678642176,1490.0421896306798,0.048338395607564276
156810164,2,2,0,2971.730886719055,2972.7155952803764,1,False,24.7985995439808,2962.7938563008797,2988.2244002898224,0.08064971557982381
156831398,3,3,0,2970.1759638800154,2980.8508232772715,1,False,24.7985995439808,2962.7938563008797,2988.2244002898224,0.12097457336973572
156836091,4,3,1,2968.7068260303217,2973.242869811508,1,False,24.7985995439808,2962.7938563008797,2988.2244002898224,0.16129943115964762
156836265,3,3,0,2970.7484377324186,2977.544164829349,1,False,24.7985995439808,2962.7938563008797,2988.2244002898224,0.12097457336973572
156843167,3,3,0,2973.9253432824853,2983.723793905488,1,False,24.7985995439808,2962.7938563008797,2988.2244002898224,0.12097457336973572
156846362,4,4,0,2973.829459595533,2986.232027823892,1,False,24.7985995439808,2962.7938563008797,2988.2244002898224,0.16129943115964762
156933657,24,23,1,1468.8267931729931,2249.958350312883,4,False,91.95828706678071,1468.2713678642176,2254.062698900234,0.26098789750804124
156943923,1,1,0,2981.54625905306,2981.54625905306,1,False,24.7985995439808,2962.7938563008797,2988.2244002898224,0.040324857789911905
156948827,3,3,0,2964.114368481611,2974.5878818954875,1,False,24.7985995439808,2962.7938563008797,2988.2244002898224,0.12097457336973572
156989166,8,8,0,2965.848483323547,2985.1787619610345,1,False,24.7985995439808,2962.7938563008797,2988.2244002898224,0.32259886231929524
156990832,1,1,0,2977.6207598306714,2977.6207598306714,1,False,24.7985995439808,2962.7938563008797,2988.2244002898224,0.040324857789911905
157007338,2,2,0,2967.26302245884,2984.133614350568,1,False,24.7985995439808,2962.7938563008797,2988.2244002898224,0.08064971557982381
157008175,1,1,0,2966.6726842933,2966.6726842933,1,False,24.7985995439808,2962.7938563008797,2988.2244002898224,0.040324857789911905
157039362,1,1,0,2979.383016983996,2979.383016983996,1,False,24.7985995439808,2962.7938563008797,2988.2244002898224,0.040324857789911905
157091587,2,2,0,2969.764235647078,2971.4072756644014,1,False,24.7985995439808,2962.7938563008797,2988.2244002898224,0.08064971557982381
157126706,4,4,0,2972.2659338946423,2984.935153566998,1,False,24.7985995439808,2962.7938563008797,2988.2244002898224,0.16129943115964762
157212164,3,3,0,1494.3914400500544,2981.407278065594,2,False,47.569421309977315,1491.625522964634,2988.2244002898224,0.063065724101436
157309606,4,4,0,2964.5741861037395,2985.6350397118345,1,False,24.7985995439808,2962.7938563008797,2988.2244002898224,0.16129943115964762
157316453,1,1,0,2207.1090165162923,2207.1090165162923,1,False,24.2708217673935,2201.729388698004,2227.5696549103595,0.041201736372331835
157459952,1,1,0,2232.009333887667,2232.009333887667,1,False,24.229155100416847,2228.750210466329,2254.062698900234,0.0412725906394811
157460158,1,1,0,2972.715889160612,2972.715889160612,1,False,24.7985995439808,2962.7938563008797,2988.2244002898224,0.040324857789911905
157530079,1,1,0,2985.9155598012785,2985.9155598012785,1,False,24.7985995439808,2962.7938563008797,2988.2244002898224,0.040324857789911905
157571722,2,2,0,2210.4285749122173,2226.30931061711,1,False,24.2708217673935,2201.729388698004,2227.5696549103595,0.08240347274466367
158979332,3,3,0,1620.8022780314568,3088.9251815170096,2,False,53.219884248916514,1596.7713100183755,3096.58777991822,0.0563699083968052
159153860,3,3,0,1605.999398794531,1620.681395440164,1,False,25.99998842133209,1596.7713100183755,1623.875465106219,0.11538466676925917
159376787,3,3,0,1605.484226285286,3085.1364223754726,2,False,53.219884248916514,1596.7713100183755,3096.58777991822,0.0563699083968052
159421340,12,9,3,1609.2496706912104,2356.132617429628,2,False,51.72914350870997,1596.7713100183755,2360.5487521416508,0.2319775504881399
159537293,8,7,1,1602.8715885115628,1622.4272672789275,1,False,25.99998842133209,1596.7713100183755,1623.875465106219,0.3076924447180244
160142472,18,18,0,1415.472139694502,2168.637141428845,3,False,71.02079862449318,1410.917224333156,2169.944678040687,0.25344688244314223
160204059,4,4,0,1589.8484085887765,1619.4579205530683,2,False,51.22914351336658,1569.4379882598296,1623.875465106219,0.07808055582573482
160328683,4,3,1,2181.2663039879576,2223.6150717780224,2,False,49.27081020036712,2174.222455819603,2227.5696549103595,0.08118397046310791
160404487,6,5,1,1602.9284817970658,3089.197454536175,2,False,53.219884248916514,1596.7713100183755,3096.58777991822,0.1127398167936104
160417246,8,8,0,1602.435154341021,2358.968497458392,2,False,51.72914350870997,1596.7713100183755,2360.5487521416508,0.15465170032542658
160444470,1,1,0,1604.1481281288077,1604.1481281288077,1,False,25.99998842133209,1596.7713100183755,1623.875465106219,0.03846155558975305
160502580,6,6,0,1617.069018694978,3084.367029578956,2,False,53.219884248916514,1596.7713100183755,3096.58777991822,0.1127398167936104
160504689,3,3,0,1602.6744419178824,1608.6856807388515,1,False,25.99998842133209,1596.7713100183755,1623.875465106219,0.11538466676925917
160523545,7,7,0,3041.9380330376466,3060.247928248132,1,False,26.287025460507266,3041.108636408113,3068.029921127949,0.26629106478846615
160600404,154,148,5,1685.2734031023294,2958.7449304744623,18,True,435.97895833198095,1683.3546086065471,2962.5832081525587,0.35322805620984815
161468577,9,8,1,3052.2838188901437,3065.5769176462977,1,False,26.287025460507266,3041.108636408113,3068.029921127949,0.34237422615659935
161476008,44,43,1,1417.6351360899357,2198.6069641653244,4,False,96.0207870574668,1410.917224333156,2200.2293886975385,0.45823411105416945
161476011,4,4,0,1416.9906818878997,2198.601408240635,2,False,47.08331019524485,1410.917224333156,2200.2293886975385,0.08495579396208165
161576005,4,4,0,1438.7756551325365,2148.2334298896185,3,False,69.6249652951958,1437.97971276287,2169.944678040687,0.0574506570027117
161612652,3,3,0,1430.560444739314,1483.617026277407,2,False,42.770810195245076,1410.917224333156,1490.0421896306798,0.07014129464242687
162024196,1,1,0,2298.2867894612477,2298.2867894612477,1,False,24.145821761339448,2280.902965109796,2305.9862868711352,0.041415032790523124
162143408,20,20,0,1573.8427489019298,3040.654635612305,4,False,99.42356481635943,1569.4379882598296,3040.8979882597923,0.2011595544470876
162582602,10,9,0,1573.5607797317016,3063.0307172878984,3,False,77.41894675744697,1569.4379882598296,3068.029921127949,0.1291673475141677
163042241,11,10,1,1575.0635982948234,3058.523051026544,4,False,101.66199073195412,1569.4379882598296,3068.029921127949,0.1082016978105713
164592809,11,11,0,1578.0482993556486,3067.296562352002,2,False,51.516180552541755,1569.4379882598296,3068.029921127949,0.2135251465077271
165124012,42,41,0,1386.7836826883622,2169.5624155103205,4,False,99.54162037652031,1381.7089025736786,2169.944678040687,0.42193405975443493
165590041,3,2,1,3044.5255727054896,3066.872950389178,1,False,26.287025460507266,3041.108636408113,3068.029921127949,0.11412474205219979
165823257,15,13,1,1607.3437220233384,3059.2611566035985,2,False,52.28701388183936,1596.7713100183755,3068.029921127949,0.2868781153557115
165909066,29,28,1,1572.948342252499,3064.1675778092945,4,False,101.66199073195412,1569.4379882598296,3068.029921127949,0.28525902150059707
166302995,6,6,0,2342.68511502356,2359.7986174807284,1,False,25.729155087377876,2333.854319276754,2360.5487521416508,0.23319848551666822
166527623,10,9,0,1608.289638672523,3059.608439774781,3,False,78.01616896921723,1596.7713100183755,3068.029921127949,0.12817855749807056
166558572,7,7,0,1602.327704982016,1621.5385627752405,1,False,25.99998842133209,1596.7713100183755,1623.875465106219,0.26923088912827137
166577188,6,6,0,1602.4619820061523,2359.911253598026,2,False,51.72914350870997,1596.7713100183755,2360.5487521416508,0.11598877524406995
167119957,8,8,0,1489.2565092790535,2326.56926945224,6,False,142.18048612959706,1468.2713678642176,2332.576553073246,0.05626651179619702
167123841,2,2,0,1557.8931058688436,1603.138878320532,2,False,50.04164351709164,1543.2296664975584,1623.875465106219,0.039966712910156584
167344029,171,154,14,1355.340059598359,3132.771599129582,29,False,722.7913541779867,1354.1047474853694,3154.395615548361,0.23658279669722143
167439141,1,1,0,1462.6590527270334,1462.6590527270334,1,False,24.91665509948507,1437.97971276287,1464.2713678628206,0.040133797895716194
167670025,24,24,0,1601.499533909612,2360.212967430701,2,False,51.72914350870997,1596.7713100183755,2360.5487521416508,0.4639551009762798
167796747,14,14,0,2980.750054607133,3131.248410885046,7,False,184.55548609746666,2962.7938563008797,3154.395615548361,0.07585794546690625
167815117,14,13,0,1472.136287043976,3117.5556873360865,9,False,221.24526622425833,1468.2713678642176,3126.4257197240368,0.06327819003281787
167891320,99,97,2,2052.921188475871,3148.4165280718616,19,False,481.93729165103423,2036.2780692591327,3154.395615548361,0.2054209161960533
167892392,13,13,0,2965.376338067043,3130.756816366673,6,False,158.2684606369594,2962.7938563008797,3154.395615548361,0.08213891730342764
168511614,8,8,0,1609.1861023594304,3064.943859847772,2,False,52.28701388183936,1596.7713100183755,3068.029921127949,0.15300166152304615
169286118,1,1,0,2104.17965689048,2104.17965689048,1,False,25.24304397823289,2088.2363794292323,2114.430812295992,0.039614873739565695
169475779,12,10,2,1606.3026200439383,2349.7716107839647,3,False,75.87496526679024,1596.7713100183755,2360.5487521416508,0.15815493236544897
169532460,3,3,0,1463.0002965680671,2189.0069250325782,2,False,49.91664353245869,1437.97971276287,2200.2293886975385,0.06010019479873935
170160263,4,4,0,2966.3609386404046,2986.869020264025,1,False,24.7985995439808,2962.7938563008797,2988.2244002898224,0.16129943115964762
170222826,2,2,0,2970.3471323127064,2983.021974293682,1,False,24.7985995439808,2962.7938563008797,2988.2244002898224,0.08064971557982381
170277600,1,1,0,2968.653996054965,2968.653996054965,1,False,24.7985995439808,2962.7938563008797,2988.2244002898224,0.040324857789911905
170277704,1,1,0,2972.365091504073,2972.365091504073,1,False,24.7985995439808,2962.7938563008797,2988.2244002898224,0.040324857789911905
170324620,1,1,0,3042.9424353375966,3042.9424353375966,1,False,26.287025460507266,3041.108636408113,3068.029921127949,0.038041580684066593
170362590,2,2,0,2969.7068855941006,2981.067875094363,1,False,24.7985995439808,2962.7938563008797,2988.2244002898224,0.08064971557982381
170364940,1,1,0,2965.3891136209654,2965.3891136209654,1,False,24.7985995439808,2962.7938563008797,2988.2244002898224,0.040324857789911905
170365121,1,1,0,2979.452854101044,2979.452854101044,1,False,24.7985995439808,2962.7938563008797,2988.2244002898224,0.040324857789911905
170367425,1,1,0,2971.986040314218,2971.986040314218,1,False,24.7985995439808,2962.7938563008797,2988.2244002898224,0.040324857789911905
170403073,2,2,0,2964.7890835473704,2979.4431063979205,1,False,24.7985995439808,2962.7938563008797,2988.2244002898224,0.08064971557982381
170671853,21,21,0,1412.0680924505918,2192.508194486956,4,False,96.0207870574668,1410.917224333156,2200.2293886975385,0.21870264391221725
170673573,22,22,0,1415.086231538004,2199.910770558668,4,False,96.0207870574668,1410.917224333156,2200.2293886975385,0.22911705552708472
170674625,4,4,0,2167.0181147920284,2184.6957903864973,2,False,49.02081019571051,2144.514134055469,2200.2293886975385,0.08159799856490364
170698265,10,10,0,1417.573777263903,2196.641469745653,3,False,71.10413195798174,1410.917224333156,2200.2293886975385,0.1406388029026133
170699229,18,17,0,1447.936730612182,2197.8041420793934,3,False,73.93746529519558,1437.97971276287,2200.2293886975385,0.24344897310362126
170766490,50,49,1,1413.6248516226888,2198.84814658117,4,False,96.0207870574668,1410.917224333156,2200.2293886975385,0.5207205807433744
170867166,1,1,0,2184.883174026278,2184.883174026278,1,False,24.999988432973623,2174.222455819603,2200.2293886975385,0.04000001850725077
170986304,4,4,0,1630.7538044459554,1651.581129838268,1,False,26.854155085049797,1624.958798439242,1652.875453523826,0.1489527407334768
171088770,4,4,0,2489.286719529272,2523.309863527155,2,False,46.430543983355165,2474.166761370376,2524.4375715572387,0.0861501859946753
172255639,25,25,0,1474.1060982104702,2222.49614480849,3,False,67.72913196636387,1468.2713678642176,2227.5696549103595,0.3691173838226021
172608996,25,24,1,1630.76908226939,3094.172639555102,2,False,54.07405091263422,1624.958798439242,3096.58777991822,0.4623289651517274
172615355,2,2,0,1630.517693883218,1638.7884470434635,1,False,26.854155085049797,1624.958798439242,1652.875453523826,0.0744763703667384
173871956,3,3,0,1630.8996722558356,1646.2049596273812,1,False,26.854155085049797,1624.958798439242,1652.875453523826,0.1117145555501076
175081065,3,3,0,2230.2635354767376,2246.7941947164363,1,False,24.229155100416847,2228.750210466329,2254.062698900234,0.12381777191844329
175177533,13,13,0,1496.1445490669248,2986.75505942198,4,False,91.96523150801636,1491.625522964634,2988.2244002898224,0.1413577695269198
175182771,2,2,0,2235.37059650568,2246.038689143297,1,False,24.229155100416847,2228.750210466329,2254.062698900234,0.0825451812789622
175183709,1,1,0,1524.8042017760836,1524.8042017760836,1,False,20.166655097622197,1517.354678065516,1542.0004998305812,0.049586805306047387
175385241,2,2,0,2257.792608152611,2265.766114106594,1,False,23.28471065312624,2254.9863100117072,2279.979353998322,0.08589327261970837
175491080,56,52,3,1386.8837588459758,2163.361218924004,4,False,99.54162037652031,1381.7089025736786,2169.944678040687,0.5625787463392465
175493040,1,1,0,2160.197477927793,2160.197477927793,1,False,24.020821762736887,2144.514134055469,2169.944678040687,0.04163054910766142
175526653,4,4,0,1495.7831620217537,2229.327338325902,3,False,67.16663196403556,1491.625522964634,2254.062698900234,0.059553380645047144
176463845,5,5,0,1631.7206023860394,3089.8922465347755,2,False,54.07405091263422,1624.958798439242,3096.58777991822,0.09246579303034548
176873028,60,60,0,1328.8126613131783,2380.808392914955,22,False,546.874768506271,1325.3130924007855,2389.715407225769,0.10971433215667177
176980970,43,42,1,1332.3777754566909,3106.221856012968,21,False,528.0020949020982,1325.3130924007855,3126.4257197240368,0.0814390708203024
177078973,28,23,4,1398.6201730897365,1681.0941873654408,10,False,242.18738426966593,1381.7089025736786,1682.3546086070128,0.11561295847195378
177115978,13,12,1,1335.1081123521603,2382.135893279004,10,False,254.6179513856771,1325.3130924007855,2389.715407225769,0.05105688710969372
178108104,6,5,0,1792.4423796101207,1806.616171682052,1,False,23.062488431111206,1790.6670622974634,1815.0212173955515,0.2601627321319769
178286446,4,4,0,2150.7468800528973,2167.5873587530123,1,False,24.020821762736887,2144.514134055469,2169.944678040687,0.16652219643064567
178725301,5,5,0,1579.8267421975088,2330.9724358012963,2,False,49.37497685011476,1569.4379882598296,2332.576553073246,0.1012658702641676
178857861,10,10,0,1446.2941285570655,2195.6074042091905,3,False,73.93746529519558,1437.97971276287,2200.2293886975385,0.13524942950201183
178969585,39,38,1,1439.5439088882426,2199.53496766174,2,False,49.91664353245869,1437.97971276287,2200.2293886975385,0.7813025323836115
179051609,22,20,2,1632.5622699506655,3090.8686327817663,3,False,79.8032060000121,1624.958798439242,3096.58777991822,0.27567814756711234
179130687,12,10,2,1603.1660014535903,3064.340404782337,2,False,52.28701388183936,1596.7713100183755,3068.029921127949,0.2295024922845692
179234597,7,7,0,1433.3570523293365,2246.5728084494503,7,False,167.65269678272352,1410.917224333156,2254.062698900234,0.041752981814971585
179291515,5,5,0,1616.1466070612962,3056.497315117711,2,False,52.28701388183936,1596.7713100183755,3068.029921127949,0.09562603845190383
179315999,18,18,0,1338.122695473222,2368.5025843943936,14,False,349.09708334645325,1325.3130924007855,2389.715407225769,0.0515615880472319
179367270,5,5,0,2336.596389221751,2357.6322617463607,1,False,25.729155087377876,2333.854319276754,2360.5487521416508,0.19433207126389018
179410793,13,7,5,1602.382763852843,1622.2396201230297,1,False,25.99998842133209,1596.7713100183755,1623.875465106219,0.5000002226667897
179413040,9,9,0,1602.632686234443,3092.331783973455,2,False,53.219884248916514,1596.7713100183755,3096.58777991822,0.16910972519041562
179556239,6,6,0,1605.0657005881735,3095.0634128798783,3,False,79.50690970942378,1596.7713100183755,3096.58777991822,0.07546513909204086
179622269,13,13,0,1631.8816036711953,3094.0726711673105,3,False,79.8032060000121,1624.958798439242,3096.58777991822,0.16290072356238458
179715817,1,1,0,1619.718911573838,1619.718911573838,1,False,25.99998842133209,1596.7713100183755,1623.875465106219,0.03846155558975305
181358989,1,1,0,3004.412075226743,3004.412075226743,1,False,25.08563657850027,2988.435048438143,3014.152629461605,0.03986344922404932
183533586,1,1,0,2097.699121065402,2097.699121065402,1,False,25.24304397823289,2088.2363794292323,2114.430812295992,0.039614873739565695
185343763,6,6,0,2825.7322076329474,2852.928866025195,1,False,27.256932866759144,2825.252247483935,2853.1388099808246,0.2201274820365877
186616851,6,6,0,2892.310038260073,2908.5766669280342,1,False,27.092581023927778,2882.323983593378,2910.048509061802,0.22146284234421543
186619918,1,1,0,2888.2822625660347,2888.2822625660347,1,False,27.092581023927778,2882.323983593378,2910.048509061802,0.03691047372403591
187172355,4,4,0,2915.5322895200497,2933.534681613026,1,False,25.79165509995073,2910.259157210123,2936.6873863846995,0.1550889225409827
187529066,3,3,0,2911.8211324291105,2919.103212762946,1,False,25.79165509995073,2910.259157210123,2936.6873863846995,0.11631669190573701
187936071,4,4,0,2834.0587541958453,2850.16123050672,1,False,27.256932866759144,2825.252247483935,2853.1388099808246,0.14675165469105847
188555157,4,4,0,2827.950539587157,2845.5544522743885,1,False,27.256932866759144,2825.252247483935,2853.1388099808246,0.14675165469105847
188969240,23,22,1,1440.2429789897774,2199.295642648676,2,False,49.91664353245869,1437.97971276287,2200.2293886975385,0.46076816012366834
188969241,17,16,1,1439.8388002711752,2197.6623328103974,2,False,49.91664353245869,1437.97971276287,2200.2293886975385,0.34056777052618964
189421351,1,1,0,1630.3990932566069,1630.3990932566069,1,False,26.854155085049797,1624.958798439242,1652.875453523826,0.0372381851833692
190267332,1,1,0,2342.640120390667,2342.640120390667,1,False,25.729155087377876,2333.854319276754,2360.5487521416508,0.038866414252778037
190372855,17,15,2,1630.1977047965513,3092.360994519771,3,False,81.01153933070668,1624.958798439242,3096.58777991822,0.20984664827318378
192653406,6,6,0,2885.155318123079,2902.355589301254,1,False,27.092581023927778,2882.323983593378,2910.048509061802,0.22146284234421543
192835056,2,2,0,2898.455614276402,2902.213977403484,1,False,27.092581023927778,2882.323983593378,2910.048509061802,0.07382094744807181
195926788,2,2,0,2839.024248700067,2849.9031777824275,1,False,27.256932866759144,2825.252247483935,2853.1388099808246,0.07337582734552923
197787320,19,18,1,1354.8292324133308,1430.9956965902818,3,False,75.18747685058042,1354.1047474853694,1436.833879429381,0.2527016571889834
200340257,5,4,1,1411.9947243052436,2154.9863301916266,2,False,46.10414352500811,1410.917224333156,2169.944678040687,0.1084501222170599
200368439,18,17,1,1438.961957661177,2179.585313849129,4,False,94.62495372816943,1437.97971276287,2200.2293886975385,0.19022466369398583
200441011,4,4,0,1415.614538603149,1460.1854333750048,2,False,46.999976861756295,1410.917224333156,1464.2713678628206,0.08510642487687659
200740049,6,4,1,1387.6313173290491,2161.6903290703017,4,False,99.54162037652031,1381.7089025736786,2169.944678040687,0.060276294250633564
200806186,13,13,0,1388.7284756234053,2155.50585904831,4,False,99.54162037652031,1381.7089025736786,2169.944678040687,0.13059863754303938
200938781,3,3,0,2890.783486567831,2898.668361564213,1,False,27.092581023927778,2882.323983593378,2910.048509061802,0.11073142117210771
201391310,22,21,1,2174.572917067382,2227.063523971534,2,False,49.27081020036712,2174.222455819603,2227.5696549103595,0.44651183754709345
201426753,65,65,0,1474.3472044067794,2226.0397973297927,3,False,69.95829863334097,1468.2713678642176,2227.5696549103595,0.9291249397111849
203008491,3,3,0,2888.722097211386,2909.752564611486,1,False,27.092581023927778,2882.323983593378,2910.048509061802,0.11073142117210771
203287049,2,2,0,2519.3948746696647,2568.7104208647797,2,False,48.50693288072944,2500.1875831289217,2578.7014373131096,0.04123121956438002
205106599,16,16,0,1632.2749482782438,2386.7549373136235,2,False,53.79164350312226,1624.958798439242,2389.715407225769,0.29744397006704776
206069705,2,2,0,2378.1815463154862,2383.063395668457,1,False,26.937488418072462,2361.770974363666,2389.715407225769,0.07424597159764132
206403004,9,9,0,1393.221451312732,2160.537666887886,4,False,99.54162037652031,1381.7089025736786,2169.944678040687,0.09041444137595034
207621404,3,3,0,3073.139673968064,3085.6812625356315,1,False,27.219895827584423,3068.7336248317733,3096.58777991822,0.11021350041170341
209241947,3,3,0,2345.3484310144736,2352.0636721829387,1,False,25.729155087377876,2333.854319276754,2360.5487521416508,0.11659924275833411
209291266,8,8,0,1608.4500494792596,2355.285829169779,2,False,51.72914350870997,1596.7713100183755,2360.5487521416508,0.15465170032542658
210541258,5,5,0,1646.066437097118,2377.931398165086,2,False,53.79164350312226,1624.958798439242,2389.715407225769,0.09295124064595242
211237621,2,2,0,1631.5193707052924,1636.00828309821,1,False,26.854155085049797,1624.958798439242,1652.875453523826,0.0744763703667384
211237627,1,1,0,1636.0082831103173,1636.0082831103173,1,False,26.854155085049797,1624.958798439242,1652.875453523826,0.0372381851833692
211459804,5,5,0,1629.2776581431197,1650.9511474853175,1,False,26.854155085049797,1624.958798439242,1652.875453523826,0.186190925916846
212201942,5,5,0,1637.2776755327836,2376.691219254036,2,False,53.79164350312226,1624.958798439242,2389.715407225769,0.09295124064595242
212461524,5,5,0,1645.8341719194443,2378.1047065698394,2,False,53.79164350312226,1624.958798439242,2389.715407225769,0.09295124064595242
212949811,6,6,0,2453.268094145649,2489.5287238682786,2,False,48.20831018034323,2447.687606282532,2498.888972017914,0.12445986962734236
212963433,1,1,0,2468.3978671872696,2468.3978671872696,1,False,24.541655088308744,2447.687606282532,2473.159816926345,0.040747048086271255
214870481,17,17,0,1634.8088964535311,3094.9402328738665,3,False,81.01153933070668,1624.958798439242,3096.58777991822,0.20984664827318378
215392772,4,4,0,1632.472876053913,1652.724080470089,1,False,26.854155085049797,1624.958798439242,1652.875453523826,0.1489527407334768
217709907,1,1,0,2851.0531589794778,2851.0531589794778,1,False,27.256932866759144,2825.252247483935,2853.1388099808246,0.03668791367276462
219151514,4,4,0,2970.657431233328,2986.4459930953844,1,False,24.7985995439808,2962.7938563008797,2988.2244002898224,0.16129943115964762
219173124,3,3,0,2175.3731179965243,2220.505265134466,2,False,49.27081020036712,2174.222455819603,2227.5696549103595,0.060887977847330924
219198133,3,3,0,2974.44368727657,2984.0018393642454,1,False,24.7985995439808,2962.7938563008797,2988.2244002898224,0.12097457336973572
219203763,2,2,0,2973.7756787270723,2978.539485683736,1,False,24.7985995439808,2962.7938563008797,2988.2244002898224,0.08064971557982381
219212899,58,54,2,1331.664020680345,3145.972820295088,17,False,416.9326967713432,1325.3130924007855,3154.395615548361,0.13911118137085976
219213592,1,1,0,2972.962919550742,2972.962919550742,1,False,24.7985995439808,2962.7938563008797,2988.2244002898224,0.040324857789911905
219219101,2,2,0,1458.668109768639,2163.665435559752,2,False,48.937476862221956,1437.97971276287,2169.944678040687,0.04086847398427954
219257563,2,2,0,1432.5435204745718,1456.4002061036829,2,False,46.999976861756295,1410.917224333156,1464.2713678628206,0.04255321243843829
219258986,13,13,0,1392.1722346870265,2184.3511468297897,5,False,125.43744214624212,1381.7089025736786,2200.2293886975385,0.1036373173557211
219396049,68,60,5,1411.9332663895275,2227.396541695693,6,False,140.97909725783416,1410.917224333156,2227.5696549103595,0.4823410088634347
219790149,94,93,0,1685.913969015927,2958.24046716679,25,True,609.9580555525629,1683.3546086065471,2962.5832081525587,0.15410895740174316
220405105,152,142,5,1413.9913385985549,2387.1751889837637,23,False,560.9164004763597,1410.917224333156,2389.715407225769,0.27098512339969666
220425740,67,67,0,1462.1271711545385,3147.4669225640696,27,False,672.3029398070671,1437.97971276287,3154.395615548361,0.09965745504433939
220558700,6,6,0,1373.09074757367,2091.5945271694827,3,False,78.34719906654209,1354.1047474853694,2114.430812295992,0.07658218891659498
220622233,23,23,0,1438.3866414118845,2224.462652742573,3,False,69.87496529985242,1437.97971276287,2227.5696549103595,0.3291593763417379
221355243,17,17,0,1629.5647021341258,2389.3071715564697,2,False,53.79164350312226,1624.958798439242,2389.715407225769,0.3160342181962382
225700322,2,1,0,1609.513738199928,1616.395749677362,1,False,25.99998842133209,1596.7713100183755,1623.875465106219,0.0769231111795061
225957292,8,7,1,1617.972137202128,3092.667291732553,2,False,53.219884248916514,1596.7713100183755,3096.58777991822,0.15031975572481387
228383334,4,4,0,2090.9855581249208,2107.889879613292,1,False,25.24304397823289,2088.2363794292323,2114.430812295992,0.15845949495826278
229151691,29,26,2,1354.7694382699544,2136.5578785744783,4,False,104.6180208260198,1354.1047474853694,2143.222467388492,0.2771988971979036
230134468,86,82,1,1688.6420426596103,2958.0832108184786,23,True,560.1316898283569,1683.3546086065471,2962.5832081525587,0.15353532314222978
231306114,1,1,0,2189.275191179531,2189.275191179531,1,False,24.999988432973623,2174.222455819603,2200.2293886975385,0.04000001850725077
231315283,21,21,0,1471.2236985725835,2227.406591135762,2,False,44.95831020036735,1468.2713678642176,2227.5696549103595,0.46709940623676754
231946900,3,3,0,2970.393907192978,2983.027007849089,1,False,24.7985995439808,2962.7938563008797,2988.2244002898224,0.12097457336973572
231947452,1,1,0,2973.9868939193143,2973.9868939193143,1,False,24.7985995439808,2962.7938563008797,2988.2244002898224,0.040324857789911905
232030004,1,1,0,2967.816541189393,2967.816541189393,1,False,24.7985995439808,2962.7938563008797,2988.2244002898224,0.040324857789911905
232033605,1,1,0,2965.5872209045324,2965.5872209045324,1,False,24.7985995439808,2962.7938563008797,2988.2244002898224,0.040324857789911905
232036936,2,2,0,2978.117783100722,2983.1912845755264,1,False,24.7985995439808,2962.7938563008797,2988.2244002898224,0.08064971557982381
232048700,2,1,0,2967.230421981421,2977.863580409847,1,False,24.7985995439808,2962.7938563008797,2988.2244002898224,0.08064971557982381
235056185,87,80,7,1412.570367721097,3060.7840280636165,9,False,213.37026623636507,1410.917224333156,3068.029921127949,0.4077419105041752
235074538,1,1,0,2217.5350637560678,2217.5350637560678,1,False,24.2708217673935,2201.729388698004,2227.5696549103595,0.041201736372331835
237883499,1,1,0,1361.834596447763,1361.834596447763,1,False,25.93749999627471,1354.1047474853694,1381.5005692406558,0.03855421687300725
237918270,12,12,0,1359.4942792940435,3080.1468744862045,9,False,225.56240739394025,1354.1047474853694,3096.58777991822,0.05320035434380801
237918271,23,23,0,1356.334521967298,3083.023317843448,10,False,252.61100693466187,1354.1047474853694,3096.58777991822,0.09104908087377593
237952617,2,2,0,2966.8606783508217,2986.3299323526267,1,False,24.7985995439808,2962.7938563008797,2988.2244002898224,0.08064971557982381
237971352,2,2,0,2968.371623792245,2990.9214194483184,2,False,49.88423612248107,2962.7938563008797,3014.152629461605,0.040092826020015376
237984546,2,2,0,2977.291144136552,2987.525746326723,1,False,24.7985995439808,2962.7938563008797,2988.2244002898224,0.08064971557982381
238010062,1,1,0,2964.256408811,2964.256408811,1,False,24.7985995439808,2962.7938563008797,2988.2244002898224,0.040324857789911905
238011901,2,1,0,2967.312107525361,2967.323218606641,1,False,24.7985995439808,2962.7938563008797,2988.2244002898224,0.08064971557982381
238016755,2,2,0,2998.871249403689,3116.188091389512,2,False,53.2198842549692,2988.435048438143,3126.4257197240368,0.03757993892692951
238028383,3,3,0,3114.73948649908,3117.715835521245,1,False,28.13424767646893,3097.6687868623994,3126.4257197240368,0.10663160552571505
238034732,2,1,1,2985.266038297684,2985.2868713621,1,False,24.7985995439808,2962.7938563008797,2988.2244002898224,0.08064971557982381
238035671,6,6,0,2980.65904686582,3005.4615086096824,2,False,49.88423612248107,2962.7938563008797,3014.152629461605,0.12027847806004613
238036031,2,2,0,2967.270168457665,2979.8465151069536,1,False,24.7985995439808,2962.7938563008797,2988.2244002898224,0.08064971557982381
238036242,5,5,0,2979.3228826637464,3118.0686172505075,3,False,78.01848379895,2962.7938563008797,3126.4257197240368,0.06408737720262249
238036584,7,7,0,1524.0706883686362,3013.8626793025464,3,False,70.05089122010327,1517.354678065516,3014.152629461605,0.09992735107403079
238037622,8,7,1,2965.2506201646324,3013.400179711058,2,False,49.88423612248107,2962.7938563008797,3014.152629461605,0.1603713040800615
238063169,1,1,0,2967.360791485618,2967.360791485618,1,False,24.7985995439808,2962.7938563008797,2988.2244002898224,0.040324857789911905
238078106,2,2,0,2987.6075991016182,3000.3241154794086,2,False,49.88423612248107,2962.7938563008797,3014.152629461605,0.040092826020015376
238084794,1,1,0,2968.3788975968628,2968.3788975968628,1,False,24.7985995439808,2962.7938563008797,2988.2244002898224,0.040324857789911905
238086654,1,1,0,3003.3061850745617,3003.3061850745617,1,False,25.08563657850027,2988.435048438143,3014.152629461605,0.03986344922404932
238091678,9,9,0,2966.896589577543,3111.827041627342,3,False,78.01848379895,2962.7938563008797,3126.4257197240368,0.11535727896472048
238097299,4,4,0,2966.6107535216784,3011.96574569356,2,False,49.88423612248107,2962.7938563008797,3014.152629461605,0.08018565204003075
238123875,2,2,0,2986.572943097805,2997.990878152093,2,False,49.88423612248107,2962.7938563008797,3014.152629461605,0.040092826020015376
238132897,5,5,0,2964.5839732992,2994.415827776588,2,False,49.88423612248107,2962.7938563008797,3014.152629461605,0.10023206505003844
238236508,8,8,0,1496.2293289909535,2286.7639521802435,5,False,114.40966437384395,1491.625522964634,2305.9862868711352,0.06992416282123926
238314110,10,10,0,2236.213929043738,2991.165207719063,5,False,121.5439236373636,2228.750210466329,3014.152629461605,0.08227478347527953
238642175,2,2,0,1497.2765891143747,2258.946182640468,2,False,46.055532419122756,1491.625522964634,2279.979353998322,0.04342583604938586
238766379,7,7,0,2234.662401635396,2305.124854545076,2,False,48.374976861756295,2228.750210466329,2305.9862868711352,0.144702911590103
238813187,3,3,0,1325.445537263736,2040.2520336252485,2,False,50.041655078065105,1325.3130924007855,2060.6391687882133,0.05995005551515018
238859798,1,1,0,2930.669806046115,2930.669806046115,1,False,25.79165509995073,2910.259157210123,2936.6873863846995,0.03877223063524567
238919539,2,2,0,1453.6746220698503,1454.477411313256,1,False,24.91665509948507,1437.97971276287,1464.2713678628206,0.08026759579143239
239224935,3,3,0,1685.9095254908932,1688.4956600459209,1,False,25.854155085049342,1683.3546086065471,1710.187930358108,0.11603550725719933
241289894,15,15,0,1601.700067348935,3089.6895347308464,3,False,79.50690970942378,1596.7713100183755,3096.58777991822,0.18866284773010217
241343119,3,3,0,1602.9335478643,3093.452029644829,3,False,79.50690970942378,1596.7713100183755,3096.58777991822,0.03773256954602043
241363085,8,8,0,1605.3431959206282,3059.489741637587,2,False,52.28701388183936,1596.7713100183755,3068.029921127949,0.15300166152304615
241447466,1,1,0,3042.581230544578,3042.581230544578,1,False,26.287025460507266,3041.108636408113,3068.029921127949,0.038041580684066593
241467204,3,3,0,2335.091536163682,3080.0245333987505,2,False,52.9490509149623,2333.854319276754,3096.58777991822,0.05665823934820072
241570607,15,15,0,1602.5475507240255,3087.981499969817,3,False,79.50690970942378,1596.7713100183755,3096.58777991822,0.18866284773010217
241579057,1,1,0,2454.6295413478238,2454.6295413478238,1,False,24.541655088308744,2447.687606282532,2473.159816926345,0.040747048086271255
241581808,12,12,0,3041.2893568821164,3093.879901579555,2,False,53.50692128809169,3041.108636408113,3096.58777991822,0.2242700516329404
241593128,2,2,0,1606.6904015428968,1609.4945850822023,1,False,25.99998842133209,1596.7713100183755,1623.875465106219,0.0769231111795061
241640242,7,7,0,1619.4281331110244,3074.194253219097,3,False,79.50690970942378,1596.7713100183755,3096.58777991822,0.08804266227404768
241661288,3,3,0,1620.0779393360249,2355.280354301823,2,False,51.72914350870997,1596.7713100183755,2360.5487521416508,0.057994387622034974
241739877,31,29,1,1603.662895213268,3094.5189057834214,3,False,78.94903933629439,1596.7713100183755,3096.58777991822,0.3926583560814616
242119768,4,4,0,1616.1381633884082,2356.9335212468254,2,False,51.72914350870997,1596.7713100183755,2360.5487521416508,0.07732585016271329
242295957,6,6,0,2336.6142155912908,2355.5682699341933,1,False,25.729155087377876,2333.854319276754,2360.5487521416508,0.23319848551666822
242316748,4,2,1,2347.8795825033526,2354.568368093259,1,False,25.729155087377876,2333.854319276754,2360.5487521416508,0.15546565701111215
242557720,2,2,0,1604.350521635752,1617.9422581842105,1,False,25.99998842133209,1596.7713100183755,1623.875465106219,0.0769231111795061
242583230,6,6,0,1617.6464480022205,3073.008333968509,2,False,53.219884248916514,1596.7713100183755,3096.58777991822,0.1127398167936104
243181433,3,3,0,3055.440129310328,3062.583240777107,1,False,26.287025460507266,3041.108636408113,3068.029921127949,0.11412474205219979
243192504,7,7,0,1622.6071484666145,3067.844240740654,3,False,78.01616896921723,1596.7713100183755,3068.029921127949,0.0897249902486494
243221067,4,4,0,3052.0579444032287,3067.1914348324885,1,False,26.287025460507266,3041.108636408113,3068.029921127949,0.15216632273626637
243291790,5,5,0,3047.911998116941,3065.991436085346,1,False,26.287025460507266,3041.108636408113,3068.029921127949,0.19020790342033297
243296277,1,1,0,3061.229063864234,3061.229063864234,1,False,26.287025460507266,3041.108636408113,3068.029921127949,0.038041580684066593
243304823,6,6,0,3041.3370455939244,3061.37217376054,1,False,26.287025460507266,3041.108636408113,3068.029921127949,0.22824948410439957
243330489,4,4,0,1602.9311384532557,1619.8212655705809,1,False,25.99998842133209,1596.7713100183755,1623.875465106219,0.1538462223590122
243341756,5,5,0,1618.7588302663985,3056.5485816362466,2,False,52.28701388183936,1596.7713100183755,3068.029921127949,0.09562603845190383
243343875,1,1,0,3051.013686918968,3051.013686918968,1,False,26.287025460507266,3041.108636408113,3068.029921127949,0.038041580684066593
243389982,8,8,0,1602.6518346045762,1623.3419452961914,1,False,25.99998842133209,1596.7713100183755,1623.875465106219,0.3076924447180244
243499565,2,2,0,2356.8846445040685,3043.141058042975,2,False,52.01618054788514,2333.854319276754,3068.029921127949,0.0384495743234903
243502815,5,5,0,3043.5203679264164,3067.472176763933,1,False,26.287025460507266,3041.108636408113,3068.029921127949,0.19020790342033297
243510629,1,1,0,3042.821739938879,3042.821739938879,1,False,26.287025460507266,3041.108636408113,3068.029921127949,0.038041580684066593
243511200,2,2,0,3045.6856947958336,3063.8457580090576,1,False,26.287025460507266,3041.108636408113,3068.029921127949,0.07608316136813319
243511383,5,5,0,3046.506545065326,3066.22215405618,1,False,26.287025460507266,3041.108636408113,3068.029921127949,0.19020790342033297
244175217,14,12,2,2452.705621950824,2492.0786952929657,2,False,48.20831018034323,2447.687606282532,2498.888972017914,0.2904063624637988
244862324,2,2,0,3050.211898994153,3058.0175514626526,1,False,26.287025460507266,3041.108636408113,3068.029921127949,0.07608316136813319
244863750,1,1,0,3063.437046136394,3063.437046136394,1,False,26.287025460507266,3041.108636408113,3068.029921127949,0.038041580684066593
244865631,2,2,0,2310.3440624450013,2322.834589513545,1,False,24.145821758080274,2307.2362868711352,2332.576553073246,0.08283006559222654
244868635,2,1,1,3047.8924467417837,3047.898002406564,1,False,26.287025460507266,3041.108636408113,3068.029921127949,0.07608316136813319
244882956,53,51,2,1605.123624775964,3067.6382901564148,4,False,102.1619907272975,1596.7713100183755,3068.029921127949,0.518783939336829
244902151,1,1,0,3054.303607458373,3054.303607458373,1,False,26.287025460507266,3041.108636408113,3068.029921127949,0.038041580684066593
244943765,3,2,1,1607.433413181321,2309.170224717999,2,False,50.145810179412365,1596.7713100183755,2332.576553073246,0.05982553655562766
245008998,3,3,0,3046.6800032220594,3052.8759487662105,1,False,26.287025460507266,3041.108636408113,3068.029921127949,0.11412474205219979
245026007,20,19,1,1608.240497025308,3065.226016355213,2,False,52.28701388183936,1596.7713100183755,3068.029921127949,0.3825041538076153
245066871,7,7,0,2331.7915553440507,3061.996793049748,3,False,76.16200230596542,2307.2362868711352,3068.029921127949,0.09190934833723144
245097161,3,3,0,3049.877005460648,3066.431341515103,1,False,26.287025460507266,3041.108636408113,3068.029921127949,0.11412474205219979
245157924,6,6,0,1604.936225714189,3057.718913458896,2,False,52.28701388183936,1596.7713100183755,3068.029921127949,0.1147512461422846
245226393,2,2,0,3046.3410904521447,3065.0843623157766,1,False,26.287025460507266,3041.108636408113,3068.029921127949,0.07608316136813319
245228473,1,1,0,3055.538500910612,3055.538500910612,1,False,26.287025460507266,3041.108636408113,3068.029921127949,0.038041580684066593
245298317,1,1,0,1618.2111258024065,1618.2111258024065,1,False,25.99998842133209,1596.7713100183755,1623.875465106219,0.03846155558975305
245304994,6,6,0,1618.780458623661,3059.74518036603,2,False,52.28701388183936,1596.7713100183755,3068.029921127949,0.1147512461422846
245339150,2,2,0,2336.144274949713,2358.882826788776,1,False,25.729155087377876,2333.854319276754,2360.5487521416508,0.07773282850555607
245431787,1,1,0,1608.9335501273952,1608.9335501273952,1,False,25.99998842133209,1596.7713100183755,1623.875465106219,0.03846155558975305
245454701,5,4,1,3042.3061166071825,3057.6842257123767,1,False,26.287025460507266,3041.108636408113,3068.029921127949,0.19020790342033297
245675509,2,2,0,1795.6192534640738,1805.1485167575404,1,False,23.062488431111206,1790.6670622974634,1815.0212173955515,0.08672091071065896
248187285,1,1,0,3064.684311029157,3064.684311029157,1,False,26.287025460507266,3041.108636408113,3068.029921127949,0.038041580684066593
248349830,9,9,0,2117.781498633294,2494.3536421943045,3,False,74.47913193982095,2115.882201184518,2498.888972017914,0.12083921718196165
248384545,1,1,0,2136.6690602681683,2136.6690602681683,1,False,26.270821759477712,2115.882201184518,2143.222467388492,0.038065044525652514
248447740,38,35,1,1439.375425943325,2198.7920596635518,2,False,49.91664353245869,1437.97971276287,2200.2293886975385,0.7612691341173651
249899744,4,4,0,2893.451258451192,2905.6803923563334,1,False,27.092581023927778,2882.323983593378,2910.048509061802,0.14764189489614363
250091359,9,8,1,1602.275226301458,3093.908111940047,2,False,53.219884248916514,1596.7713100183755,3096.58777991822,0.16910972519041562
250123846,7,7,0,1616.178389143964,3091.954089797077,2,False,53.219884248916514,1596.7713100183755,3096.58777991822,0.13152978625921213
250586846,2,2,0,2898.694230864697,2902.25947403291,1,False,27.092581023927778,2882.323983593378,2910.048509061802,0.07382094744807181
251246113,2,2,0,2886.406065386009,2891.692296728193,1,False,27.092581023927778,2882.323983593378,2910.048509061802,0.07382094744807181
251333851,4,4,0,2883.328461724228,2901.484330115918,1,False,27.092581023927778,2882.323983593378,2910.048509061802,0.14764189489614363
251434330,5,4,0,1796.0859920713458,2894.641064303256,2,False,50.15506945503898,1790.6670622974634,2910.048509061802,0.09969081997747407
251546956,1,1,0,2894.462087400547,2894.462087400547,1,False,27.092581023927778,2882.323983593378,2910.048509061802,0.03691047372403591
251818063,2,2,0,2883.4340159717167,2908.9427195028093,1,False,27.092581023927778,2882.323983593378,2910.048509061802,0.07382094744807181
252808469,1,1,0,2906.0471954732507,2906.0471954732507,1,False,27.092581023927778,2882.323983593378,2910.048509061802,0.03691047372403591
252809289,1,1,0,2901.595760548844,2901.595760548844,1,False,27.092581023927778,2882.323983593378,2910.048509061802,0.03691047372403591
252811779,8,8,0,2887.359319392681,2904.315165325126,1,False,27.092581023927778,2882.323983593378,2910.048509061802,0.29528378979228725
252825335,1,1,0,2909.0041168124235,2909.0041168124235,1,False,27.092581023927778,2882.323983593378,2910.048509061802,0.03691047372403591
252826205,2,2,0,2885.445468334044,2902.854138282502,1,False,27.092581023927778,2882.323983593378,2910.048509061802,0.07382094744807181
252828250,4,4,0,2883.2787654696044,2899.023581873828,1,False,27.092581023927778,2882.323983593378,2910.048509061802,0.14764189489614363
252829142,5,5,0,2889.134479322049,2901.2860805775267,1,False,27.092581023927778,2882.323983593378,2910.048509061802,0.1845523686201795
252830020,1,1,0,2899.6388108712194,2899.6388108712194,1,False,27.092581023927778,2882.323983593378,2910.048509061802,0.03691047372403591
252846584,1,1,0,2893.3331578352704,2893.3331578352704,1,False,27.092581023927778,2882.323983593378,2910.048509061802,0.03691047372403591
252846973,2,2,0,2891.992864700668,2895.824876273166,1,False,27.092581023927778,2882.323983593378,2910.048509061802,0.07382094744807181
252847025,1,1,0,2909.738859464136,2909.738859464136,1,False,27.092581023927778,2882.323983593378,2910.048509061802,0.03691047372403591
252847414,1,1,0,2907.72915747057,2907.72915747057,1,False,27.092581023927778,2882.323983593378,2910.048509061802,0.03691047372403591
252847522,3,3,0,2886.8399684995265,2906.137496497919,1,False,27.092581023927778,2882.323983593378,2910.048509061802,0.11073142117210771
252849400,3,3,0,2886.814984049873,2905.91529261261,1,False,27.092581023927778,2882.323983593378,2910.048509061802,0.11073142117210771
252849433,2,2,0,2891.36788547796,2903.230559664729,1,False,27.092581023927778,2882.323983593378,2910.048509061802,0.07382094744807181
252849644,3,3,0,2897.242982148289,2908.4069490152456,1,False,27.092581023927778,2882.323983593378,2910.048509061802,0.11073142117210771
252868083,4,4,0,2890.067816783156,2908.5499818294425,1,False,27.092581023927778,2882.323983593378,2910.048509061802,0.14764189489614363
253228981,3,3,0,1607.4579040379176,1609.0245710289576,1,False,25.99998842133209,1596.7713100183755,1623.875465106219,0.11538466676925917
253270831,2,2,0,1604.638706600326,1622.8260248495992,1,False,25.99998842133209,1596.7713100183755,1623.875465106219,0.0769231111795061
253319678,1,1,0,3046.1349555451266,3046.1349555451266,1,False,26.287025460507266,3041.108636408113,3068.029921127949,0.038041580684066593
253360354,3,3,0,1608.9134288048974,1618.0856021811126,1,False,25.99998842133209,1596.7713100183755,1623.875465106219,0.11538466676925917
253501247,3,3,0,1617.131604345194,2352.442352789551,2,False,51.72914350870997,1596.7713100183755,2360.5487521416508,0.057994387622034974
253517149,3,3,0,1602.341548958488,1619.9261655422426,1,False,25.99998842133209,1596.7713100183755,1623.875465106219,0.11538466676925917
254322223,26,22,3,1629.5814482415738,3094.0822294545496,2,False,54.07405091263422,1624.958798439242,3096.58777991822,0.4808221237577965
254365686,8,5,1,1636.2007751795709,1652.3768164073315,1,False,26.854155085049797,1624.958798439242,1652.875453523826,0.2979054814669536
254597659,4,4,0,1629.2007517021875,1651.5087830632765,1,False,26.854155085049797,1624.958798439242,1652.875453523826,0.1489527407334768
254740868,1,1,0,1647.235322051207,1647.235322051207,1,False,26.854155085049797,1624.958798439242,1652.875453523826,0.0372381851833692
254844960,2,2,0,1634.8009487639272,1648.9257036641036,1,False,26.854155085049797,1624.958798439242,1652.875453523826,0.0744763703667384
254901458,8,8,0,1633.313485217505,3094.557332505125,2,False,54.07405091263422,1624.958798439242,3096.58777991822,0.14794526884855277
255255899,3,3,0,1646.807753863711,1652.5103891856631,1,False,26.854155085049797,1624.958798439242,1652.875453523826,0.1117145555501076
255472458,1,1,0,2371.804807532491,2371.804807532491,1,False,26.937488418072462,2361.770974363666,2389.715407225769,0.03712298579882066
255547254,1,1,0,1438.628524096456,1438.628524096456,1,False,24.91665509948507,1437.97971276287,1464.2713678628206,0.040133797895716194
255559790,4,4,0,3084.919010590333,3116.51445426959,2,False,55.354143504053354,3068.7336248317733,3126.4257197240368,0.07226197980476559
255567780,1,1,0,2974.660188741512,2974.660188741512,1,False,24.7985995439808,2962.7938563008797,2988.2244002898224,0.040324857789911905
255586954,2,2,0,2985.7002641000977,3105.8395914665643,2,False,52.93284722044973,2962.7938563008797,3126.4257197240368,0.037783722301401784
255640745,3,3,0,1484.0291577017988,2967.8673616472147,3,False,68.25690974295117,1468.2713678642176,2988.2244002898224,0.0439515942239065
255704443,11,10,0,1468.6916633267992,2248.785790215465,5,False,112.12494216440291,1468.2713678642176,2254.062698900234,0.09810484436077815
255741939,1,1,0,2974.496739925217,2974.496739925217,1,False,24.7985995439808,2962.7938563008797,2988.2244002898224,0.040324857789911905
256162745,4,4,0,3102.8439808894937,3118.30239425529,1,False,28.13424767646893,3097.6687868623994,3126.4257197240368,0.1421754740342867
256168939,2,1,0,1603.584609543242,1619.9498108973578,1,False,25.99998842133209,1596.7713100183755,1623.875465106219,0.0769231111795061
257570869,1,1,0,2487.8842695520198,2487.8842695520198,1,False,23.66665509203449,2474.166761370376,2498.888972017914,0.042253541791656524
257605131,3,3,0,1412.137476205946,2152.4692310815026,2,False,46.10414352500811,1410.917224333156,2169.944678040687,0.06507007333023593
257605749,8,7,1,1414.122055053128,2151.7634697383555,3,False,71.02079862449318,1410.917224333156,2169.944678040687,0.11264305886361876
258031958,4,4,0,2463.73006895312,2509.976569320367,3,False,70.97219907166391,2447.687606282532,2524.4375715572387,0.056360096662088986
258032224,1,1,0,2465.528827208071,2465.528827208071,1,False,24.541655088308744,2447.687606282532,2473.159816926345,0.040747048086271255
258032359,2,2,0,2465.2287934675646,2493.122782733056,2,False,48.20831018034323,2447.687606282532,2498.888972017914,0.041486623209114115
258032373,3,3,0,2452.6289723570767,2465.505203110777,1,False,24.541655088308744,2447.687606282532,2473.159816926345,0.12224114425881376
258032409,1,1,0,2515.883756257605,2515.883756257605,1,False,22.763888891320676,2500.1875831289217,2524.4375715572387,0.04392922513258602
258032425,2,2,0,2487.72237729443,2514.582311689652,2,False,46.430543983355165,2474.166761370376,2524.4375715572387,0.04307509299733765
258032514,3,3,0,2450.3301299844484,2463.414720075436,1,False,24.541655088308744,2447.687606282532,2473.159816926345,0.12224114425881376
258032726,1,1,0,2468.537410659524,2468.537410659524,1,False,24.541655088308744,2447.687606282532,2473.159816926345,0.040747048086271255
258062142,1,1,0,2494.9103738225467,2494.9103738225467,1,False,23.66665509203449,2474.166761370376,2498.888972017914,0.042253541791656524
258062259,3,2,1,2463.210505409165,2508.008369902688,2,False,47.30554397962942,2447.687606282532,2524.4375715572387,0.06341751405061216
258062446,2,2,0,2449.510574448608,2521.470025974091,2,False,47.30554397962942,2447.687606282532,2524.4375715572387,0.0422783427004081
258062921,1,1,0,2481.730177437179,2481.730177437179,1,False,23.66665509203449,2474.166761370376,2498.888972017914,0.042253541791656524
258065391,5,5,0,2456.0417242132667,2898.124224859592,3,False,75.30089120427101,2447.687606282532,2910.048509061802,0.06640027654435521
258065430,1,1,0,2480.605071380297,2480.605071380297,1,False,23.66665509203449,2474.166761370376,2498.888972017914,0.042253541791656524
258065880,1,1,0,2449.7147514938256,2449.7147514938256,1,False,24.541655088308744,2447.687606282532,2473.159816926345,0.040747048086271255
258066616,1,1,0,2510.084877662788,2510.084877662788,1,False,22.763888891320676,2500.1875831289217,2524.4375715572387,0.04392922513258602
258066811,2,2,0,2489.5072291379897,2489.8516999364347,1,False,23.66665509203449,2474.166761370376,2498.888972017914,0.08450708358331305
258066901,1,1,0,2466.242765869221,2466.242765869221,1,False,24.541655088308744,2447.687606282532,2473.159816926345,0.040747048086271255
258066973,3,3,0,2450.9940913004207,2497.993933034244,2,False,48.20831018034323,2447.687606282532,2498.888972017914,0.06222993481367118
258067034,3,3,0,2509.111238061985,2516.1851627986234,1,False,22.763888891320676,2500.1875831289217,2524.4375715572387,0.13178767539775807
258067178,3,3,0,2454.4277653844943,2522.949268108937,3,False,70.97219907166391,2447.687606282532,2524.4375715572387,0.04227007249656674
258067247,5,5,0,2448.9286254731605,2508.493160245121,3,False,70.97219907166391,2447.687606282532,2524.4375715572387,0.07045012082761123
258067348,5,5,0,2462.486869655438,2506.101369949381,3,False,70.97219907166391,2447.687606282532,2524.4375715572387,0.07045012082761123
258067352,1,1,0,2477.447946400731,2477.447946400731,1,False,23.66665509203449,2474.166761370376,2498.888972017914,0.042253541791656524
258067363,1,1,0,2463.560583777108,2463.560583777108,1,False,24.541655088308744,2447.687606282532,2473.159816926345,0.040747048086271255
258067389,5,4,1,2479.5120049936168,2518.7088663317563,2,False,46.430543983355165,2474.166761370376,2524.4375715572387,0.10768773249334414
258067448,7,7,0,2447.9993500000205,2523.834009852821,3,False,70.97219907166391,2447.687606282532,2524.4375715572387,0.09863016915865572
258067465,1,1,0,2482.3733464485085,2482.3733464485085,1,False,23.66665509203449,2474.166761370376,2498.888972017914,0.042253541791656524
258067744,7,6,1,2452.2775299406794,2515.626793317686,3,False,70.97219907166391,2447.687606282532,2524.4375715572387,0.09863016915865572
258067964,1,1,0,2466.438602088358,2466.438602088358,1,False,24.541655088308744,2447.687606282532,2473.159816926345,0.040747048086271255
258135255,1,1,0,2500.817692292052,2500.817692292052,1,False,22.763888891320676,2500.1875831289217,2524.4375715572387,0.04392922513258602
258135305,6,6,0,2450.875995727933,2523.75760001817,3,False,70.97219907166391,2447.687606282532,2524.4375715572387,0.08454014499313348
258135430,4,4,0,2461.8617567950564,2516.050405695367,3,False,70.97219907166391,2447.687606282532,2524.4375715572387,0.056360096662088986
258135628,1,1,0,2508.872297603526,2508.872297603526,1,False,22.763888891320676,2500.1875831289217,2524.4375715572387,0.04392922513258602
258382306,9,9,0,1588.260125424391,2330.144577977761,2,False,49.37497685011476,1569.4379882598296,2332.576553073246,0.18227856647550167
258382313,4,4,0,1590.5990367018144,2329.887634428394,2,False,49.37497685011476,1569.4379882598296,2332.576553073246,0.08101269621133407
258455309,8,8,0,1616.9682487166897,2325.5376155902222,2,False,50.145810179412365,1596.7713100183755,2332.576553073246,0.15953476414834042
258583891,11,10,1,1603.2489579542191,3058.4928027370893,2,False,52.28701388183936,1596.7713100183755,3068.029921127949,0.21037728459418845
258789022,4,4,0,1604.8434257712709,3052.1066627120777,2,False,52.28701388183936,1596.7713100183755,3068.029921127949,0.07650083076152307
258790078,1,1,0,3042.552369214142,3042.552369214142,1,False,26.287025460507266,3041.108636408113,3068.029921127949,0.038041580684066593
259147715,1,1,0,2896.7928660175194,2896.7928660175194,1,False,27.092581023927778,2882.323983593378,2910.048509061802,0.03691047372403591
259542669,45,43,2,1386.521879515455,2196.5662610487984,6,False,149.458263908979,1381.7089025736786,2200.2293886975385,0.301087399405397
259573373,3,3,0,1426.0738588796758,2138.0094699806805,2,False,48.35414352174894,1410.917224333156,2143.222467388492,0.06204225287643957
259573397,46,46,0,1386.2927172031175,2199.003801643534,6,False,149.458263908979,1381.7089025736786,2200.2293886975385,0.3077782305032948
259586708,24,23,1,1391.8039124034062,2199.3579073974192,7,False,170.14575234195286,1381.7089025736786,2200.2293886975385,0.14105553426785322
259645014,21,21,0,1413.175201120206,2191.240230962699,5,False,116.70827549044066,1410.917224333156,2200.2293886975385,0.17993582641635442
260351540,194,166,20,1331.7726868920652,2366.050132755902,25,False,615.4997337986724,1325.3130924007855,2389.715407225769,0.3151910380248136
260371228,1,1,0,3006.2651096756026,3006.2651096756026,1,False,25.08563657850027,2988.435048438143,3014.152629461605,0.03986344922404932
260402407,5,5,0,2841.5200160512272,2879.5821204899503,2,False,52.26155092380941,2825.252247483935,2882.1133354450576,0.09567262952623343
260473548,12,11,1,2081.866683198116,2384.8954630441767,8,False,198.74990741303236,2061.847502121236,2389.715407225769,0.06037738661715291
260605685,1,1,0,2977.375101926689,2977.375101926689,1,False,24.7985995439808,2962.7938563008797,2988.2244002898224,0.040324857789911905
260606274,8,8,0,2981.437671349352,3127.9507711267847,5,False,131.04856480937497,2962.7938563008797,3154.395615548361,0.061046071062563025
260640943,12,12,0,2974.24027813724,3113.013653957524,6,False,157.4281712919469,2962.7938563008797,3126.4257197240368,0.07622523911394662
260769622,1,1,0,3066.560474271604,3066.560474271604,1,False,26.287025460507266,3041.108636408113,3068.029921127949,0.038041580684066593
260772424,2,2,0,3059.253498917684,3064.890970038733,1,False,26.287025460507266,3041.108636408113,3068.029921127949,0.07608316136813319
260773190,2,2,0,1580.178908942029,1580.2803000241508,1,False,25.22915509203449,1569.4379882598296,1595.667143351864,0.07927336419725974
260778617,10,10,0,1589.7163994865357,3056.8477825446494,4,False,101.66199073195412,1569.4379882598296,3068.029921127949,0.0983651798277921
261389834,7,6,0,1606.8294043726723,2359.7331299534067,2,False,51.72914350870997,1596.7713100183755,2360.5487521416508,0.13532023778474828
261993378,3,3,0,1608.0050842520789,3091.8305435010043,3,False,78.94903933629439,1596.7713100183755,3096.58777991822,0.03799919574981886
262609754,41,41,0,1329.1837415717953,3145.2483872721973,16,False,395.2429051003421,1325.3130924007855,3154.395615548361,0.10373367736883511
262845086,1,1,0,2474.990476971392,2474.990476971392,1,False,23.66665509203449,2474.166761370376,2498.888972017914,0.042253541791656524
262869616,8,6,2,3071.6101897863587,3116.2881837520063,2,False,55.354143504053354,3068.7336248317733,3126.4257197240368,0.14452395960953118
264615360,1,1,0,1797.2110331556776,1797.2110331556776,1,False,23.062488431111206,1790.6670622974634,1815.0212173955515,0.04336045535532948
265143793,2,2,0,3114.621491295695,3133.8992679837006,2,False,55.261562481988676,3097.6687868623994,3154.395615548361,0.036191521017015345
265179710,18,18,0,1635.4329080379405,3142.115801658921,6,False,159.8865161542792,1624.958798439242,3154.395615548361,0.11257984996452904
265684496,2,2,0,2929.174699013873,2929.585801380299,1,False,25.79165509995073,2910.259157210123,2936.6873863846995,0.07754446127049135
265884222,4,4,0,2914.781773219035,2936.203650812475,1,False,25.79165509995073,2910.259157210123,2936.6873863846995,0.1550889225409827
266271836,19,18,1,1631.204693974015,2389.0886518768766,2,False,53.79164350312226,1624.958798439242,2389.715407225769,0.35321471445461916
267227572,1,1,0,2920.767942197999,2920.767942197999,1,False,25.79165509995073,2910.259157210123,2936.6873863846995,0.03877223063524567
267506506,1,1,0,2914.149959068188,2914.149959068188,1,False,25.79165509995073,2910.259157210123,2936.6873863846995,0.03877223063524567
267845661,5,5,0,1587.4019352978742,1606.3838399297483,2,False,51.22914351336658,1569.4379882598296,1623.875465106219,0.09760069478216853
268018471,1,1,0,2514.1942762633084,2514.1942762633084,1,False,22.763888891320676,2500.1875831289217,2524.4375715572387,0.04392922513258602
268080373,2,1,0,2476.1370980718766,2503.2143920981,2,False,46.430543983355165,2474.166761370376,2524.4375715572387,0.04307509299733765
268148957,2,2,0,2490.243919804162,2496.386087063989,1,False,23.66665509203449,2474.166761370376,2498.888972017914,0.08450708358331305
268148971,16,16,0,2474.5452656428097,2519.965412068076,2,False,46.430543983355165,2474.166761370376,2524.4375715572387,0.3446007439787012
268148974,8,8,0,2474.545265355846,2518.66812505426,2,False,46.430543983355165,2474.166761370376,2524.4375715572387,0.1723003719893506
268148996,1,1,0,2514.485946621204,2514.485946621204,1,False,22.763888891320676,2500.1875831289217,2524.4375715572387,0.04392922513258602
268217504,1,1,0,2475.763476044803,2475.763476044803,1,False,23.66665509203449,2474.166761370376,2498.888972017914,0.042253541791656524
268279773,23,23,0,2478.151157185407,2523.826690438061,2,False,46.430543983355165,2474.166761370376,2524.4375715572387,0.49536356946938304
268283585,18,16,2,2474.4479900192937,2523.665551974714,2,False,46.430543983355165,2474.166761370376,2524.4375715572387,0.3876758369760389
268324394,1,1,0,2502.5990585592976,2502.5990585592976,1,False,22.763888891320676,2500.1875831289217,2524.4375715572387,0.04392922513258602
268324608,1,1,0,2491.8523689513268,2491.8523689513268,1,False,23.66665509203449,2474.166761370376,2498.888972017914,0.042253541791656524
268325250,2,2,0,2482.57515419154,2513.635879020116,2,False,46.430543983355165,2474.166761370376,2524.4375715572387,0.04307509299733765
268326359,1,1,0,2489.585467381675,2489.585467381675,1,False,23.66665509203449,2474.166761370376,2498.888972017914,0.042253541791656524
268397430,10,10,0,2492.566314719536,2522.5835853462863,2,False,46.430543983355165,2474.166761370376,2524.4375715572387,0.21537546498668828
268397434,6,6,0,2484.046124949617,2514.055358804469,2,False,46.430543983355165,2474.166761370376,2524.4375715572387,0.12922527899201297
268397898,3,3,0,2480.1485434520555,2495.073453273655,1,False,23.66665509203449,2474.166761370376,2498.888972017914,0.12676062537496957
268397995,13,12,1,2474.374371997759,2522.7391385189308,2,False,46.430543983355165,2474.166761370376,2524.4375715572387,0.27998810448269473
268444803,12,11,1,2479.291508312368,2516.61938656733,2,False,46.430543983355165,2474.166761370376,2524.4375715572387,0.25845055798402594
268444804,16,16,0,2474.51465812944,2521.4529680968003,2,False,46.430543983355165,2474.166761370376,2524.4375715572387,0.3446007439787012
268511204,6,5,1,2478.2705362781844,2523.1016317057592,2,False,46.430543983355165,2474.166761370376,2524.4375715572387,0.12922527899201297
268511247,31,30,1,2477.3565642674303,2521.3196089766466,2,False,46.430543983355165,2474.166761370376,2524.4375715572387,0.6676639414587336
268513263,1,1,0,2517.223523596521,2517.223523596521,1,False,22.763888891320676,2500.1875831289217,2524.4375715572387,0.04392922513258602
268539465,4,4,0,3045.127782879636,3061.352803765165,1,False,26.287025460507266,3041.108636408113,3068.029921127949,0.15216632273626637
269155560,2,1,0,1631.0519473846125,1632.2213946640106,1,False,26.854155085049797,1624.958798439242,1652.875453523826,0.0744763703667384
269155561,2,2,0,1631.054724757479,1634.5700063712309,1,False,26.854155085049797,1624.958798439242,1652.875453523826,0.0744763703667384
269797536,169,158,10,1354.4814227345096,3148.143489272022,18,False,457.3238888462083,1354.1047474853694,3154.395615548361,0.3695411591692127
269911083,1,1,0,2907.271247838109,2907.271247838109,1,False,27.092581023927778,2882.323983593378,2910.048509061802,0.03691047372403591
269950929,2,1,1,2887.535142011041,2887.5406976650474,1,False,27.092581023927778,2882.323983593378,2910.048509061802,0.07382094744807181
270058235,1,1,0,2904.7880332486334,2904.7880332486334,1,False,27.092581023927778,2882.323983593378,2910.048509061802,0.03691047372403591
270107026,6,6,0,1630.8854095353156,2376.4905269564447,2,False,53.79164350312226,1624.958798439242,2389.715407225769,0.1115414887751429
270162456,1,1,0,2933.029431800422,2933.029431800422,1,False,25.79165509995073,2910.259157210123,2936.6873863846995,0.03877223063524567
270623499,76,73,2,1329.8835843349705,3147.5340216001646,13,False,319.83320604870255,1325.3130924007855,3154.395615548361,0.23762385694381938
270625535,33,33,0,1439.0180532493084,2227.11356616533,5,False,117.64577549882256,1437.97971276287,2227.5696549103595,0.28050305980030943
270676943,107,105,1,1331.7767192326385,3148.1396462473526,19,False,465.3979513957179,1325.3130924007855,3154.395615548361,0.2299107670738761
271948049,9,9,0,1578.2868243187024,3065.183688229592,3,False,75.66200231062203,1569.4379882598296,3068.029921127949,0.1189500637724533
272011534,2,2,0,3031.291770095353,3039.163885601957,1,False,25.90276620490522,3014.3632776099257,3040.8979882597923,0.07721183074343847
272248916,14,13,1,1607.564949393935,2355.746735438096,2,False,51.72914350870997,1596.7713100183755,2360.5487521416508,0.27064047556949655
272272903,1,1,0,2434.700575015103,2434.700575015103,1,False,25.472210641019046,2419.9862289754674,2446.5764951715246,0.03925846932145163
272349442,116,112,2,1544.952515957992,3067.058743821862,6,False,149.75224537262625,1543.2296664975584,3068.029921127949,0.7746127593036014
272407484,1,1,0,1605.5246260159058,1605.5246260159058,1,False,25.99998842133209,1596.7713100183755,1623.875465106219,0.03846155558975305
272456799,9,9,0,1602.0843279597489,2358.994008925036,2,False,51.72914350870997,1596.7713100183755,2360.5487521416508,0.1739831628661049
272550631,66,61,3,1470.1834832763643,3120.8403831968776,17,False,432.57387728523486,1468.2713678642176,3126.4257197240368,0.15257509402603214
273020657,4,4,0,3046.779310516185,3064.605847696025,1,False,26.287025460507266,3041.108636408113,3068.029921127949,0.15216632273626637
273033221,9,9,0,1602.7896622476158,2358.67099976865,2,False,51.72914350870997,1596.7713100183755,2360.5487521416508,0.1739831628661049
273227122,2,2,0,3134.253292043177,3136.038002589285,1,False,27.127314805519745,3126.6363678723574,3154.395615548361,0.07372642719481579
273310905,2,2,0,3047.7242036437938,3063.332541829968,1,False,26.287025460507266,3041.108636408113,3068.029921127949,0.07608316136813319
273317891,7,7,0,1571.8298492957524,1623.0798432548956,2,False,51.22914351336658,1569.4379882598296,1623.875465106219,0.13664097269503594
273392238,1,1,0,3051.2021162849637,3051.2021162849637,1,False,26.287025460507266,3041.108636408113,3068.029921127949,0.038041580684066593
273817886,13,12,0,1578.167493851676,2360.2711393057166,4,False,101.10412035882473,1569.4379882598296,2360.5487521416508,0.1285803185257159
275018323,2,2,0,1631.2674320838216,1638.7910443930753,1,False,26.854155085049797,1624.958798439242,1652.875453523826,0.0744763703667384
275651537,12,12,0,1601.8003420642765,3057.588598491377,2,False,52.28701388183936,1596.7713100183755,3068.029921127949,0.2295024922845692
275771265,1,1,0,3046.8940676124143,3046.8940676124143,1,False,26.287025460507266,3041.108636408113,3068.029921127949,0.038041580684066593
276071697,1,1,0,3057.9554089229846,3057.9554089229846,1,False,26.287025460507266,3041.108636408113,3068.029921127949,0.038041580684066593
276130740,10,10,0,1601.6828323554266,3082.9199466630653,2,False,53.219884248916514,1596.7713100183755,3096.58777991822,0.18789969465601736
276877011,2,2,0,3117.996639071913,3134.371525695687,2,False,55.261562481988676,3097.6687868623994,3154.395615548361,0.036191521017015345
277029277,3,3,0,2371.3064763514326,2388.6760527328006,1,False,26.937488418072462,2361.770974363666,2389.715407225769,0.11136895739646198
277671413,63,61,1,3042.907850942784,3121.275995273007,3,False,81.64116896456062,3041.108636408113,3126.4257197240368,0.7716694995798932
278024057,113,110,0,1330.7424641719451,3149.905675266607,17,False,432.1711226445634,1325.3130924007855,3154.395615548361,0.2614705011027222
278271292,4,4,0,1619.5707207482592,1637.9555877666717,2,False,52.85414350638189,1596.7713100183755,1652.875453523826,0.0756799700957602
278731274,121,120,0,1449.835255210571,3146.9590521782984,28,False,697.1015393510479,1437.97971276287,3154.395615548361,0.17357586114734794
278823972,9,9,0,2979.027779889749,3112.5387726819326,6,False,157.4281712919469,2962.7938563008797,3126.4257197240368,0.057168929335459966
278825715,183,172,7,1411.5400657298042,3147.2285003098023,28,False,696.4140393473226,1410.917224333156,3154.395615548361,0.2627747139783499
278863889,11,11,0,2967.352805173753,3146.353800267302,6,False,159.46984951896638,2962.7938563008797,3154.395615548361,0.06897855634266292
278987013,1,1,0,3130.0742512541165,3130.0742512541165,1,False,27.127314805519745,3126.6363678723574,3154.395615548361,0.03686321359740789
278991580,16,16,0,1393.4729735204007,3054.733989142213,10,False,245.80312501871867,1381.7089025736786,3068.029921127949,0.0650927444424539
279056341,2,2,0,1513.970479928753,1514.273256619471,1,False,22.770821765996516,1491.625522964634,1516.0838447315618,0.08783170061023375
279158584,1,1,0,3047.3411667463506,3047.3411667463506,1,False,26.287025460507266,3041.108636408113,3068.029921127949,0.038041580684066593
279213450,9,9,0,2971.200418675207,3103.613570551811,4,False,103.92125000385522,2962.7938563008797,3126.4257197240368,0.08660403911294487
279215788,7,7,0,2970.1545904813324,3120.0522239439647,4,False,103.92125000385522,2962.7938563008797,3126.4257197240368,0.06735869708784602
279216869,71,69,2,2040.115228099157,2370.283556753053,13,False,320.6665162066938,2036.2780692591327,2389.715407225769,0.22141382530327905
279246259,10,10,0,2967.061569379442,3143.6797509191147,5,False,131.04856480937497,2962.7938563008797,3154.395615548361,0.07630758882820378
279362204,1,1,0,1652.744993852726,1652.744993852726,1,False,26.854155085049797,1624.958798439242,1652.875453523826,0.0372381851833692
279403260,1,1,0,2166.207195476579,2166.207195476579,1,False,24.020821762736887,2144.514134055469,2169.944678040687,0.04163054910766142
279426258,7,7,0,2966.3545509512865,3113.1648958190426,3,False,78.83561342535495,2962.7938563008797,3126.4257197240368,0.08879235786790586
279482019,8,8,0,2994.2392182667013,3120.1231854987755,3,False,79.12265045987442,2988.435048438143,3126.4257197240368,0.10110884751082816
279512574,4,3,0,1430.5956666621717,1677.6695606361354,3,False,72.35413194540888,1410.917224333156,1682.3546086070128,0.05528364299937972
279572569,5,5,0,2986.0350348621614,3130.9356433748217,3,False,77.82868055440576,2962.7938563008797,3154.395615548361,0.06424366909965504
279572957,126,123,3,1414.9439766582198,3131.7022442138014,26,False,641.1663773204218,1410.917224333156,3154.395615548361,0.19651685499570684
279574516,7,6,1,2965.865806630929,3148.1060541133747,3,False,77.01155092800082,2962.7938563008797,3154.395615548361,0.09089545549529834
279640409,16,16,0,1468.485335787212,1488.598938412454,1,False,20.68748843297385,1468.2713678642176,1490.0421896306798,0.7734143297210284
279883855,28,25,2,1632.5579588514668,2387.229425967818,2,False,53.79164350312226,1624.958798439242,2389.715407225769,0.5205269476173335
280675564,38,37,0,1571.5604048952985,3085.771303056169,6,False,154.61104164691642,1569.4379882598296,3096.58777991822,0.24577804790152177
280865190,16,16,0,1455.5069800480042,2349.175563375089,11,False,270.2568171313046,1437.97971276287,2360.5487521416508,0.05920294692224685
281925381,15,15,0,3016.1986455634137,3120.737615420694,4,False,107.54393516946584,3014.3632776099257,3126.4257197240368,0.13947787921618512
281975533,1,1,0,3028.828003961796,3028.828003961796,1,False,25.90276620490522,3014.3632776099257,3040.8979882597923,0.038605915371719236
282050150,2,2,0,3034.7420667671745,3057.288159297903,2,False,52.189791665412486,3014.3632776099257,3068.029921127949,0.038321670506407696
282051790,29,28,1,1573.0453673007123,3119.9711995345465,9,False,233.58785876631669,1569.4379882598296,3126.4257197240368,0.12415028826053777
282278921,5,4,1,3074.771019535809,3103.822720144954,2,False,55.354143504053354,3068.7336248317733,3126.4257197240368,0.090327474755957
282279817,3,3,0,2334.8140269489304,3106.61151759626,3,False,81.08329859143123,2333.854319276754,3126.4257197240368,0.03699898810378486
284344578,3,3,0,2968.2080246501223,3007.2520574576934,2,False,49.88423612248107,2962.7938563008797,3014.152629461605,0.060139239030023064
284419333,1,1,0,2986.113897018901,2986.113897018901,1,False,24.7985995439808,2962.7938563008797,2988.2244002898224,0.040324857789911905
285511189,5,5,0,2888.6036898071047,2909.170480060994,1,False,27.092581023927778,2882.323983593378,2910.048509061802,0.1845523686201795
285555777,2,2,0,2488.5314925108864,2536.5100219092515,2,False,47.62497685709968,2474.166761370376,2550.625059989281,0.041994771063113924
285562993,1,1,0,2901.973557396155,2901.973557396155,1,False,27.092581023927778,2882.323983593378,2910.048509061802,0.03691047372403591
285670920,1,1,0,2929.7564498009765,2929.7564498009765,1,False,25.79165509995073,2910.259157210123,2936.6873863846995,0.03877223063524567
285727064,3,2,1,2485.3214505328965,2493.9819992088173,1,False,23.66665509203449,2474.166761370376,2498.888972017914,0.12676062537496957
285727096,5,5,0,2495.741878905587,2529.2679968822536,3,False,70.38886574842036,2474.166761370376,2550.625059989281,0.07103396178979071
285727893,6,6,0,2475.4288315180497,2537.530894409341,3,False,70.38886574842036,2474.166761370376,2550.625059989281,0.08524075414774886
285727895,4,4,0,2476.374761328807,2537.5322833614077,3,False,70.38886574842036,2474.166761370376,2550.625059989281,0.05682716943183257
285731419,8,8,0,2480.914077239179,2545.965921499566,3,False,70.38886574842036,2474.166761370376,2550.625059989281,0.11365433886366515
285732357,6,6,0,2474.8287510383075,2528.1609811042613,3,False,70.38886574842036,2474.166761370376,2550.625059989281,0.08524075414774886
285736141,2,2,0,2915.988800466828,2923.1900647715875,1,False,25.79165509995073,2910.259157210123,2936.6873863846995,0.07754446127049135
285873891,2,2,0,2914.259585677087,2914.4415291851587,1,False,25.79165509995073,2910.259157210123,2936.6873863846995,0.07754446127049135
285933491,1,1,0,2912.1527283458736,2912.1527283458736,1,False,25.79165509995073,2910.259157210123,2936.6873863846995,0.03877223063524567
285939698,1,1,0,2921.7984883979807,2921.7984883979807,1,False,25.79165509995073,2910.259157210123,2936.6873863846995,0.03877223063524567
286122000,6,5,1,2727.58001646634,2907.1517312576816,2,False,50.38423611037433,2718.631935013924,2910.048509061802,0.1190848658865461
286138401,6,4,2,2528.8373903378447,2543.288049041423,1,False,23.958321765065193,2525.507016001735,2550.625059989281,0.2504349035310518
287059551,2,2,0,2921.564614579159,2932.011901243144,1,False,25.79165509995073,2910.259157210123,2936.6873863846995,0.07754446127049135
287405060,14,14,0,1371.1210384323608,2381.5399456050377,9,False,226.72907407348998,1354.1047474853694,2389.715407225769,0.061747705084625196
287485553,9,9,0,1572.197416717758,1606.6631577727096,2,False,51.22914351336658,1569.4379882598296,1623.875465106219,0.17568125060790335
287496443,2,2,0,3025.759806240364,3088.775408701252,2,False,53.12266203248964,3014.3632776099257,3096.58777991822,0.03764871569833618
287535518,2,2,0,3052.711521470368,3054.903202532912,1,False,26.287025460507266,3041.108636408113,3068.029921127949,0.07608316136813319
287671059,1,1,0,3065.709463199792,3065.709463199792,1,False,26.287025460507266,3041.108636408113,3068.029921127949,0.038041580684066593
287752945,3,3,0,3059.9970724144023,3065.5887325877825,1,False,26.287025460507266,3041.108636408113,3068.029921127949,0.11412474205219979
287794816,14,13,0,1585.0214987667075,3066.5848855951363,3,False,77.51616897387385,1569.4379882598296,3068.029921127949,0.18060748080466385
287978226,5,5,0,3026.204326486881,3114.0642917296977,3,False,80.32403934188142,3014.3632776099257,3126.4257197240368,0.0622478655327406
288093002,1,1,0,3046.462789551501,3046.462789551501,1,False,26.287025460507266,3041.108636408113,3068.029921127949,0.038041580684066593
288748622,1,1,0,2917.743138898605,2917.743138898605,1,False,25.79165509995073,2910.259157210123,2936.6873863846995,0.03877223063524567
289344994,5,5,0,2828.5503655539387,2850.529434098934,1,False,27.256932866759144,2825.252247483935,2853.1388099808246,0.18343956836382308
289785789,2,2,0,2830.7589736163955,2834.775630620928,1,False,27.256932866759144,2825.252247483935,2853.1388099808246,0.07337582734552923
290674357,15,14,1,1572.231958968828,2355.460737083428,4,False,101.10412035882473,1569.4379882598296,2360.5487521416508,0.14836190599121063
290716988,54,54,0,1439.6598835202858,2226.677423594876,5,False,118.89577549556293,1437.97971276287,2227.5696549103595,0.4541792992637928
290717316,24,24,0,1413.799653577165,2211.001212517076,6,False,140.97909725783416,1410.917224333156,2227.5696549103595,0.17023800312827106
291633913,1,1,0,1524.7181584018783,1524.7181584018783,1,False,20.166655097622197,1517.354678065516,1542.0004998305812,0.049586805306047387
291909020,7,7,0,1605.119267306775,3087.8091150747355,2,False,53.219884248916514,1596.7713100183755,3096.58777991822,0.13152978625921213
293273183,43,42,0,1337.701909230155,3144.4358313565426,15,False,379.46282404987255,1325.3130924007855,3154.395615548361,0.11331808355052071
293692895,4,4,0,2966.474713339527,2983.7133537199584,1,False,24.7985995439808,2962.7938563008797,2988.2244002898224,0.16129943115964762
293968698,120,113,6,1492.87064120544,3120.992350416377,11,False,267.86561345867676,1491.625522964634,3126.4257197240368,0.4479858330845897
293969029,2,2,0,2982.964499682667,3100.3011205406574,2,False,52.93284722044973,2962.7938563008797,3126.4257197240368,0.037783722301401784
293970607,1,1,0,3005.48366094548,3005.48366094548,1,False,25.08563657850027,2988.435048438143,3014.152629461605,0.03986344922404932
293973056,1,1,0,2991.9446432338145,2991.9446432338145,1,False,25.08563657850027,2988.435048438143,3014.152629461605,0.03986344922404932
293974254,6,6,0,2964.700181590867,3116.297063663665,4,False,104.30550925945727,2962.7938563008797,3126.4257197240368,0.05752332779542023
293974981,1,1,0,3011.716867488721,3011.716867488721,1,False,25.08563657850027,2988.435048438143,3014.152629461605,0.03986344922404932
294098955,59,59,0,1364.5640174302391,2388.465314497474,19,False,466.9511805693628,1354.1047474853694,2389.715407225769,0.1263515383515256
294157334,1,1,0,2998.15194525223,2998.15194525223,1,False,25.08563657850027,2988.435048438143,3014.152629461605,0.03986344922404932
294204998,2,2,0,3021.802918321893,3058.1426095779243,2,False,52.189791665412486,3014.3632776099257,3068.029921127949,0.038321670506407696
294271993,2,2,0,2997.39061118812,3064.4758324112104,2,False,51.37266203900754,2988.435048438143,3068.029921127949,0.038931212061414866
294276278,1,1,0,2964.3379171482857,2964.3379171482857,1,False,24.7985995439808,2962.7938563008797,2988.2244002898224,0.040324857789911905
294325822,4,4,0,2973.8768336034173,3134.3035664863182,3,False,80.06016202596948,2962.7938563008797,3154.395615548361,0.0499624269896244
294754396,135,131,3,1325.503168680723,2372.657688250445,24,False,589.5205787029129,1325.3130924007855,2389.715407225769,0.22899963949864563
294993587,27,25,2,1637.9978777429749,3094.229221238799,3,False,81.01153933070668,1624.958798439242,3096.58777991822,0.3332858531397625
295777692,14,13,1,1572.005070935644,3090.0545788029026,5,False,128.88188655953854,1569.4379882598296,3096.58777991822,0.10862659116595512
295802301,2,2,0,2837.0056712512114,2848.974876601633,1,False,27.256932866759144,2825.252247483935,2853.1388099808246,0.07337582734552923
295899674,8,8,0,1630.3996939582664,3084.650476499065,2,False,54.07405091263422,1624.958798439242,3096.58777991822,0.14794526884855277
295911223,18,17,1,1638.5163907726435,3091.840853018742,3,False,79.8032060000121,1624.958798439242,3096.58777991822,0.22555484800945555
296264014,12,10,2,1636.2136490203177,3083.938070981884,3,False,79.8032060000121,1624.958798439242,3096.58777991822,0.15036989867297038
296700769,1,1,0,1647.859179974647,1647.859179974647,1,False,26.854155085049797,1624.958798439242,1652.875453523826,0.0372381851833692
297855749,6,6,0,1646.822726001934,2386.066668333113,2,False,53.79164350312226,1624.958798439242,2389.715407225769,0.1115414887751429
298801915,5,4,0,1544.8875026258097,3018.5050035537056,3,False,73.22913195379101,1543.2296664975584,3040.8979882597923,0.06827883748717786
298963920,17,16,1,1726.4736284320854,2824.078660825551,6,True,140.8888194058095,1711.3754303576425,2824.2638215580955,0.12066252007573434
300011941,2,2,0,1479.9206534580314,2237.438696727835,2,False,44.9166435333907,1468.2713678642176,2254.062698900234,0.04452692460230727
300866996,124,120,3,1334.111955541347,2388.427506356069,25,False,615.4997337986724,1325.3130924007855,2389.715407225769,0.20146231296431383
300942493,1,1,0,2470.1078317134866,2470.1078317134866,1,False,24.541655088308744,2447.687606282532,2473.159816926345,0.040747048086271255
300943055,1,1,0,2469.9536498324187,2469.9536498324187,1,False,24.541655088308744,2447.687606282532,2473.159816926345,0.040747048086271255
301083701,3,3,0,2181.6059597039343,2187.778092640073,1,False,24.999988432973623,2174.222455819603,2200.2293886975385,0.1200000555217523
301091083,2,2,0,2897.823172505162,2908.5897638183696,1,False,27.092581023927778,2882.323983593378,2910.048509061802,0.07382094744807181
301641485,4,4,0,2888.817878467825,2908.338708711536,1,False,27.092581023927778,2882.323983593378,2910.048509061802,0.14764189489614363
301737360,2,2,0,2889.0177407150068,2905.8566914391017,1,False,27.092581023927778,2882.323983593378,2910.048509061802,0.07382094744807181
302160226,6,5,1,2887.794262782238,2905.527670577336,1,False,27.092581023927778,2882.323983593378,2910.048509061802,0.22146284234421543
302303144,7,7,0,2500.7926683738974,2604.77306391402,3,False,74.72914353758142,2500.1875831289217,2606.937536859419,0.09367162085137089
302313499,5,5,0,2885.609448453124,2905.506807366208,1,False,27.092581023927778,2882.323983593378,2910.048509061802,0.1845523686201795
302394696,1,1,0,2885.778814467993,2885.778814467993,1,False,27.092581023927778,2882.323983593378,2910.048509061802,0.03691047372403591
302540611,4,4,0,2475.66728043088,2502.470634604228,2,False,46.430543983355165,2474.166761370376,2524.4375715572387,0.0861501859946753
302541052,1,1,0,2466.099745828467,2466.099745828467,1,False,24.541655088308744,2447.687606282532,2473.159816926345,0.040747048086271255
302541151,8,8,0,2450.5315956875697,2515.1198411348623,3,False,70.97219907166391,2447.687606282532,2524.4375715572387,0.11272019332417797
302541645,5,5,0,2456.409911170416,2513.708647129064,2,False,47.30554397962942,2447.687606282532,2524.4375715572387,0.10569585675102026
302545091,3,3,0,2449.6036221919444,2520.7852867530105,2,False,47.30554397962942,2447.687606282532,2524.4375715572387,0.06341751405061216
302545345,5,5,0,2487.9056896920347,2510.491825343436,2,False,46.430543983355165,2474.166761370376,2524.4375715572387,0.10768773249334414
302545441,5,5,0,2482.991410902897,2516.30180621135,2,False,46.430543983355165,2474.166761370376,2524.4375715572387,0.10768773249334414
302545442,6,6,0,2449.568905841209,2516.301806509839,3,False,70.97219907166391,2447.687606282532,2524.4375715572387,0.08454014499313348
302545449,12,12,0,2455.6764458191037,2522.857576532082,3,False,70.97219907166391,2447.687606282532,2524.4375715572387,0.16908028998626695
302545513,8,8,0,2451.9552630571925,2517.6851981469117,3,False,70.97219907166391,2447.687606282532,2524.4375715572387,0.11272019332417797
302545647,1,1,0,2452.7275618335457,2452.7275618335457,1,False,24.541655088308744,2447.687606282532,2473.159816926345,0.040747048086271255
302545702,3,3,0,2478.8160837658297,2518.151886036644,2,False,46.430543983355165,2474.166761370376,2524.4375715572387,0.06461263949600649
302545769,4,3,0,2450.917674225612,2507.634761553767,3,False,70.97219907166391,2447.687606282532,2524.4375715572387,0.056360096662088986
302545798,2,2,0,2477.097890462949,2518.144946920098,2,False,46.430543983355165,2474.166761370376,2524.4375715572387,0.04307509299733765
302545818,1,1,0,2508.9403819670133,2508.9403819670133,1,False,22.763888891320676,2500.1875831289217,2524.4375715572387,0.04392922513258602
302545922,2,2,0,2491.42820316545,2514.8684309065848,2,False,46.430543983355165,2474.166761370376,2524.4375715572387,0.04307509299733765
302545959,4,4,0,2452.538664723051,2521.9936788914792,3,False,70.97219907166391,2447.687606282532,2524.4375715572387,0.056360096662088986
302959739,22,21,1,1577.884641322446,2381.847810588776,6,False,153.04159720195435,1569.4379882598296,2389.715407225769,0.1437517668543978
303095596,3,3,0,2291.3661276231505,2342.860848237015,2,False,49.874976848717324,2280.902965109796,2360.5487521416508,0.06015040386083214
303188775,4,4,0,3076.8850189658547,3083.206017284309,1,False,27.219895827584423,3068.7336248317733,3096.58777991822,0.14695133388227122
304417560,1,1,0,1607.1627145369516,1607.1627145369516,1,False,25.99998842133209,1596.7713100183755,1623.875465106219,0.03846155558975305
304531034,3,3,0,1590.3848234934906,1623.7222316925645,2,False,51.22914351336658,1569.4379882598296,1623.875465106219,0.058560416869301114
306508340,5,4,0,2980.239985370204,3132.5922172527435,4,False,104.23144675558524,2962.7938563008797,3154.395615548361,0.0479701678872847
306738947,9,9,0,2970.096565929902,3099.7263449158418,5,False,132.34253471344664,2962.7938563008797,3126.4257197240368,0.0680053470298658
306822067,10,10,0,2985.029949305662,3114.244409257969,6,False,157.4281712919469,2962.7938563008797,3126.4257197240368,0.06352103259495552
306927574,16,15,1,1459.9311273280891,2384.038773961416,10,False,251.1734953555274,1437.97971276287,2389.715407225769,0.06370098874227376
307257778,1,1,0,1590.3990166824008,1590.3990166824008,1,False,25.22915509203449,1569.4379882598296,1595.667143351864,0.03963668209862987
307285548,1,1,0,3071.0447644394408,3071.0447644394408,1,False,27.219895827584423,3068.7336248317733,3096.58777991822,0.036737833470567804
307573001,4,4,0,3039.476879627041,3078.6476196063063,3,False,79.40968749299691,3014.3632776099257,3096.58777991822,0.05037168796757647
307610438,9,9,0,1604.8966406899365,2359.5132307788845,2,False,51.72914350870997,1596.7713100183755,2360.5487521416508,0.1739831628661049
308085979,15,14,0,1576.9748140145746,3045.807556600436,8,False,203.65037036174886,1569.4379882598296,3068.029921127949,0.07365564802732817
308186412,61,60,1,1550.2549346426829,3091.843495964028,11,False,280.881817105226,1543.2296664975584,3096.58777991822,0.21717318916784042
308245136,29,28,0,1412.5531614524027,2168.447056041203,3,False,72.37496528448582,1410.917224333156,2169.944678040687,0.4006910384828384
308542808,62,58,3,1492.4196708267352,2358.3139844883444,8,False,190.1596296350467,1491.625522964634,2360.5487521416508,0.32604186345435177
308667775,10,10,0,1525.2232255463375,1566.640123737965,2,False,44.20831019338175,1517.354678065516,1568.458821593318,0.22620181491345626
308749877,10,10,0,1580.6747047328788,2993.302971293815,6,False,149.00918982596977,1569.4379882598296,3014.152629461605,0.06710995484022939
308903145,24,23,1,1606.1809378567789,2354.847148051836,3,False,75.87496526679024,1596.7713100183755,2360.5487521416508,0.31630986473089795
308920046,2,2,0,3012.4059257274234,3071.5543875583044,2,False,52.305532406084694,2988.435048438143,3096.58777991822,0.03823687300365459
309252516,5,5,0,1552.2178213299592,3042.44775872862,4,False,99.70365740638158,1543.2296664975584,3068.029921127949,0.05014861169656523
309371306,16,16,0,2312.162465407341,2359.7971429904333,2,False,49.87497684545815,2307.2362868711352,2360.5487521416508,0.3208021539454015
309403283,1,1,0,2284.8967023034165,2284.8967023034165,1,False,24.145821761339448,2280.902965109796,2305.9862868711352,0.041415032790523124
309456404,13,12,1,1602.1182250096813,3092.8525963370103,2,False,53.219884248916514,1596.7713100183755,3096.58777991822,0.24426960305282255
309475657,4,4,0,3033.671409250456,3093.2471578984014,2,False,53.12266203248964,3014.3632776099257,3096.58777991822,0.07529743139667236
309582191,8,8,0,2308.634125886095,3094.7302519724453,4,False,103.38189813354984,2307.2362868711352,3096.58777991822,0.07738298623290428
309714906,34,33,1,1335.8461931879328,3060.943522317562,12,False,299.5114467535152,1325.3130924007855,3068.029921127949,0.11351819894877177
309817108,5,5,0,1601.5211549517917,1623.2099578246705,1,False,25.99998842133209,1596.7713100183755,1623.875465106219,0.19230777794876527
310553064,16,16,0,1601.714174484138,2360.2289728723667,3,False,75.87496526679024,1596.7713100183755,2360.5487521416508,0.21087324315393197
310720311,8,8,0,3043.680089546677,3094.956406559584,2,False,53.50692128809169,3041.108636408113,3096.58777991822,0.14951336775529359
310735022,1,1,0,3100.49856315071,3100.49856315071,1,False,28.13424767646893,3097.6687868623994,3126.4257197240368,0.03554386850857168
311051982,2,2,0,2327.6044996563965,2329.779512701577,1,False,24.145821758080274,2307.2362868711352,2332.576553073246,0.08283006559222654
311504442,1,1,0,1603.2056472485842,1603.2056472485842,1,False,25.99998842133209,1596.7713100183755,1623.875465106219,0.03846155558975305
311757828,2,2,0,1606.94913083121,1620.346246649461,1,False,25.99998842133209,1596.7713100183755,1623.875465106219,0.0769231111795061
312471001,3,3,0,2885.010150727811,2907.361221558204,1,False,27.092581023927778,2882.323983593378,2910.048509061802,0.11073142117210771
312617534,3,3,0,1605.9336700863828,2351.815301184558,2,False,51.72914350870997,1596.7713100183755,2360.5487521416508,0.057994387622034974
312617539,15,14,1,1617.2989640411283,3086.076059363091,3,False,78.94903933629439,1596.7713100183755,3096.58777991822,0.18999597874909432
312803013,23,22,0,1606.0540684868354,3077.202091788993,5,False,132.09021988185145,1596.7713100183755,3096.58777991822,0.174123413683257
313857039,12,10,1,1607.2486155997929,3085.034088305249,3,False,79.50690970942378,1596.7713100183755,3096.58777991822,0.15093027818408172
313891046,2,2,0,1357.404893896861,1368.7689159593922,1,False,25.93749999627471,1354.1047474853694,1381.5005692406558,0.0771084337460145
313934058,3,3,0,1357.7340636566094,1375.375848831928,1,False,25.93749999627471,1354.1047474853694,1381.5005692406558,0.11566265061902176
313934071,1,1,0,2104.328298346835,2104.328298346835,1,False,25.24304397823289,2088.2363794292323,2114.430812295992,0.039614873739565695
313934111,2,2,0,1356.211807881,2104.610234221685,2,False,51.1805439745076,1354.1047474853694,2114.430812295992,0.0390773494122332
313934132,4,4,0,1370.2258542396678,2104.7713389365235,2,False,51.1805439745076,1354.1047474853694,2114.430812295992,0.0781546988244664
313934178,2,2,0,2088.919839916081,2088.9462293257093,1,False,25.24304397823289,2088.2363794292323,2114.430812295992,0.07922974747913139
313934186,2,2,0,1376.4549954691076,2096.91437760577,2,False,51.1805439745076,1354.1047474853694,2114.430812295992,0.0390773494122332
313934195,1,1,0,1372.1675223071445,1372.1675223071445,1,False,25.93749999627471,1354.1047474853694,1381.5005692406558,0.03855421687300725
313934217,1,1,0,2110.8768379160574,2110.8768379160574,1,False,25.24304397823289,2088.2363794292323,2114.430812295992,0.039614873739565695
315806959,4,4,0,1605.031565419689,1621.3454702482247,1,False,25.99998842133209,1596.7713100183755,1623.875465106219,0.1538462223590122
316284824,1,1,0,1622.6424661965134,1622.6424661965134,1,False,25.99998842133209,1596.7713100183755,1623.875465106219,0.03846155558975305
316295827,2,1,0,1603.41589355683,1606.563165788092,1,False,25.99998842133209,1596.7713100183755,1623.875465106219,0.0769231111795061
316430346,6,6,0,2334.0322507419446,2358.432326410393,1,False,25.729155087377876,2333.854319276754,2360.5487521416508,0.23319848551666822
316802745,1,1,0,3057.503580696456,3057.503580696456,1,False,26.287025460507266,3041.108636408113,3068.029921127949,0.038041580684066593
316918406,5,5,0,1449.4335065487298,1458.4890905309244,1,False,24.91665509948507,1437.97971276287,1464.2713678628206,0.20066898947858094
317350326,4,4,0,1635.0985918802337,1680.819574845205,2,False,54.35414350219094,1624.958798439242,1682.3546086070128,0.07359144569794879
318035342,17,15,2,1628.7331250596744,2386.667186277279,2,False,53.79164350312226,1624.958798439242,2389.715407225769,0.3160342181962382
319218849,4,4,0,1579.565101763738,1622.0096139223087,2,False,51.22914351336658,1569.4379882598296,1623.875465106219,0.07808055582573482
319435670,1,1,0,2987.6020746450336,2987.6020746450336,1,False,24.7985995439808,2962.7938563008797,2988.2244002898224,0.040324857789911905
319557917,4,4,0,2977.97977984377,3113.301915318792,2,False,52.93284722044973,2962.7938563008797,3126.4257197240368,0.07556744460280357
319558212,4,4,0,2992.9142988760427,3004.8474367376048,1,False,25.08563657850027,2988.435048438143,3014.152629461605,0.1594537968961973
319558877,7,7,0,2973.1699638672776,3117.5464681080475,3,False,78.01848379895,2962.7938563008797,3126.4257197240368,0.08972232808367148
319562179,2,2,0,2964.856512349766,2979.9383382078577,1,False,24.7985995439808,2962.7938563008797,2988.2244002898224,0.08064971557982381
319609891,1,1,0,2964.982686949665,2964.982686949665,1,False,24.7985995439808,2962.7938563008797,2988.2244002898224,0.040324857789911905
321170838,2,2,0,3049.553761805849,3050.559326237221,1,False,26.287025460507266,3041.108636408113,3068.029921127949,0.07608316136813319
322306553,35,32,2,1629.4641796060569,3149.72766168055,5,False,132.38652773713807,1624.958798439242,3154.395615548361,0.26437735469197243
324119045,4,4,0,3055.5674647777305,3105.7121413306154,3,False,81.64116896456062,3041.108636408113,3126.4257197240368,0.04899488886221544
324119375,7,7,0,3072.421872469728,3121.017509006045,2,False,55.354143504053354,3068.7336248317733,3126.4257197240368,0.1264584646583398
325469904,1,1,0,2055.0964678358814,2055.0964678358814,1,False,23.333321752027132,2036.2780692591327,2060.6391687882133,0.04285716412894031
326538701,1,1,0,1601.6417775603911,1601.6417775603911,1,False,25.99998842133209,1596.7713100183755,1623.875465106219,0.03846155558975305
326742300,7,7,0,1601.845136777106,1644.9880979405182,2,False,52.85414350638189,1596.7713100183755,1652.875453523826,0.13243994766758035
326857136,6,6,0,2882.92478510738,2907.7146885581064,1,False,27.092581023927778,2882.323983593378,2910.048509061802,0.22146284234421543
327018071,3,3,0,1609.0238389525405,2357.173471471841,2,False,51.72914350870997,1596.7713100183755,2360.5487521416508,0.057994387622034974
327039106,1,1,0,1630.258346762885,1630.258346762885,1,False,26.854155085049797,1624.958798439242,1652.875453523826,0.0372381851833692
327370514,2,2,0,2853.507964409063,2861.6359514853857,1,False,25.004618057050266,2853.349458129145,2882.1133354450576,0.07998522494672071
328234948,6,6,0,2338.229055542377,2359.2456743016364,1,False,25.729155087377876,2333.854319276754,2360.5487521416508,0.23319848551666822
328417482,13,13,0,1740.8511650185449,2880.799051786862,4,False,99.15736110974103,1738.6462521115318,2882.1133354450576,0.13110473952218665
328777958,1,1,0,2921.995565552771,2921.995565552771,1,False,25.79165509995073,2910.259157210123,2936.6873863846995,0.03877223063524567
328906141,2,2,0,3082.669068331782,3082.9176777237435,1,False,27.219895827584423,3068.7336248317733,3096.58777991822,0.07347566694113561
329126533,3,3,0,1607.5197597011052,1622.9544579038557,1,False,25.99998842133209,1596.7713100183755,1623.875465106219,0.11538466676925917
329538372,2,2,0,1631.470919717437,1645.9012154120292,1,False,26.854155085049797,1624.958798439242,1652.875453523826,0.0744763703667384
330287387,7,6,1,2335.091054926861,2358.963361441238,1,False,25.729155087377876,2333.854319276754,2360.5487521416508,0.27206489976944626
332012383,1,1,0,1609.2835347514156,1609.2835347514156,1,False,25.99998842133209,1596.7713100183755,1623.875465106219,0.03846155558975305
332159979,1,1,0,3049.843448899744,3049.843448899744,1,False,26.287025460507266,3041.108636408113,3068.029921127949,0.038041580684066593
332163041,2,2,0,3045.4532378510703,3056.408793799714,1,False,26.287025460507266,3041.108636408113,3068.029921127949,0.07608316136813319
332213483,12,12,0,1602.6642559043198,2359.5306360979084,2,False,51.72914350870997,1596.7713100183755,2360.5487521416508,0.2319775504881399
332469864,1,1,0,3049.37118564228,3049.37118564228,1,False,26.287025460507266,3041.108636408113,3068.029921127949,0.038041580684066593
332661361,4,4,0,2149.096829583718,2194.939874794936,2,False,49.02081019571051,2144.514134055469,2200.2293886975385,0.08159799856490364
332860629,9,9,0,1470.9116382379198,2199.2224182567543,2,False,45.687476865947474,1468.2713678642176,2200.2293886975385,0.196990523823565
333298129,20,18,2,1571.7465013231858,3065.0086154133555,4,False,101.66199073195412,1569.4379882598296,3068.029921127949,0.1967303596555842
333386671,22,18,3,1572.6897721914054,3067.6225905424853,3,False,75.66200231062203,1569.4379882598296,3068.029921127949,0.2907668225548859
333482849,2,2,0,1590.112241831661,1590.1566864532574,1,False,25.22915509203449,1569.4379882598296,1595.667143351864,0.07927336419725974
333822981,12,12,0,1579.4912873620945,3056.7088265115644,3,False,75.66200231062203,1569.4379882598296,3068.029921127949,0.15860008502993775
333823153,1,1,0,3064.6962607681803,3064.6962607681803,1,False,26.287025460507266,3041.108636408113,3068.029921127949,0.038041580684066593
334041309,2,2,0,2339.673923324769,2355.533752298036,1,False,25.729155087377876,2333.854319276754,2360.5487521416508,0.07773282850555607
334129050,2,2,0,1607.696391243832,1616.7590096900417,1,False,25.99998842133209,1596.7713100183755,1623.875465106219,0.0769231111795061
334300225,2,1,0,1577.2691389457002,1589.6526027433172,1,False,25.22915509203449,1569.4379882598296,1595.667143351864,0.07927336419725974
334425144,9,7,1,1617.8980731879717,3082.89610349069,2,False,53.219884248916514,1596.7713100183755,3096.58777991822,0.16910972519041562
334684206,18,18,0,1574.0342516621934,3066.8323979183906,3,False,75.66200231062203,1569.4379882598296,3068.029921127949,0.2379001275449066
334791374,2,2,0,3057.411778088548,3064.238105601172,1,False,26.287025460507266,3041.108636408113,3068.029921127949,0.07608316136813319
335046558,8,8,0,1579.1872181062756,2327.7273251357906,2,False,49.37497685011476,1569.4379882598296,2332.576553073246,0.16202539242266814
335046560,2,2,0,1579.187218048068,1586.1942489408063,1,False,25.22915509203449,1569.4379882598296,1595.667143351864,0.07927336419725974
335287811,10,10,0,1607.953207620487,3088.120599251004,3,False,79.50690970942378,1596.7713100183755,3096.58777991822,0.1257752318200681
335370623,1,1,0,1602.1321269735902,1602.1321269735902,1,False,25.99998842133209,1596.7713100183755,1623.875465106219,0.03846155558975305
335376063,38,36,2,1616.071044467007,3095.205055682208,4,False,105.80319442134419,1596.7713100183755,3096.58777991822,0.35915739792005824
335598085,12,11,1,1601.9072020798274,3080.6886468396,3,False,79.50690970942378,1596.7713100183755,3096.58777991822,0.15093027818408172
335643748,3,3,0,1617.6814094502408,2360.354701960492,2,False,51.72914350870997,1596.7713100183755,2360.5487521416508,0.057994387622034974
335836484,2,2,0,2338.9888274714976,2351.8152605390387,1,False,25.729155087377876,2333.854319276754,2360.5487521416508,0.07773282850555607
337147104,4,4,0,1605.0544505654154,1637.20576443849,2,False,52.85414350638189,1596.7713100183755,1652.875453523826,0.0756799700957602
338248268,23,20,3,1602.4252570840551,3089.353923350235,4,False,105.80319442134419,1596.7713100183755,3096.58777991822,0.21738474084635104
338273577,2,2,0,1603.5491095200805,1621.456005652012,1,False,25.99998842133209,1596.7713100183755,1623.875465106219,0.0769231111795061
338655076,1,1,0,1633.1919415856,1633.1919415856,1,False,26.854155085049797,1624.958798439242,1652.875453523826,0.0372381851833692
339308290,32,30,2,1601.623899606058,3094.8372404455886,4,False,105.80319442134419,1596.7713100183755,3096.58777991822,0.30244833509057534
339565401,16,16,0,1638.8496885333518,3118.8891996984785,3,False,81.92589117959119,1624.958798439242,3126.4257197240368,0.19529845534333118
339567904,6,6,0,1629.6314879696722,2378.221596473514,2,False,53.79164350312226,1624.958798439242,2389.715407225769,0.1115414887751429
339633702,47,47,0,1326.4834923920962,2365.4381130495717,19,False,464.7775810416788,1325.3130924007855,2389.715407225769,0.10112363831031103
339634481,3,3,0,2966.635079104068,3029.759870193823,2,False,50.70136574888602,2962.7938563008797,3040.8979882597923,0.05917000372057856
339668420,134,126,7,1387.3974404720072,3149.029839169932,16,False,394.087789375802,1381.7089025736786,3154.395615548361,0.34002575977358596
339770560,67,63,4,1331.093251727511,2377.9824047561287,24,False,593.2983564762412,1325.3130924007855,2389.715407225769,0.11292800539332529
339812943,10,10,0,1603.0293861923044,2355.850071408957,3,False,78.58329859375976,1596.7713100183755,2360.5487521416508,0.12725350270285157
340221485,1,1,0,1607.1919095727606,1607.1919095727606,1,False,25.99998842133209,1596.7713100183755,1623.875465106219,0.03846155558975305
340481541,2,2,0,1520.1430893552763,1523.8639496056803,1,False,20.166655097622197,1517.354678065516,1542.0004998305812,0.09917361061209477
341448790,1,1,0,2358.4222035315865,2358.4222035315865,1,False,25.729155087377876,2333.854319276754,2360.5487521416508,0.038866414252778037
341935294,4,4,0,1497.1428652431691,2261.3055681963806,4,False,90.2638426125045,1491.625522964634,2279.979353998322,0.04431453264372626
343965791,5,5,0,2968.863345875013,2999.702061364497,2,False,49.88423612248107,2962.7938563008797,3014.152629461605,0.10023206505003844
343968113,3,3,0,2968.014976623606,3012.472810986221,2,False,49.88423612248107,2962.7938563008797,3014.152629461605,0.060139239030023064
344138787,1,1,0,2996.409262765906,2996.409262765906,1,False,25.08563657850027,2988.435048438143,3014.152629461605,0.03986344922404932
345135732,43,43,0,1572.1433767295964,3040.641417975887,3,False,75.27774305501998,1569.4379882598296,3040.8979882597923,0.5712179756581118
345135733,46,44,1,1572.14337671097,3038.413637688463,3,False,75.27774305501998,1569.4379882598296,3040.8979882597923,0.6110703925644917
345521596,1,1,0,2873.2165184940027,2873.2165184940027,1,False,25.004618057050266,2853.349458129145,2882.1133354450576,0.039992612473360355
346537908,3,3,0,2481.8538064357485,2496.216004962255,1,False,23.66665509203449,2474.166761370376,2498.888972017914,0.12676062537496957
346538348,2,2,0,2465.113416476014,2469.6763373792537,1,False,24.541655088308744,2447.687606282532,2473.159816926345,0.08149409617254251
346539090,2,2,0,2453.219187202783,2469.197100624044,1,False,24.541655088308744,2447.687606282532,2473.159816926345,0.08149409617254251
346539640,6,6,0,2453.308059248008,2523.504806023876,3,False,70.97219907166391,2447.687606282532,2524.4375715572387,0.08454014499313348
346540010,10,7,3,2451.1925592154025,2517.0448633932315,3,False,70.97219907166391,2447.687606282532,2524.4375715572387,0.14090024165522247
346540165,3,3,0,2479.0951606283534,2489.387664001182,1,False,23.66665509203449,2474.166761370376,2498.888972017914,0.12676062537496957
346540234,5,5,0,2455.291560993827,2507.226337802812,3,False,70.97219907166391,2447.687606282532,2524.4375715572387,0.07045012082761123
346540567,1,1,0,2505.601236632157,2505.601236632157,1,False,22.763888891320676,2500.1875831289217,2524.4375715572387,0.04392922513258602
346540571,6,6,0,2453.56637659958,2523.795071233084,3,False,70.97219907166391,2447.687606282532,2524.4375715572387,0.08454014499313348
346541383,1,1,0,2883.4002467179544,2883.4002467179544,1,False,27.092581023927778,2882.323983593378,2910.048509061802,0.03691047372403591
346541690,4,4,0,2884.887816363882,2909.4339578661693,1,False,27.092581023927778,2882.323983593378,2910.048509061802,0.14764189489614363
346543067,2,2,0,2491.6976796894496,2523.532601224233,2,False,46.430543983355165,2474.166761370376,2524.4375715572387,0.04307509299733765
346543146,14,14,0,2462.567433602377,2522.003399240716,3,False,70.97219907166391,2447.687606282532,2524.4375715572387,0.19726033831731143
346543276,4,4,0,2452.509537991299,2510.408516597904,3,False,70.97219907166391,2447.687606282532,2524.4375715572387,0.056360096662088986
346543450,12,10,1,2461.950724188392,2522.517311151204,3,False,70.97219907166391,2447.687606282532,2524.4375715572387,0.16908028998626695
346592043,7,7,0,2448.8744722875917,2522.07286084164,3,False,70.97219907166391,2447.687606282532,2524.4375715572387,0.09863016915865572
346592477,1,1,0,2509.4834953636664,2509.4834953636664,1,False,22.763888891320676,2500.1875831289217,2524.4375715572387,0.04392922513258602
346592680,1,0,0,2474.6199311878927,2474.6199311878927,1,False,23.66665509203449,2474.166761370376,2498.888972017914,0.042253541791656524
346592949,3,2,1,2482.8470136699007,2510.339074721467,2,False,46.430543983355165,2474.166761370376,2524.4375715572387,0.06461263949600649
346593056,2,2,0,2463.502247688757,2514.6392616885446,2,False,47.30554397962942,2447.687606282532,2524.4375715572387,0.0422783427004081
346593111,1,1,0,2505.0249199248537,2505.0249199248537,1,False,22.763888891320676,2500.1875831289217,2524.4375715572387,0.04392922513258602
346593421,1,1,0,2517.446307797787,2517.446307797787,1,False,22.763888891320676,2500.1875831289217,2524.4375715572387,0.04392922513258602
346594718,1,1,0,2887.814303204572,2887.814303204572,1,False,27.092581023927778,2882.323983593378,2910.048509061802,0.03691047372403591
346624368,1,1,0,2465.6300128699204,2465.6300128699204,1,False,24.541655088308744,2447.687606282532,2473.159816926345,0.040747048086271255
346625064,1,1,0,2523.486717048785,2523.486717048785,1,False,22.763888891320676,2500.1875831289217,2524.4375715572387,0.04392922513258602
346625140,5,5,0,2449.547938877972,2506.6401764375205,3,False,70.97219907166391,2447.687606282532,2524.4375715572387,0.07045012082761123
346625318,1,1,0,2465.0258256296624,2465.0258256296624,1,False,24.541655088308744,2447.687606282532,2473.159816926345,0.040747048086271255
346625675,3,3,0,2467.9080582151005,2524.203416973702,2,False,47.30554397962942,2447.687606282532,2524.4375715572387,0.06341751405061216
346625763,6,5,1,2477.4200179339423,2518.618525087357,2,False,46.430543983355165,2474.166761370376,2524.4375715572387,0.12922527899201297
346625996,1,1,0,2502.594129792663,2502.594129792663,1,False,22.763888891320676,2500.1875831289217,2524.4375715572387,0.04392922513258602
346626038,2,2,0,2455.092954013318,2480.382785860729,2,False,48.20831018034323,2447.687606282532,2498.888972017914,0.041486623209114115
346626051,4,4,0,2451.48149919037,2518.6671478781736,3,False,70.97219907166391,2447.687606282532,2524.4375715572387,0.056360096662088986
346626130,6,5,0,2453.163608897693,2514.894773927377,3,False,70.97219907166391,2447.687606282532,2524.4375715572387,0.08454014499313348
346699497,3,3,0,3114.977089652386,3142.8325394246426,2,False,55.261562481988676,3097.6687868623994,3154.395615548361,0.05428728152552302
346893664,4,3,0,2921.7877554992583,2932.0888631068337,1,False,25.79165509995073,2910.259157210123,2936.6873863846995,0.1550889225409827
347049918,4,3,1,2914.268505981644,2930.983475700501,1,False,25.79165509995073,2910.259157210123,2936.6873863846995,0.1550889225409827
347121672,1,1,0,2921.5933399403066,2921.5933399403066,1,False,25.79165509995073,2910.259157210123,2936.6873863846995,0.03877223063524567
347126347,2,2,0,2916.4337444118105,2926.8655415128146,1,False,25.79165509995073,2910.259157210123,2936.6873863846995,0.07754446127049135
347308085,2,2,0,2861.3414377398603,2899.4705902095925,2,False,52.097199080978044,2853.349458129145,2910.048509061802,0.0383897797824269
347568056,1,1,0,2901.023702454911,2901.023702454911,1,False,27.092581023927778,2882.323983593378,2910.048509061802,0.03691047372403591
347638371,2,2,0,2912.2292648414336,2919.133398183325,1,False,25.79165509995073,2910.259157210123,2936.6873863846995,0.07754446127049135
347718143,4,4,0,1819.3383200363853,2930.7499768731177,2,False,49.854143533390015,1816.0837173955515,2936.6873863846995,0.08023405310976778
348638062,5,5,0,2454.423504448126,2522.278374079947,2,False,47.30554397962942,2447.687606282532,2524.4375715572387,0.10569585675102026
348638324,4,4,0,2463.070177061701,2522.5450561146235,3,False,70.97219907166391,2447.687606282532,2524.4375715572387,0.056360096662088986
348638386,2,2,0,2489.536355472744,2496.197939148179,1,False,23.66665509203449,2474.166761370376,2498.888972017914,0.08450708358331305
348638399,3,3,0,2463.2438098638754,2487.893164681989,2,False,48.20831018034323,2447.687606282532,2498.888972017914,0.06222993481367118
348638415,1,1,0,2504.809580969357,2504.809580969357,1,False,22.763888891320676,2500.1875831289217,2524.4375715572387,0.04392922513258602
348638431,7,6,0,2455.312501767421,2523.278413399135,3,False,70.97219907166391,2447.687606282532,2524.4375715572387,0.09863016915865572
348638527,6,6,0,2461.6617179941627,2521.6325385093014,3,False,70.97219907166391,2447.687606282532,2524.4375715572387,0.08454014499313348
348638623,1,1,0,2482.292733948304,2482.292733948304,1,False,23.66665509203449,2474.166761370376,2498.888972017914,0.042253541791656524
348638763,6,6,0,2447.9687374063155,2502.962265614944,3,False,70.97219907166391,2447.687606282532,2524.4375715572387,0.08454014499313348
348638801,4,4,0,2450.9523734414984,2469.734712743157,1,False,24.541655088308744,2447.687606282532,2473.159816926345,0.16298819234508502
348638810,3,3,0,2501.5038447819616,2513.696141758516,1,False,22.763888891320676,2500.1875831289217,2524.4375715572387,0.13178767539775807
348638812,1,1,0,2519.7644359021688,2519.7644359021688,1,False,22.763888891320676,2500.1875831289217,2524.4375715572387,0.04392922513258602
348638813,7,7,0,2448.62991861336,2519.9186071584154,3,False,70.97219907166391,2447.687606282532,2524.4375715572387,0.09863016915865572
348638859,4,4,0,2464.2411515376325,2521.339484708561,3,False,70.97219907166391,2447.687606282532,2524.4375715572387,0.056360096662088986
348638902,29,25,4,2450.214803043495,2524.0617778220803,3,False,70.97219907166391,2447.687606282532,2524.4375715572387,0.40861070080014517
348638903,3,3,0,2467.73037054742,2509.584845789865,3,False,70.97219907166391,2447.687606282532,2524.4375715572387,0.04227007249656674
348638938,2,2,0,2453.16508783822,2496.9521708913853,2,False,48.20831018034323,2447.687606282532,2498.888972017914,0.041486623209114115
348638969,2,2,0,2478.371592228352,2502.37334819435,2,False,46.430543983355165,2474.166761370376,2524.4375715572387,0.04307509299733765
348638984,1,1,0,2463.939742222957,2463.939742222957,1,False,24.541655088308744,2447.687606282532,2473.159816926345,0.040747048086271255
348639006,1,1,0,2462.438205225604,2462.438205225604,1,False,24.541655088308744,2447.687606282532,2473.159816926345,0.040747048086271255
348639093,1,1,0,2466.881686876493,2466.881686876493,1,False,24.541655088308744,2447.687606282532,2473.159816926345,0.040747048086271255
348665154,20,18,2,2478.015653140838,2520.8448960776827,2,False,46.430543983355165,2474.166761370376,2524.4375715572387,0.43075092997337655
348722861,4,4,0,2462.954712720642,2509.365284679936,3,False,70.97219907166391,2447.687606282532,2524.4375715572387,0.056360096662088986
348723421,2,2,0,2468.176019579216,2469.860895521388,1,False,24.541655088308744,2447.687606282532,2473.159816926345,0.08149409617254251
348768846,2,2,0,2482.739793351316,2490.997403569276,1,False,23.66665509203449,2474.166761370376,2498.888972017914,0.08450708358331305
348768951,2,2,0,2476.4545382341803,2497.6978873319595,1,False,23.66665509203449,2474.166761370376,2498.888972017914,0.08450708358331305
348769440,1,1,0,2508.851359374737,2508.851359374737,1,False,22.763888891320676,2500.1875831289217,2524.4375715572387,0.04392922513258602
348769589,3,3,0,2449.235319138745,2520.8588473805303,3,False,70.97219907166391,2447.687606282532,2524.4375715572387,0.04227007249656674
348839142,14,14,0,2974.647441066959,3143.6729826966703,6,False,158.2684606369594,2962.7938563008797,3154.395615548361,0.08845729555753747
348839788,39,38,1,1341.473951629122,2387.3027337844856,20,False,501.874791668263,1325.3130924007855,2389.715407225769,0.07770862503446642
348867108,3,3,0,2483.759073431638,2505.800992977041,2,False,46.430543983355165,2474.166761370376,2524.4375715572387,0.06461263949600649
349003587,2,2,0,2484.273838517016,2517.383277900376,2,False,46.430543983355165,2474.166761370376,2524.4375715572387,0.04307509299733765
349055504,45,44,0,1444.0178667016098,3120.527785019519,19,False,475.0993171017619,1437.97971276287,3126.4257197240368,0.09471703784908074
349072683,13,12,1,2477.207320667464,2518.024619497516,2,False,46.430543983355165,2474.166761370376,2524.4375715572387,0.27998810448269473
349195685,12,10,0,1431.5506915668043,3052.999837432269,12,False,291.9257870484132,1410.917224333156,3068.029921127949,0.041106337748812546
349448154,3,3,0,2482.6963207525787,2916.403328306925,2,False,49.45831019198522,2474.166761370376,2936.6873863846995,0.060657147168084076
349583705,2,1,0,2490.188239067032,2501.503026002411,2,False,46.430543983355165,2474.166761370376,2524.4375715572387,0.04307509299733765
349689239,3,3,0,2502.653102581357,2519.031901577448,1,False,22.763888891320676,2500.1875831289217,2524.4375715572387,0.13178767539775807
349920992,1,1,0,2990.309124068572,2990.309124068572,1,False,25.08563657850027,2988.435048438143,3014.152629461605,0.03986344922404932
350092591,1,1,0,2044.739269517332,2044.739269517332,1,False,23.333321752027132,2036.2780692591327,2060.6391687882133,0.04285716412894031
350092592,1,1,0,2044.7392695495787,2044.7392695495787,1,False,23.333321752027132,2036.2780692591327,2060.6391687882133,0.04285716412894031
350559457,17,17,0,1414.7575116857165,2348.997083163975,11,False,256.80542826373176,1410.917224333156,2360.5487521416508,0.06619797764765896
350712873,50,50,0,1459.303330525475,3131.1206442222733,23,False,571.8562268447131,1437.97971276287,3154.395615548361,0.08743456423633111
352162554,1,1,0,1633.5553354984263,1633.5553354984263,1,False,26.854155085049797,1624.958798439242,1652.875453523826,0.0372381851833692
352901324,2,2,0,2886.388910890227,2891.500164692098,1,False,27.092581023927778,2882.323983593378,2910.048509061802,0.07382094744807181
353202794,3,3,0,2912.7434796773764,2931.2973691065336,1,False,25.79165509995073,2910.259157210123,2936.6873863846995,0.11631669190573701
353502339,3,3,0,2722.7988308531862,2739.83796925272,1,False,23.291655086446553,2718.631935013924,2743.0763678778894,0.128801495164923
353764061,1,1,0,2936.214066050333,2936.214066050333,1,False,25.79165509995073,2910.259157210123,2936.6873863846995,0.03877223063524567
353846256,1,1,0,2926.9795835218733,2926.9795835218733,1,False,25.79165509995073,2910.259157210123,2936.6873863846995,0.03877223063524567
353902766,1,1,0,2916.150432404135,2916.150432404135,1,False,25.79165509995073,2910.259157210123,2936.6873863846995,0.03877223063524567
353927315,3,3,0,2461.4256993785734,2500.539959761669,2,False,47.30554397962942,2447.687606282532,2524.4375715572387,0.06341751405061216
353927317,3,2,0,2477.5771661007,2518.93805876674,2,False,46.430543983355165,2474.166761370376,2524.4375715572387,0.06461263949600649
353927374,4,4,0,2474.972763910596,2518.908888938984,2,False,46.430543983355165,2474.166761370376,2524.4375715572387,0.0861501859946753
353927610,1,1,0,2478.318887741466,2478.318887741466,1,False,23.66665509203449,2474.166761370376,2498.888972017914,0.042253541791656524
353927750,1,1,0,2495.9396628232616,2495.9396628232616,1,False,23.66665509203449,2474.166761370376,2498.888972017914,0.042253541791656524
353927867,2,2,0,2504.312386923283,2522.0464648276597,1,False,22.763888891320676,2500.1875831289217,2524.4375715572387,0.08785845026517204
353927906,1,1,0,2462.432717257088,2462.432717257088,1,False,24.541655088308744,2447.687606282532,2473.159816926345,0.040747048086271255
353927958,7,7,0,2464.4620720790485,2520.1589084392936,3,False,70.97219907166391,2447.687606282532,2524.4375715572387,0.09863016915865572
353928017,2,2,0,2503.1400913952584,2520.020014118228,1,False,22.763888891320676,2500.1875831289217,2524.4375715572387,0.08785845026517204
353928189,4,4,0,2451.9136397534426,2482.20528249949,2,False,48.20831018034323,2447.687606282532,2498.888972017914,0.08297324641822823
353929099,10,8,1,2450.3981688619906,2899.05757256482,4,False,98.06478009559169,2447.687606282532,2910.048509061802,0.10197340972214683
354571603,26,25,1,1439.2533498799523,2219.704401654443,3,False,69.87496529985242,1437.97971276287,2227.5696549103595,0.37209320803848633
354571604,24,23,1,1439.2533499679623,2219.704401659798,3,False,69.87496529985242,1437.97971276287,2227.5696549103595,0.3434706535739874
354795507,1,1,0,2926.720598023763,2926.720598023763,1,False,25.79165509995073,2910.259157210123,2936.6873863846995,0.03877223063524567
354795829,1,1,0,2923.0234577499923,2923.0234577499923,1,False,25.79165509995073,2910.259157210123,2936.6873863846995,0.03877223063524567
354795914,2,2,0,2920.047133167304,2920.1554645469632,1,False,25.79165509995073,2910.259157210123,2936.6873863846995,0.07754446127049135
354931043,6,5,1,1518.69416352468,2981.543537778698,3,False,69.19440974201984,1517.354678065516,2988.2244002898224,0.08671220727758253
355078068,1,1,0,2955.566370602852,2955.566370602852,1,False,20.006932877935924,2936.89803453302,2962.5832081525587,0.0499826738111778
355279206,5,5,0,2970.625979956461,3008.678454156088,2,False,49.88423612248107,2962.7938563008797,3014.152629461605,0.10023206505003844
355353917,1,1,0,2971.382684888541,2971.382684888541,1,False,24.7985995439808,2962.7938563008797,2988.2244002898224,0.040324857789911905
355359657,1,1,0,3005.960618709575,3005.960618709575,1,False,25.08563657850027,2988.435048438143,3014.152629461605,0.03986344922404932
355373774,14,13,1,1519.0926203828585,3058.125732975688,5,False,117.9258680683547,1517.354678065516,3068.029921127949,0.11871865121132728
355794672,19,18,1,1547.6166775148731,2327.533050493426,6,False,146.8471527816721,1543.2296664975584,2332.576553073246,0.12938623350940026
355824252,17,17,0,1795.4540381769782,2926.923087766518,3,False,72.91663196450122,1790.6670622974634,2936.6873863846995,0.23314296809918883
356460403,29,27,1,1545.879361185847,3052.566250486592,7,False,172.21982639934754,1543.2296664975584,3068.029921127949,0.1683894392783447
356814191,19,18,0,1607.6670673846877,3121.187434249286,4,False,108.85412034252658,1596.7713100183755,3126.4257197240368,0.17454552882530783
356883380,1,1,0,2484.4551977279857,2484.4551977279857,1,False,23.66665509203449,2474.166761370376,2498.888972017914,0.042253541791656524
356900912,59,56,2,1603.038137644911,3115.709724110535,6,False,160.87493051588558,1596.7713100183755,3126.4257197240368,0.36674452514634687
357019659,34,33,0,1631.213377649653,2388.9947263947765,3,False,79.52079859050014,1624.958798439242,2389.715407225769,0.42756109851318536
357023705,71,67,4,1547.7625405577876,3061.195335291989,8,False,200.5670370385044,1543.2296664975584,3068.029921127949,0.35399635477673025
357105141,32,32,0,1602.0395396534348,3121.6763222264426,4,False,108.20828701043524,1596.7713100183755,3126.4257197240368,0.2957259641021212
357105301,23,23,0,1606.1715536223153,2383.8226160329205,4,False,105.52078701183223,1596.7713100183755,2389.715407225769,0.21796653201061675
357207000,2,2,0,3071.5387917596017,3118.016715623174,2,False,55.354143504053354,3068.7336248317733,3126.4257197240368,0.036130989902382796
357311864,3,3,0,3078.182199823756,3093.9378160746314,1,False,27.219895827584423,3068.7336248317733,3096.58777991822,0.11021350041170341
357314434,1,1,0,3105.379367817626,3105.379367817626,1,False,28.13424767646893,3097.6687868623994,3126.4257197240368,0.03554386850857168
357567470,13,12,1,1617.482910032246,3120.141754318785,4,False,108.20828701043524,1596.7713100183755,3126.4257197240368,0.12013867291648674
357709302,3,3,0,2387.426866775625,3111.7808157896457,2,False,55.07173609454139,2361.770974363666,3126.4257197240368,0.054474403981924845
357779388,2,2,0,3080.026620942441,3121.043163930368,2,False,55.354143504053354,3068.7336248317733,3126.4257197240368,0.036130989902382796
357950905,4,4,0,2011.2445300472968,2025.5406678762145,1,True,11.916655088774633,2010.2711363970304,2022.187791485805,0.33566466178650745
359110060,1,1,0,1620.441285922118,1620.441285922118,1,False,25.99998842133209,1596.7713100183755,1623.875465106219,0.03846155558975305
359137193,58,52,6,1601.8021434650889,3121.3291030303094,6,False,160.87493051588558,1596.7713100183755,3126.4257197240368,0.3605285162455613
359299728,7,7,0,2335.74678148471,3066.090915918377,2,False,52.01618054788514,2333.854319276754,3068.029921127949,0.13457351013221605
359357695,4,4,0,2336.509039830224,3058.6919290883334,3,False,78.9536689659576,2333.854319276754,3068.029921127949,0.050662623439636185
359627920,3,3,0,1579.873878308088,3047.26783826006,3,False,77.51616897387385,1569.4379882598296,3068.029921127949,0.038701603029570826
359641042,36,32,3,1603.34523536748,2383.4643613459907,3,False,78.66663192678243,1596.7713100183755,2389.715407225769,0.45762732073627305
359690566,15,15,0,1608.1071605137151,3067.6260085824065,2,False,52.28701388183936,1596.7713100183755,3068.029921127949,0.2868781153557115
359740883,64,56,7,1547.943423509411,3062.003909540531,6,False,148.9351157462213,1543.2296664975584,3068.029921127949,0.42971732810852414
359766629,4,4,0,2342.2925544893283,2382.989410760309,2,False,52.66664350545034,2333.854319276754,2389.715407225769,0.07594940048887015
359766954,43,39,3,1605.5941753344312,3095.6838464085345,6,False,159.02770829992392,1596.7713100183755,3096.58777991822,0.2703931312328455
359767082,49,49,0,1602.0121737562606,3089.713069572885,4,False,106.36106479447358,1596.7713100183755,3096.58777991822,0.460694898971583
359767456,35,33,1,1606.9538969676194,3094.974123421276,6,False,159.02770829992392,1596.7713100183755,3096.58777991822,0.22008743239882772
359830202,3,3,0,1601.5033575478703,1623.2477143687363,1,False,25.99998842133209,1596.7713100183755,1623.875465106219,0.11538466676925917
359834490,3,3,0,2349.6960025027324,2356.694494791772,1,False,25.729155087377876,2333.854319276754,2360.5487521416508,0.11659924275833411
360156606,1,1,0,3069.420113701554,3069.420113701554,1,False,27.219895827584423,3068.7336248317733,3096.58777991822,0.036737833470567804
360205899,4,4,0,1545.7653546523954,3058.159508784264,3,False,76.23144676117204,1543.2296664975584,3068.029921127949,0.05247178388902587
360261300,9,9,0,1606.7235131253626,3085.629893258854,4,False,106.36106479447358,1596.7713100183755,3096.58777991822,0.08461743042335199
360339486,3,3,0,1609.538512756235,1637.0969276230644,2,False,52.85414350638189,1596.7713100183755,1652.875453523826,0.05675997757182016
360631514,12,11,1,1607.820591501187,2372.259156870752,4,False,105.52078701183223,1596.7713100183755,2389.715407225769,0.11372166887510439
360709162,32,30,0,1554.6515757703455,3066.6316544479114,8,False,201.48138888133622,1543.2296664975584,3068.029921127949,0.1588236024065062
360779428,72,69,2,1546.2572321073872,3067.8663890874523,5,False,123.84947916772103,1543.2296664975584,3068.029921127949,0.5813508501113294
361225005,4,3,1,3020.534548269318,3063.488717304576,2,False,52.189791665412486,3014.3632776099257,3068.029921127949,0.07664334101281539
361289085,7,7,0,1628.995672666073,3113.3212024443887,4,False,109.14578700717561,1624.958798439242,3126.4257197240368,0.06413440401084648
361600252,1,1,0,2382.506263059864,2382.506263059864,1,False,26.937488418072462,2361.770974363666,2389.715407225769,0.03712298579882066
361695358,4,4,0,3015.0608682238817,3039.3236042188346,1,False,25.90276620490522,3014.3632776099257,3040.8979882597923,0.15442366148687695
361815724,4,4,0,3083.2019894648465,3115.67119275717,2,False,55.354143504053354,3068.7336248317733,3126.4257197240368,0.07226197980476559
361958490,4,4,0,3071.121273130938,3102.301945155062,2,False,55.354143504053354,3068.7336248317733,3126.4257197240368,0.07226197980476559
362413145,24,23,1,1552.1225893897058,2330.3724812423343,4,False,98.33328703651136,1543.2296664975584,2332.576553073246,0.2440679115210371
363622300,6,4,2,3043.824561019884,3063.194261355466,1,False,26.287025460507266,3041.108636408113,3068.029921127949,0.22824948410439957
363622794,5,4,1,1602.9046061607562,3063.787336297002,2,False,52.28701388183936,1596.7713100183755,3068.029921127949,0.09562603845190383
363656704,1,1,0,3060.498443161541,3060.498443161541,1,False,26.287025460507266,3041.108636408113,3068.029921127949,0.038041580684066593
363773536,5,3,2,1620.9348975987748,3057.7136549540032,2,False,52.28701388183936,1596.7713100183755,3068.029921127949,0.09562603845190383
363782810,17,15,0,1657.44925403272,3111.7958590436992,2,False,55.63423609361007,1653.9171201903373,3126.4257197240368,0.30556724049191275
364052908,1,1,0,1525.0189121173414,1525.0189121173414,1,False,20.166655097622197,1517.354678065516,1542.0004998305812,0.049586805306047387
364200072,5,5,0,1632.1858928903807,1652.2021940391437,1,False,26.854155085049797,1624.958798439242,1652.875453523826,0.186190925916846
365073057,7,7,0,2464.5608081415594,2497.7231138915404,2,False,48.20831018034323,2447.687606282532,2498.888972017914,0.1452031812318994
365332374,1,1,0,2494.673647620314,2494.673647620314,1,False,23.66665509203449,2474.166761370376,2498.888972017914,0.042253541791656524
365544575,1,1,0,1780.639745711313,1780.639745711313,1,False,23.541655094828457,1764.687907202635,1789.6878956304863,0.04247789698608218
366577296,2,2,0,2232.987048455808,2246.7662750547647,1,False,24.229155100416847,2228.750210466329,2254.062698900234,0.0825451812789622
366728479,2,2,0,2437.320359738157,2797.696516078421,2,False,51.72914350498468,2419.9862289754674,2824.2638215580955,0.03866292508414097
367537706,1,1,0,1823.7592444481195,1823.7592444481195,1,False,24.062488433439285,1816.0837173955515,1841.1462058294564,0.04155846153510519
367770314,4,4,0,2914.5824012004828,2929.7739028610185,1,False,25.79165509995073,2910.259157210123,2936.6873863846995,0.1550889225409827
369743686,2,2,0,2353.007116069462,2355.004315411277,1,False,25.729155087377876,2333.854319276754,2360.5487521416508,0.07773282850555607
369862028,5,5,0,1630.8935665337003,3136.6594632944225,4,False,106.64811339601988,1624.958798439242,3154.395615548361,0.04688315471116998
371122327,7,7,0,1604.698294922608,2359.8731156262897,2,False,51.72914350870997,1596.7713100183755,2360.5487521416508,0.13532023778474828
372228993,13,13,0,3024.2802667680776,3093.8425842427564,3,False,79.40968749299691,3014.3632776099257,3096.58777991822,0.16370798589462351
372515585,11,10,1,1576.4933115626095,2354.888978039749,4,False,101.95828702254244,1569.4379882598296,2360.5487521416508,0.1078872578309202
372515598,51,48,1,1574.2224342625143,3092.201063444593,5,False,131.59021988650807,1569.4379882598296,3096.58777991822,0.3875667967116835
372810731,6,5,1,1576.6630603606957,3069.9777699980973,3,False,78.449039340951,1569.4379882598296,3096.58777991822,0.07648277213342437
374648559,11,8,3,1631.7830946984009,3091.3449957692023,2,False,54.07405091263422,1624.958798439242,3096.58777991822,0.20342474466676005
374811843,3,3,0,1636.7455758293272,1649.0523263973214,1,False,26.854155085049797,1624.958798439242,1652.875453523826,0.1117145555501076
374823554,3,3,0,1629.4204772861883,1646.435644671899,1,False,26.854155085049797,1624.958798439242,1652.875453523826,0.1117145555501076
375179245,3,3,0,3028.6836515741315,3100.244997013194,3,False,80.32403934188142,3014.3632776099257,3126.4257197240368,0.03734871931964436
376008569,3,3,0,2318.62109012068,2330.890570111004,1,False,24.145821758080274,2307.2362868711352,2332.576553073246,0.12424509838833982
376175834,1,1,0,1684.0427881127398,1684.0427881127398,1,False,25.854155085049342,1683.3546086065471,1710.187930358108,0.038678502419066445
378094374,3,3,0,1650.5303521235242,1652.4733939361686,1,False,26.854155085049797,1624.958798439242,1652.875453523826,0.1117145555501076
378117290,1,1,0,2325.61309582508,2325.61309582508,1,False,24.145821758080274,2307.2362868711352,2332.576553073246,0.04141503279611327
378126824,44,42,2,1574.1078516084228,3066.24330229994,6,False,151.7105786981988,1569.4379882598296,3068.029921127949,0.2900259189408945
378413560,30,29,1,1572.5926121726372,3065.423895883118,4,False,103.41893517877907,1569.4379882598296,3068.029921127949,0.29008227505088274
378804584,3,3,0,1577.4139883080504,2352.904063257001,3,False,75.10413193749264,1569.4379882598296,2360.5487521416508,0.03994453996881061
379593781,3,3,0,1602.8386413639564,1617.7720203172453,1,False,25.99998842133209,1596.7713100183755,1623.875465106219,0.11538466676925917
379769581,16,11,4,1608.7211302309584,3091.766031509426,3,False,79.50690970942378,1596.7713100183755,3096.58777991822,0.20124037091210897
379953991,2,2,0,2990.666246527373,3006.443826085217,1,False,25.08563657850027,2988.435048438143,3014.152629461605,0.07972689844809865
380679651,7,6,0,1575.4264264341466,1623.3293937884582,2,False,51.22914351336658,1569.4379882598296,1623.875465106219,0.13664097269503594
381377851,2,2,0,2340.339002881642,2344.515359387638,1,False,25.729155087377876,2333.854319276754,2360.5487521416508,0.07773282850555607
381838186,20,20,0,1601.85160797279,3094.0076667691387,3,False,79.50690970942378,1596.7713100183755,3096.58777991822,0.2515504636401362
381849249,1,1,0,2898.825307651669,2898.825307651669,1,False,27.092581023927778,2882.323983593378,2910.048509061802,0.03691047372403591
381949410,261,252,7,1412.273044970341,3146.650153660669,29,False,719.4718981524943,1410.917224333156,3154.395615548361,0.36276607977352887
382043650,99,93,4,1402.5813944280685,3145.9622062017806,18,False,450.3099884260457,1381.7089025736786,3154.395615548361,0.21984855442809867
382407397,25,25,0,2313.633075526845,3096.077098505573,4,False,103.38189813354984,2307.2362868711352,3096.58777991822,0.2418218319778259
382407573,1,1,0,1618.7321918595062,1618.7321918595062,1,False,25.99998842133209,1596.7713100183755,1623.875465106219,0.03846155558975305
382619547,6,6,0,1607.6337765219216,2344.8973070696698,3,False,75.87496526679024,1596.7713100183755,2360.5487521416508,0.07907746618272449
382624902,187,182,3,1327.081099714725,2359.2666535136814,19,False,464.77758102351913,1325.3130924007855,2360.5487521416508,0.40234298648440453
383632304,1,1,0,2358.49071344532,2358.49071344532,1,False,25.729155087377876,2333.854319276754,2360.5487521416508,0.038866414252778037
383664368,27,26,1,1520.6363434420705,3040.072154831328,7,False,166.91658566286742,1517.354678065516,3040.8979882597923,0.16175744245412318
383952870,17,16,0,2264.045763555367,3066.448009965568,6,False,148.85178241645872,2254.9863100117072,3068.029921127949,0.11420756758180606
384064144,7,7,0,3072.6115613576785,3122.082817618484,2,False,55.354143504053354,3068.7336248317733,3126.4257197240368,0.1264584646583398
384152961,2,2,0,3098.646673971581,3118.018901902124,1,False,28.13424767646893,3097.6687868623994,3126.4257197240368,0.07108773701714335
384294724,1,1,0,3113.1979182789505,3113.1979182789505,1,False,28.13424767646893,3097.6687868623994,3126.4257197240368,0.03554386850857168
384604627,3,3,0,3106.138343658074,3122.243873728337,1,False,28.13424767646893,3097.6687868623994,3126.4257197240368,0.10663160552571505
384800468,1,1,0,3113.555074794744,3113.555074794744,1,False,28.13424767646893,3097.6687868623994,3126.4257197240368,0.03554386850857168
384821509,1,1,0,3098.8547605908725,3098.8547605908725,1,False,28.13424767646893,3097.6687868623994,3126.4257197240368,0.03554386850857168
384830195,7,7,0,2886.3672854437336,2934.203262875502,2,False,52.88423612387851,2882.323983593378,2936.6873863846995,0.13236458561305248
384950919,35,32,1,1544.6143464558322,3066.478651876644,7,False,172.21982639934754,1543.2296664975584,3068.029921127949,0.20322863361179533
384984325,1,1,0,1796.2159411653831,1796.2159411653831,1,False,23.062488431111206,1790.6670622974634,1815.0212173955515,0.04336045535532948
384985967,4,4,0,2884.8221575146467,2902.3919106159337,1,False,27.092581023927778,2882.323983593378,2910.048509061802,0.14764189489614363
385012516,18,18,0,1565.9744096755308,3035.515379807192,7,False,171.8355671437455,1543.2296664975584,3040.8979882597923,0.10475130556028876
385040964,2,2,0,2884.877460658587,2885.79832451408,1,False,27.092581023927778,2882.323983593378,2910.048509061802,0.07382094744807181
385041419,1,1,0,2891.469320605217,2891.469320605217,1,False,27.092581023927778,2882.323983593378,2910.048509061802,0.03691047372403591
385245910,3,3,0,2885.4413777662985,2904.0222751251345,1,False,27.092581023927778,2882.323983593378,2910.048509061802,0.11073142117210771
385258947,1,1,0,2891.99243534327,2891.99243534327,1,False,27.092581023927778,2882.323983593378,2910.048509061802,0.03691047372403591
385344085,4,3,1,2883.6727703189445,2935.6796246237577,2,False,52.88423612387851,2882.323983593378,2936.6873863846995,0.07563690606460143
385345787,9,9,0,2883.044913378627,2931.2075301215,2,False,52.88423612387851,2882.323983593378,2936.6873863846995,0.1701830386453532
385408979,2,2,0,2885.879707017892,2922.411895376523,2,False,52.88423612387851,2882.323983593378,2936.6873863846995,0.03781845303230071
385506258,2,2,0,2476.5546295567738,2896.590829510113,2,False,50.75923611596227,2474.166761370376,2910.048509061802,0.039401696184530634
385508264,4,4,0,2449.0757555956798,2507.6333257310234,3,False,70.97219907166391,2447.687606282532,2524.4375715572387,0.056360096662088986
385508618,7,7,0,2451.6496390564166,2509.9820648357627,3,False,70.97219907166391,2447.687606282532,2524.4375715572387,0.09863016915865572
385508622,2,2,0,2455.015233635509,2521.7880919077907,2,False,47.30554397962942,2447.687606282532,2524.4375715572387,0.0422783427004081
385508704,1,1,0,2519.421355036423,2519.421355036423,1,False,22.763888891320676,2500.1875831289217,2524.4375715572387,0.04392922513258602
385508852,6,6,0,2466.7302472816514,2522.299222298273,3,False,70.97219907166391,2447.687606282532,2524.4375715572387,0.08454014499313348
385508854,7,7,0,2466.73024754929,2522.2978334607533,3,False,70.97219907166391,2447.687606282532,2524.4375715572387,0.09863016915865572
385508943,2,2,0,2468.1956721377182,2476.140822892284,2,False,48.20831018034323,2447.687606282532,2498.888972017914,0.041486623209114115
385509004,1,1,0,2491.397612576072,2491.397612576072,1,False,23.66665509203449,2474.166761370376,2498.888972017914,0.042253541791656524
385509057,1,1,0,2489.273841215877,2489.273841215877,1,False,23.66665509203449,2474.166761370376,2498.888972017914,0.042253541791656524
385509109,1,1,0,2465.1634469767355,2465.1634469767355,1,False,24.541655088308744,2447.687606282532,2473.159816926345,0.040747048086271255
385509159,2,2,0,2487.5917639988074,2505.599914095026,2,False,46.430543983355165,2474.166761370376,2524.4375715572387,0.04307509299733765
385509305,2,2,0,2451.8010706415685,2478.7952390762903,2,False,48.20831018034323,2447.687606282532,2498.888972017914,0.041486623209114115
385509405,2,2,0,2453.312333297834,2495.70904388624,2,False,48.20831018034323,2447.687606282532,2498.888972017914,0.041486623209114115
385509435,1,1,0,2498.1383635913708,2498.1383635913708,1,False,23.66665509203449,2474.166761370376,2498.888972017914,0.042253541791656524
385552109,2,2,0,2497.3508043260763,2514.8475848112093,2,False,46.430543983355165,2474.166761370376,2524.4375715572387,0.04307509299733765
385552163,5,5,0,2455.6333662131806,2517.783812005722,3,False,70.97219907166391,2447.687606282532,2524.4375715572387,0.07045012082761123
385552187,6,6,0,2463.356339340178,2522.8659172457337,3,False,70.97219907166391,2447.687606282532,2524.4375715572387,0.08454014499313348
385552195,1,1,0,2455.655590833036,2455.655590833036,1,False,24.541655088308744,2447.687606282532,2473.159816926345,0.040747048086271255
385552242,2,2,0,2465.2731765955973,2521.3255932437028,2,False,47.30554397962942,2447.687606282532,2524.4375715572387,0.0422783427004081
385552281,1,1,0,2504.633193146841,2504.633193146841,1,False,22.763888891320676,2500.1875831289217,2524.4375715572387,0.04392922513258602
385552287,2,2,0,2497.79943835572,2515.507331202366,2,False,46.430543983355165,2474.166761370376,2524.4375715572387,0.04307509299733765
385552305,2,2,0,2475.539381292707,2497.202179360951,1,False,23.66665509203449,2474.166761370376,2498.888972017914,0.08450708358331305
385552421,5,3,1,2468.330404339128,2504.849869815373,3,False,70.97219907166391,2447.687606282532,2524.4375715572387,0.07045012082761123
385552440,6,6,0,2493.160239826785,2524.297889779523,2,False,46.430543983355165,2474.166761370376,2524.4375715572387,0.12922527899201297
385552466,1,1,0,2516.121239170232,2516.121239170232,1,False,22.763888891320676,2500.1875831289217,2524.4375715572387,0.04392922513258602
385552485,1,1,0,2455.5194559734987,2455.5194559734987,1,False,24.541655088308744,2447.687606282532,2473.159816926345,0.040747048086271255
385552720,2,2,0,2464.9925754681467,2497.835533285941,2,False,48.20831018034323,2447.687606282532,2498.888972017914,0.041486623209114115
385552744,2,2,0,2456.154234814744,2521.726983706062,2,False,47.30554397962942,2447.687606282532,2524.4375715572387,0.0422783427004081
385552801,3,3,0,2455.4458238178463,2492.6601840743333,2,False,48.20831018034323,2447.687606282532,2498.888972017914,0.06222993481367118
385552820,8,8,0,2462.465947374796,2520.6394492040736,3,False,70.97219907166391,2447.687606282532,2524.4375715572387,0.11272019332417797
385553257,4,4,0,2475.2365290111293,2494.8492059076834,1,False,23.66665509203449,2474.166761370376,2498.888972017914,0.1690141671666261
385553288,1,1,0,2453.033079336581,2453.033079336581,1,False,24.541655088308744,2447.687606282532,2473.159816926345,0.040747048086271255
385558153,4,4,0,2451.663494467723,2522.3367062848783,3,False,70.97219907166391,2447.687606282532,2524.4375715572387,0.056360096662088986
385558399,9,8,1,2481.688482726512,2504.9067907230046,2,False,46.430543983355165,2474.166761370376,2524.4375715572387,0.19383791848801946
385558563,6,6,0,2453.070590434492,2523.37285530181,3,False,70.97219907166391,2447.687606282532,2524.4375715572387,0.08454014499313348
385558575,2,2,0,2482.5163377726094,2503.1566969002088,2,False,46.430543983355165,2474.166761370376,2524.4375715572387,0.04307509299733765
385589317,9,9,0,2450.7495379976176,2522.98812960818,2,False,47.30554397962942,2447.687606282532,2524.4375715572387,0.19025254215183646
385589319,13,13,0,2450.749537606113,2522.98674059464,3,False,70.97219907166391,2447.687606282532,2524.4375715572387,0.1831703141517892
385589386,2,2,0,2469.3499246558736,2491.4656599294917,2,False,48.20831018034323,2447.687606282532,2498.888972017914,0.041486623209114115
385589435,2,1,1,2504.0789871246907,2504.085931972595,1,False,22.763888891320676,2500.1875831289217,2524.4375715572387,0.08785845026517204
385589524,3,3,0,2454.013753660382,2496.225718121632,2,False,48.20831018034323,2447.687606282532,2498.888972017914,0.06222993481367118
385589578,5,5,0,2450.2786733887783,2478.777160123398,2,False,48.20831018034323,2447.687606282532,2498.888972017914,0.1037165580227853
385589609,1,1,0,2516.15735557629,2516.15735557629,1,False,22.763888891320676,2500.1875831289217,2524.4375715572387,0.04392922513258602
385590112,4,4,0,2452.7843196382205,2523.792278634066,3,False,70.97219907166391,2447.687606282532,2524.4375715572387,0.056360096662088986
385590134,8,7,1,2453.916376964876,2523.7131107217283,3,False,70.97219907166391,2447.687606282532,2524.4375715572387,0.11272019332417797
385590587,2,2,0,2450.857726921181,2520.410222556021,2,False,47.30554397962942,2447.687606282532,2524.4375715572387,0.0422783427004081
385590965,4,4,0,2495.3671941809557,2502.427380541349,2,False,46.430543983355165,2474.166761370376,2524.4375715572387,0.0861501859946753
385591142,4,3,0,2450.98133782999,2522.2102680836942,3,False,70.97219907166391,2447.687606282532,2524.4375715572387,0.056360096662088986
385591175,3,3,0,2502.106524855718,2516.144765934553,1,False,22.763888891320676,2500.1875831289217,2524.4375715572387,0.13178767539775807
385591266,8,8,0,2448.3560715800663,2520.583823636155,3,False,70.97219907166391,2447.687606282532,2524.4375715572387,0.11272019332417797
385626253,21,20,1,1561.3133484035268,3039.933433119268,7,False,171.8355671437455,1543.2296664975584,3040.8979882597923,0.12220985648700355
386411251,46,45,1,1545.4772143800622,2331.405627353997,4,False,97.56245370721376,1543.2296664975584,2332.576553073246,0.47149285664797463
387719481,4,4,0,2487.326096420403,2504.580415598839,2,False,46.430543983355165,2474.166761370376,2524.4375715572387,0.0861501859946753
388128331,35,35,0,1488.5101847191702,3085.335281415701,17,False,421.7035069507542,1468.2713678642176,3096.58777991822,0.08299670129157176
388240837,68,62,6,1607.909378070466,3149.9130532956738,9,False,235.49990735808547,1596.7713100183755,3154.395615548361,0.28874745966079607
389085401,8,8,0,2500.47289823613,2523.553275440255,1,False,22.763888891320676,2500.1875831289217,2524.4375715572387,0.35143380106068817
389925947,1,1,0,3028.2167247197085,3028.2167247197085,1,False,25.90276620490522,3014.3632776099257,3040.8979882597923,0.038605915371719236
390229592,12,10,2,1580.560445584718,2329.9353058111974,3,False,75.37496527144685,1569.4379882598296,2332.576553073246,0.15920405345176028
390294856,2,2,0,2318.8688836181705,2349.6880429633125,2,False,49.87497684545815,2307.2362868711352,2360.5487521416508,0.04010026924317519
390366768,2,2,0,1578.0370345704291,1590.3288086260384,1,False,25.22915509203449,1569.4379882598296,1595.667143351864,0.07927336419725974
390397794,2,2,0,1605.6424579198008,2340.4810048786394,2,False,51.72914350870997,1596.7713100183755,2360.5487521416508,0.038662925081356644
390441711,12,12,0,1578.0357173753453,3043.7643048336745,4,False,101.3911573979999,1569.4379882598296,3068.029921127949,0.11835351630216935
390847186,4,4,0,3025.4875105747506,3037.1766313879634,1,False,25.90276620490522,3014.3632776099257,3040.8979882597923,0.15442366148687695
391341577,3,3,0,1587.7315957961057,1594.5594058154904,1,False,25.22915509203449,1569.4379882598296,1595.667143351864,0.11891004629588961
391745863,67,67,0,1330.05151740808,2353.2313064176656,20,False,486.7150578843439,1325.3130924007855,2360.5487521416508,0.1376575450351506
392038114,2,2,0,1628.848560796619,1650.5442078361034,1,False,26.854155085049797,1624.958798439242,1652.875453523826,0.0744763703667384
392102549,1,1,0,1631.5180206652526,1631.5180206652526,1,False,26.854155085049797,1624.958798439242,1652.875453523826,0.0372381851833692
392788625,1,1,0,1618.416443223292,1618.416443223292,1,False,25.99998842133209,1596.7713100183755,1623.875465106219,0.03846155558975305
392838495,29,25,2,1601.5287807726384,3089.678069682969,2,False,53.219884248916514,1596.7713100183755,3096.58777991822,0.5449091145024503
393490554,166,161,3,1359.6090408367131,3121.154078379648,19,False,478.6988657424224,1354.1047474853694,3126.4257197240368,0.3467733305416291
393794445,21,21,0,1440.855062274569,2197.602234890695,3,False,70.60413196543254,1437.97971276287,2200.2293886975385,0.29743301723872906
394136141,40,40,0,1329.9513044489204,3148.533777462544,4,False,101.22451385902377,1325.3130924007855,3154.395615548361,0.3951611963847842
394238292,7,7,0,3044.525502268681,3117.439879800539,3,False,81.64116896456062,3041.108636408113,3126.4257197240368,0.08574105550887702
394241607,73,69,3,1605.0835873642582,3121.6341630973825,7,False,187.16195597639285,1596.7713100183755,3126.4257197240368,0.39003653076380357
394334524,1,1,0,3120.557858254291,3120.557858254291,1,False,28.13424767646893,3097.6687868623994,3126.4257197240368,0.03554386850857168
394351304,1,1,0,3115.9203620084068,3115.9203620084068,1,False,28.13424767646893,3097.6687868623994,3126.4257197240368,0.03554386850857168
394459715,1,1,0,3147.335535150457,3147.335535150457,1,False,27.127314805519745,3126.6363678723574,3154.395615548361,0.03686321359740789
394489435,1,1,0,3043.126901226997,3043.126901226997,1,False,26.287025460507266,3041.108636408113,3068.029921127949,0.038041580684066593
394588883,4,4,0,3044.5187162562,3091.101264387815,2,False,53.50692128809169,3041.108636408113,3096.58777991822,0.07475668387764679
394661575,8,7,1,3072.402543289437,3118.562221808274,2,False,55.354143504053354,3068.7336248317733,3126.4257197240368,0.14452395960953118
394704031,1,1,0,3101.8123868065927,3101.8123868065927,1,False,28.13424767646893,3097.6687868623994,3126.4257197240368,0.03554386850857168
396731889,85,80,4,1386.5665243175072,3118.5079568997185,9,False,229.7730439817533,1381.7089025736786,3126.4257197240368,0.36993025172591615
396830232,1,1,0,2940.030986226398,2940.030986226398,1,False,20.006932877935924,2936.89803453302,2962.5832081525587,0.0499826738111778
396969225,19,19,0,1658.4591516833232,2381.231066213404,2,False,54.4374768352136,1653.9171201903373,2389.715407225769,0.3490242587384138
397265144,1,1,0,1585.2118035739345,1585.2118035739345,1,False,25.22915509203449,1569.4379882598296,1595.667143351864,0.03963668209862987
397353968,3,3,0,2480.7248463879955,2508.9424357640864,2,False,46.430543983355165,2474.166761370376,2524.4375715572387,0.06461263949600649
397791443,3,3,0,2331.7270274054613,2347.8407687097847,2,False,49.87497684545815,2307.2362868711352,2360.5487521416508,0.06015040386476278
398085117,26,22,3,1577.1575303113425,3082.893142007684,5,False,130.46521988883615,1569.4379882598296,3096.58777991822,0.19928682925728017
399020708,9,8,1,1603.291636639706,3063.2535240573093,2,False,52.28701388183936,1596.7713100183755,3068.029921127949,0.1721268692134269
399198780,2,1,0,2886.6090808047907,2898.895151510065,1,False,27.092581023927778,2882.323983593378,2910.048509061802,0.07382094744807181
399367577,4,4,0,1576.428662258353,1621.1467331383133,2,False,51.22914351336658,1569.4379882598296,1623.875465106219,0.07808055582573482
399853374,19,19,0,1573.3589407185998,2358.618525890589,4,False,101.10412035882473,1569.4379882598296,2360.5487521416508,0.18792508092220014
400320132,12,12,0,1592.1580259497894,2358.889416426743,4,False,101.10412035882473,1569.4379882598296,2360.5487521416508,0.11868952479296851
400598180,44,41,2,1520.571613459863,3037.751555517791,6,False,142.62724539125293,1517.354678065516,3040.8979882597923,0.3084964578773141
400913139,3,3,0,1576.347980185083,1593.6786746076848,1,False,25.22915509203449,1569.4379882598296,1595.667143351864,0.11891004629588961
401049758,1,1,0,1571.4294628747114,1571.4294628747114,1,False,25.22915509203449,1569.4379882598296,1595.667143351864,0.03963668209862987
401228262,24,20,2,1573.9091722286348,3067.1116360028936,3,False,77.51616897387385,1569.4379882598296,3068.029921127949,0.3096128242365666
401297312,18,17,1,2990.6167251360807,3038.2070297744262,2,False,50.98840278340549,2988.435048438143,3040.8979882597923,0.3530214522793057
401299019,3,3,0,1566.5703371885295,2291.975621824882,3,False,71.47218751022524,1543.2296664975584,2305.9862868711352,0.0419743693946796
401369627,2,2,0,2450.7684530881493,2469.4355981467284,1,False,24.541655088308744,2447.687606282532,2473.159816926345,0.08149409617254251
401440453,3,2,1,3050.7828217665515,3051.063383154619,1,False,26.287025460507266,3041.108636408113,3068.029921127949,0.11412474205219979
402751779,2,2,0,3085.521840663815,3114.4273652057423,2,False,55.354143504053354,3068.7336248317733,3126.4257197240368,0.036130989902382796
404012623,20,20,0,1572.6538809419212,2331.985844306386,2,False,49.37497685011476,1569.4379882598296,2332.576553073246,0.4050634810566704
404280088,4,4,0,3044.007394303058,3067.227101976832,1,False,26.287025460507266,3041.108636408113,3068.029921127949,0.15216632273626637
404467056,1,1,0,2120.715843634385,2120.715843634385,1,False,26.270821759477712,2115.882201184518,2143.222467388492,0.038065044525652514
404768019,53,51,2,1328.7613200376486,2389.1621841482643,18,False,448.860925920774,1325.3130924007855,2389.715407225769,0.11807666236769904
405040121,27,24,3,1601.8318094246704,3093.55480379114,4,False,106.36106479447358,1596.7713100183755,3096.58777991822,0.25385229127005593
405077613,20,19,1,1619.3652601457898,3149.985263657204,7,False,184.9721527267268,1596.7713100183755,3154.395615548361,0.10812438361761134
405089321,18,16,2,1603.2279219934928,2360.181680260343,3,False,75.87496526679024,1596.7713100183755,2360.5487521416508,0.23723239854817346
405237154,10,9,1,1617.7173172347905,3064.725229033818,2,False,52.28701388183936,1596.7713100183755,3068.029921127949,0.19125207690380766
405318479,4,4,0,1579.8698964619782,3057.091728771598,4,False,101.66199073195412,1569.4379882598296,3068.029921127949,0.03934607193111684
405415610,3,3,0,2455.3864251522405,2884.6184535748725,3,False,74.3981250035572,2447.687606282532,2910.048509061802,0.04032359686291235
405431212,7,7,0,2476.443952655837,2517.0130699144265,2,False,46.430543983355165,2474.166761370376,2524.4375715572387,0.1507628254906818
405443884,2,2,0,3061.99492452054,3062.993535301884,1,False,26.287025460507266,3041.108636408113,3068.029921127949,0.07608316136813319
405462686,2,2,0,2501.6262735320724,2523.94518692989,1,False,22.763888891320676,2500.1875831289217,2524.4375715572387,0.08785845026517204
405462844,3,3,0,2463.355274847422,2506.118174598573,3,False,70.97219907166391,2447.687606282532,2524.4375715572387,0.04227007249656674
405482377,2,2,0,2467.90255501818,2478.9424204376883,2,False,48.20831018034323,2447.687606282532,2498.888972017914,0.041486623209114115
405483008,6,6,0,2466.6566351739943,2522.039488247265,3,False,70.97219907166391,2447.687606282532,2524.4375715572387,0.08454014499313348
405483203,2,2,0,2496.84381860312,2517.019884843765,2,False,46.430543983355165,2474.166761370376,2524.4375715572387,0.04307509299733765
405483207,1,1,0,2482.210786599817,2482.210786599817,1,False,23.66665509203449,2474.166761370376,2498.888972017914,0.042253541791656524
405483336,3,3,0,2484.1470544519098,2516.804603721056,2,False,46.430543983355165,2474.166761370376,2524.4375715572387,0.06461263949600649
405483434,5,4,0,2483.0330814559893,2509.4806685185213,2,False,46.430543983355165,2474.166761370376,2524.4375715572387,0.10768773249334414
405483449,4,4,0,2479.259166814184,2517.0143388870056,2,False,46.430543983355165,2474.166761370376,2524.4375715572387,0.0861501859946753
405483463,7,6,1,2456.141768818501,2515.69623143391,3,False,70.97219907166391,2447.687606282532,2524.4375715572387,0.09863016915865572
405483473,6,6,0,2454.629122403119,2500.741295928989,3,False,70.97219907166391,2447.687606282532,2524.4375715572387,0.08454014499313348
405483551,4,4,0,2477.796545270673,2509.4931750844216,2,False,46.430543983355165,2474.166761370376,2524.4375715572387,0.0861501859946753
405483684,1,1,0,2453.5401337329818,2453.5401337329818,1,False,24.541655088308744,2447.687606282532,2473.159816926345,0.040747048086271255
405483746,16,16,0,2451.323256012403,2522.1797906134498,3,False,70.97219907166391,2447.687606282532,2524.4375715572387,0.22544038664835594
405483758,5,5,0,2453.849897690408,2520.0144526339936,3,False,70.97219907166391,2447.687606282532,2524.4375715572387,0.07045012082761123
405483878,2,2,0,2466.298306661283,2496.9480177880105,2,False,48.20831018034323,2447.687606282532,2498.888972017914,0.041486623209114115
405483894,1,1,0,2519.51027264164,2519.51027264164,1,False,22.763888891320676,2500.1875831289217,2524.4375715572387,0.04392922513258602
405483900,2,2,0,2500.69130912646,2514.085062331373,1,False,22.763888891320676,2500.1875831289217,2524.4375715572387,0.08785845026517204
405483908,7,6,1,2467.278956684931,2522.996482681413,2,False,47.30554397962942,2447.687606282532,2524.4375715572387,0.14797419945142837
405484037,7,7,0,2455.5459004249547,2524.1492908681253,3,False,70.97219907166391,2447.687606282532,2524.4375715572387,0.09863016915865572
405484110,1,1,0,2481.67738653846,2481.67738653846,1,False,23.66665509203449,2474.166761370376,2498.888972017914,0.042253541791656524
405484111,2,2,0,2481.677386198294,2504.334551813733,2,False,46.430543983355165,2474.166761370376,2524.4375715572387,0.04307509299733765
405484127,2,2,0,2475.911609484668,2493.604696673232,1,False,23.66665509203449,2474.166761370376,2498.888972017914,0.08450708358331305
405484205,8,8,0,2462.5298299080087,2517.5212900267525,3,False,70.97219907166391,2447.687606282532,2524.4375715572387,0.11272019332417797
405484300,3,3,0,2476.9214170027926,2502.291366283542,2,False,46.430543983355165,2474.166761370376,2524.4375715572387,0.06461263949600649
405484340,13,13,0,2449.7646986052764,2520.728339862871,3,False,70.97219907166391,2447.687606282532,2524.4375715572387,0.1831703141517892
405484341,2,2,0,2468.951257675192,2505.826292301941,2,False,47.30554397962942,2447.687606282532,2524.4375715572387,0.0422783427004081
405484378,3,3,0,2450.9314865973006,2509.008402734673,3,False,70.97219907166391,2447.687606282532,2524.4375715572387,0.04227007249656674
405489929,7,5,2,2451.068977849894,2502.2844031095374,3,False,70.97219907166391,2447.687606282532,2524.4375715572387,0.09863016915865572
405490026,2,2,0,2482.106561561885,2482.5579868489376,1,False,23.66665509203449,2474.166761370376,2498.888972017914,0.08450708358331305
405490101,6,4,1,2455.230490476677,2520.228310542674,3,False,70.97219907166391,2447.687606282532,2524.4375715572387,0.08454014499313348
405492429,2,2,0,2493.3031615084565,2899.045035012756,2,False,50.75923611596227,2474.166761370376,2910.048509061802,0.039401696184530634
405508600,3,3,0,1605.09955878607,2337.179806726698,3,False,75.87496526679024,1596.7713100183755,2360.5487521416508,0.039538733091362244
405513314,13,11,2,1602.510600577498,2358.0336229727004,3,False,75.87496526679024,1596.7713100183755,2360.5487521416508,0.17133451006256972
405513518,3,3,0,1606.4397713516255,1621.2285059350231,1,False,25.99998842133209,1596.7713100183755,1623.875465106219,0.11538466676925917
405642977,3,3,0,1608.505287518113,1618.3273752175432,1,False,25.99998842133209,1596.7713100183755,1623.875465106219,0.11538466676925917
405692410,10,10,0,1601.8636488618242,1623.6383875715098,1,False,25.99998842133209,1596.7713100183755,1623.875465106219,0.38461555589753055
405695928,3,3,0,2326.6174278324297,2340.0368792060904,2,False,49.87497684545815,2307.2362868711352,2360.5487521416508,0.06015040386476278
405805240,13,13,0,1605.6508811396818,2356.139264438014,3,False,75.87496526679024,1596.7713100183755,2360.5487521416508,0.17133451006256972
405846469,2,2,0,3047.868304328384,3058.9629022104577,1,False,26.287025460507266,3041.108636408113,3068.029921127949,0.07608316136813319
405905925,4,4,0,3041.971034220724,3065.4102205734675,1,False,26.287025460507266,3041.108636408113,3068.029921127949,0.15216632273626637
405910546,8,7,1,2308.8045050107826,2355.5449442471786,2,False,49.87497684545815,2307.2362868711352,2360.5487521416508,0.16040107697270076
406040223,2,2,0,3042.5902424686687,3048.7181693967564,1,False,26.287025460507266,3041.108636408113,3068.029921127949,0.07608316136813319
406100947,2,2,0,1618.328805022101,3045.057236663026,2,False,52.28701388183936,1596.7713100183755,3068.029921127949,0.038250415380761536
406180136,1,1,0,1605.851094190151,1605.851094190151,1,False,25.99998842133209,1596.7713100183755,1623.875465106219,0.03846155558975305
406376496,4,4,0,1602.3845953543416,1619.45256584471,1,False,25.99998842133209,1596.7713100183755,1623.875465106219,0.1538462223590122
406376506,3,3,0,1602.3859840926973,1619.45534350722,1,False,25.99998842133209,1596.7713100183755,1623.875465106219,0.11538466676925917
406378155,5,5,0,1607.248474792307,3082.446346708888,2,False,53.219884248916514,1596.7713100183755,3096.58777991822,0.09394984732800868
406618658,2,2,0,3044.560109682528,3050.729701832358,1,False,26.287025460507266,3041.108636408113,3068.029921127949,0.07608316136813319
406776177,1,1,0,2378.6328963499027,2378.6328963499027,1,False,26.937488418072462,2361.770974363666,2389.715407225769,0.03712298579882066
407125926,3,3,0,3075.54069797225,3106.434151498858,2,False,55.354143504053354,3068.7336248317733,3126.4257197240368,0.054196484853574194
407225846,1,1,0,3087.774414366981,3087.774414366981,1,False,27.219895827584423,3068.7336248317733,3096.58777991822,0.036737833470567804
407826962,5,5,0,3099.31482301609,3120.674729638537,1,False,28.13424767646893,3097.6687868623994,3126.4257197240368,0.1777193425428584
407930609,5,5,0,2456.1415630713004,2506.9832200149517,3,False,70.97219907166391,2447.687606282532,2524.4375715572387,0.07045012082761123
407930782,1,1,0,2483.3871252192985,2483.3871252192985,1,False,23.66665509203449,2474.166761370376,2498.888972017914,0.042253541791656524
408217918,2,2,0,1456.634724993595,2180.092655918164,2,False,49.91664353245869,1437.97971276287,2200.2293886975385,0.0400667965324929
409869624,4,4,0,2918.847444561294,2933.4804800740267,1,False,25.79165509995073,2910.259157210123,2936.6873863846995,0.1550889225409827
409907064,4,3,1,2913.830723759677,2925.5208896532054,1,False,25.79165509995073,2910.259157210123,2936.6873863846995,0.1550889225409827
409986314,1,1,0,2915.7113012569635,2915.7113012569635,1,False,25.79165509995073,2910.259157210123,2936.6873863846995,0.03877223063524567
410620382,3,3,0,2892.445465152363,2903.0496454393306,1,False,27.092581023927778,2882.323983593378,2910.048509061802,0.11073142117210771
410708185,3,3,0,2899.702746396468,2904.620846641387,1,False,27.092581023927778,2882.323983593378,2910.048509061802,0.11073142117210771
410708244,1,1,0,2898.7041227391205,2898.7041227391205,1,False,27.092581023927778,2882.323983593378,2910.048509061802,0.03691047372403591
410731154,2,2,0,2887.3261029470727,2908.130575403598,1,False,27.092581023927778,2882.323983593378,2910.048509061802,0.07382094744807181
410741165,1,1,0,2891.719283859345,2891.719283859345,1,False,27.092581023927778,2882.323983593378,2910.048509061802,0.03691047372403591
410868140,2,2,0,2893.50264871675,2900.759712440264,1,False,27.092581023927778,2882.323983593378,2910.048509061802,0.07382094744807181
411042663,1,1,0,1772.357684360935,1772.357684360935,1,False,23.541655094828457,1764.687907202635,1789.6878956304863,0.04247789698608218
411357190,6,6,0,1621.7962989511068,2357.552802947822,3,False,75.87496526679024,1596.7713100183755,2360.5487521416508,0.07907746618272449
411416726,4,4,0,1579.036831349519,1595.241174552794,1,False,25.22915509203449,1569.4379882598296,1595.667143351864,0.15854672839451947
411422518,1,1,0,1604.077313244127,1604.077313244127,1,False,25.99998842133209,1596.7713100183755,1623.875465106219,0.03846155558975305
411428600,2,2,0,3049.9501927065094,3054.5182839044714,1,False,26.287025460507266,3041.108636408113,3068.029921127949,0.07608316136813319
411806442,14,12,2,1602.9244207781478,3056.989048614432,2,False,52.28701388183936,1596.7713100183755,3068.029921127949,0.2677529076653307
411845789,5,5,0,1766.5299667857255,1783.2645636049688,1,False,23.541655094828457,1764.687907202635,1789.6878956304863,0.21238948493041093
411873161,3,3,0,3050.094746382068,3058.1753863040944,1,False,26.287025460507266,3041.108636408113,3068.029921127949,0.11412474205219979
411874804,12,12,0,1609.2274004061308,3063.66431602522,4,False,102.1619907272975,1596.7713100183755,3068.029921127949,0.11746051456682921
411883036,10,9,1,1621.4952876293366,3067.4351754398845,2,False,52.28701388183936,1596.7713100183755,3068.029921127949,0.19125207690380766
412076331,4,3,1,1607.700920754102,3065.67392200319,2,False,52.28701388183936,1596.7713100183755,3068.029921127949,0.07650083076152307
412129392,4,3,1,3050.865730903537,3054.7754979474,1,False,26.287025460507266,3041.108636408113,3068.029921127949,0.15216632273626637
412540862,18,18,0,1602.5246788097709,2357.493535103901,3,False,75.87496526679024,1596.7713100183755,2360.5487521416508,0.23723239854817346
414138813,5,3,2,1601.7416923020623,1621.96826767339,1,False,25.99998842133209,1596.7713100183755,1623.875465106219,0.19230777794876527
414937822,6,6,0,1605.8838595182594,1621.531007584745,1,False,25.99998842133209,1596.7713100183755,1623.875465106219,0.23076933353851833
415241207,28,25,2,1606.6158433775452,3088.9858624234803,3,False,79.50690970942378,1596.7713100183755,3096.58777991822,0.3521706490961907
416090900,1,1,0,2884.949703484196,2884.949703484196,1,False,27.092581023927778,2882.323983593378,2910.048509061802,0.03691047372403591
417545885,8,8,0,1985.5661086706405,2715.0019149791424,3,False,73.1180208227604,1983.6461479780264,2717.5347127919085,0.10941215188786586
418018109,1,1,0,2934.897341350666,2934.897341350666,1,False,25.79165509995073,2910.259157210123,2936.6873863846995,0.03877223063524567
418297341,6,6,0,3076.4794903978063,3118.161400151999,2,False,55.354143504053354,3068.7336248317733,3126.4257197240368,0.10839296970714839
419778517,11,11,0,1602.7942145177751,3067.158872855608,4,False,102.1619907272975,1596.7713100183755,3068.029921127949,0.10767213835292679
419947008,3,3,0,3046.5493874140584,3059.86908794502,1,False,26.287025460507266,3041.108636408113,3068.029921127949,0.11412474205219979
420582698,4,4,0,3075.352588518605,3083.276195221353,1,False,27.219895827584423,3068.7336248317733,3096.58777991822,0.14695133388227122
420980626,4,4,0,1446.0316047487763,1461.0720841509694,1,False,24.91665509948507,1437.97971276287,1464.2713678628206,0.16053519158286478
422460501,1,1,0,2453.302029422021,2453.302029422021,1,False,24.541655088308744,2447.687606282532,2473.159816926345,0.040747048086271255
423442532,1,1,0,2148.169547667408,2148.169547667408,1,False,24.020821762736887,2144.514134055469,2169.944678040687,0.04163054910766142
423750380,1,1,0,2130.943492472341,2130.943492472341,1,False,26.270821759477712,2115.882201184518,2143.222467388492,0.038065044525652514
423750384,2,2,0,2121.8558720732576,2130.9434923712925,1,False,26.270821759477712,2115.882201184518,2143.222467388492,0.07613008905130503
425095257,3,3,0,2146.8118618724143,2168.9560177659264,1,False,24.020821762736887,2144.514134055469,2169.944678040687,0.12489164732298424
426494404,1,1,0,3103.4125925966514,3103.4125925966514,1,False,28.13424767646893,3097.6687868623994,3126.4257197240368,0.03554386850857168
426753957,1,1,0,2917.726637251765,2917.726637251765,1,False,25.79165509995073,2910.259157210123,2936.6873863846995,0.03877223063524567
426828801,2,2,0,2487.321744072389,2549.736871588008,2,False,47.62497685709968,2474.166761370376,2550.625059989281,0.041994771063113924
426828805,2,2,0,2487.321744133041,2549.736871597321,2,False,47.62497685709968,2474.166761370376,2550.625059989281,0.041994771063113924
427545437,2,2,0,2502.2247846145565,2513.5683998315253,1,False,22.763888891320676,2500.1875831289217,2524.4375715572387,0.08785845026517204
427546152,4,4,0,2454.8819827859747,2515.218438199133,3,False,70.97219907166391,2447.687606282532,2524.4375715572387,0.056360096662088986
427579296,2,2,0,2500.491285154397,2508.723689552606,1,False,22.763888891320676,2500.1875831289217,2524.4375715572387,0.08785845026517204
427580133,5,5,0,2451.05663973277,2518.0352335770485,3,False,70.97219907166391,2447.687606282532,2524.4375715572387,0.07045012082761123
427580717,7,7,0,2461.832699672506,2519.657529522856,3,False,70.97219907166391,2447.687606282532,2524.4375715572387,0.09863016915865572
427580873,11,11,0,2466.0400478249558,2523.4173529089057,3,False,70.97219907166391,2447.687606282532,2524.4375715572387,0.1549902658207447
427735624,2,2,0,2454.22334674881,2492.755927696502,2,False,48.20831018034323,2447.687606282532,2498.888972017914,0.041486623209114115
427735688,1,1,0,2490.368245652788,2490.368245652788,1,False,23.66665509203449,2474.166761370376,2498.888972017914,0.042253541791656524
427735907,3,3,0,2468.2788416224616,2522.4839010557284,3,False,70.97219907166391,2447.687606282532,2524.4375715572387,0.04227007249656674
427736091,1,1,0,2470.3804174669053,2470.3804174669053,1,False,24.541655088308744,2447.687606282532,2473.159816926345,0.040747048086271255
427736846,1,1,0,2495.801924696286,2495.801924696286,1,False,23.66665509203449,2474.166761370376,2498.888972017914,0.042253541791656524
427771017,1,1,0,2481.845829853424,2481.845829853424,1,False,23.66665509203449,2474.166761370376,2498.888972017914,0.042253541791656524
428114142,4,4,0,2902.912325068229,2907.356744389106,1,False,27.092581023927778,2882.323983593378,2910.048509061802,0.14764189489614363
428118460,2,2,0,2889.97902787794,2903.201325280805,1,False,27.092581023927778,2882.323983593378,2910.048509061802,0.07382094744807181
428209014,1,1,0,2913.4278097046863,2913.4278097046863,1,False,25.79165509995073,2910.259157210123,2936.6873863846995,0.03877223063524567
428260369,3,3,0,2917.922134853793,2932.919014092922,1,False,25.79165509995073,2910.259157210123,2936.6873863846995,0.11631669190573701
428304544,1,1,0,2915.499891054548,2915.499891054548,1,False,25.79165509995073,2910.259157210123,2936.6873863846995,0.03877223063524567
428328243,3,3,0,2918.884583606249,2927.9871879414527,1,False,25.79165509995073,2910.259157210123,2936.6873863846995,0.11631669190573701
428444848,3,3,0,2928.6315397768544,2933.2814119308023,1,False,25.79165509995073,2910.259157210123,2936.6873863846995,0.11631669190573701
428468586,2,2,0,2918.3054145057,2931.6926439646727,1,False,25.79165509995073,2910.259157210123,2936.6873863846995,0.07754446127049135
428605112,1,1,0,2929.54005860749,2929.54005860749,1,False,25.79165509995073,2910.259157210123,2936.6873863846995,0.03877223063524567
428649249,2,2,0,2915.4443765725546,2925.684506285268,1,False,25.79165509995073,2910.259157210123,2936.6873863846995,0.07754446127049135
428689804,1,1,0,2914.624891559828,2914.624891559828,1,False,25.79165509995073,2910.259157210123,2936.6873863846995,0.03877223063524567
428764793,1,1,0,2931.89549711946,2931.89549711946,1,False,25.79165509995073,2910.259157210123,2936.6873863846995,0.03877223063524567
428910663,4,3,1,2926.798465961276,2932.812198987814,1,False,25.79165509995073,2910.259157210123,2936.6873863846995,0.1550889225409827
429059113,2,2,0,2922.1416361571773,2927.830417756055,1,False,25.79165509995073,2910.259157210123,2936.6873863846995,0.07754446127049135
429102269,1,1,0,2522.098746402748,2522.098746402748,1,False,22.763888891320676,2500.1875831289217,2524.4375715572387,0.04392922513258602
429125644,20,19,1,2478.504167205507,2541.385229401311,3,False,70.38886574842036,2474.166761370376,2550.625059989281,0.28413584715916285
429235355,10,10,0,1572.0648332534072,1592.4581748400826,1,False,25.22915509203449,1569.4379882598296,1595.667143351864,0.39636682098629866
429817955,5,5,0,2826.1099623002606,2877.1806172091137,2,False,52.26155092380941,2825.252247483935,2882.1133354450576,0.09567262952623343
430829746,5,5,0,1605.258392032708,2359.8776754403407,2,False,51.72914350870997,1596.7713100183755,2360.5487521416508,0.09665731270339162
431768501,2,2,0,2883.598331203004,2898.4806609374723,1,False,27.092581023927778,2882.323983593378,2910.048509061802,0.07382094744807181
431862062,4,4,0,2920.5236264042514,2930.720600608425,1,False,25.79165509995073,2910.259157210123,2936.6873863846995,0.1550889225409827
431892128,1,1,0,2925.881886499918,2925.881886499918,1,False,25.79165509995073,2910.259157210123,2936.6873863846995,0.03877223063524567
431988853,1,1,0,2922.5694911497617,2922.5694911497617,1,False,25.79165509995073,2910.259157210123,2936.6873863846995,0.03877223063524567
432995801,6,6,0,2491.1261183700826,2548.8493066253227,3,False,70.38886574842036,2474.166761370376,2550.625059989281,0.08524075414774886
433448211,47,43,3,1573.6989636213325,3063.2209212521766,5,False,127.391145819332,1569.4379882598296,3068.029921127949,0.36894243864213366
434563064,3,3,0,1603.304799248798,1619.428371908467,1,False,25.99998842133209,1596.7713100183755,1623.875465106219,0.11538466676925917
434572413,16,16,0,1608.7728130818589,3094.023305723498,3,False,79.50690970942378,1596.7713100183755,3096.58777991822,0.20124037091210897
435003773,3,3,0,1608.0493562949398,3049.495741080654,2,False,52.28701388183936,1596.7713100183755,3068.029921127949,0.0573756230711423
435111484,38,37,1,1602.0813263187736,3094.274835079517,5,False,129.38188655488193,1596.7713100183755,3096.58777991822,0.2937041730635219
435977760,3,2,1,1603.6143423717906,1619.392151826132,1,False,25.99998842133209,1596.7713100183755,1623.875465106219,0.11538466676925917
436804673,12,12,0,1566.7509708073392,3033.3114156129946,4,False,100.25921297119953,1543.2296664975584,3040.8979882597923,0.11968974864631264
436998675,22,22,0,1605.8438294749749,3094.1470853612745,3,False,79.50690970942378,1596.7713100183755,3096.58777991822,0.27670551000414984
437091565,2,2,0,1616.8368551593665,1618.827118612299,1,False,25.99998842133209,1596.7713100183755,1623.875465106219,0.0769231111795061
437842546,1,1,0,2478.717882892819,2478.717882892819,1,False,23.66665509203449,2474.166761370376,2498.888972017914,0.042253541791656524
438614945,2,2,0,3061.229035973451,3063.0748747997045,1,False,26.287025460507266,3041.108636408113,3068.029921127949,0.07608316136813319
438631656,5,5,0,3048.9510915962314,3067.1193189466976,1,False,26.287025460507266,3041.108636408113,3068.029921127949,0.19020790342033297
438639036,1,1,0,3067.213790976211,3067.213790976211,1,False,26.287025460507266,3041.108636408113,3068.029921127949,0.038041580684066593
438689941,1,1,0,3047.499694887233,3047.499694887233,1,False,26.287025460507266,3041.108636408113,3068.029921127949,0.038041580684066593
438692318,1,1,0,1619.7391611043497,1619.7391611043497,1,False,25.99998842133209,1596.7713100183755,1623.875465106219,0.03846155558975305
438712956,1,1,0,3056.024576585307,3056.024576585307,1,False,26.287025460507266,3041.108636408113,3068.029921127949,0.038041580684066593
438733975,11,11,0,1606.7696015266145,2357.0815483461483,2,False,51.72914350870997,1596.7713100183755,2360.5487521416508,0.21264608794746157
438775149,35,30,3,1601.6516875640934,3064.1788688096062,4,False,102.1619907272975,1596.7713100183755,3068.029921127949,0.3425931674865852
438789953,2,2,0,3056.982944077852,3064.9177237984554,1,False,26.287025460507266,3041.108636408113,3068.029921127949,0.07608316136813319
438790188,19,17,2,1604.2225012953656,3056.9704491238704,3,False,78.01616896921723,1596.7713100183755,3068.029921127949,0.24353925924633407
438838902,9,8,1,1604.7225248152206,2357.7024880871486,2,False,51.72914350870997,1596.7713100183755,2360.5487521416508,0.1739831628661049
439971546,19,15,4,1602.279751199724,3095.291478275402,3,False,79.50690970942378,1596.7713100183755,3096.58777991822,0.23897294045812942
440681328,1,1,0,2482.980262300942,2482.980262300942,1,False,23.66665509203449,2474.166761370376,2498.888972017914,0.042253541791656524
440681343,8,7,0,2454.869376788259,2523.556203892276,3,False,70.97219907166391,2447.687606282532,2524.4375715572387,0.11272019332417797
440681387,3,3,0,2476.500558510304,2522.743684922249,2,False,46.430543983355165,2474.166761370376,2524.4375715572387,0.06461263949600649
440681403,3,3,0,2450.6925876971386,2496.534068239266,2,False,48.20831018034323,2447.687606282532,2498.888972017914,0.06222993481367118
440681409,2,2,0,2474.435091525652,2496.5340678839666,1,False,23.66665509203449,2474.166761370376,2498.888972017914,0.08450708358331305
440681418,5,4,1,2451.410704432641,2496.3062693245192,2,False,48.20831018034323,2447.687606282532,2498.888972017914,0.1037165580227853
440681529,3,3,0,2501.1968633009874,2518.23104548605,1,False,22.763888891320676,2500.1875831289217,2524.4375715572387,0.13178767539775807
440681536,1,1,0,2465.5884695999835,2465.5884695999835,1,False,24.541655088308744,2447.687606282532,2473.159816926345,0.040747048086271255
440681564,5,5,0,2455.044400985905,2521.3867063167127,2,False,47.30554397962942,2447.687606282532,2524.4375715572387,0.10569585675102026
440681617,11,11,0,2449.6341598224094,2523.954832322561,3,False,70.97219907166391,2447.687606282532,2524.4375715572387,0.1549902658207447
440681652,7,7,0,2448.109000805196,2519.3491446999133,3,False,70.97219907166391,2447.687606282532,2524.4375715572387,0.09863016915865572
440681791,1,1,0,2488.3904364711007,2488.3904364711007,1,False,23.66665509203449,2474.166761370376,2498.888972017914,0.042253541791656524
440681808,2,2,0,2502.5275134998983,2502.953928512964,1,False,22.763888891320676,2500.1875831289217,2524.4375715572387,0.08785845026517204
440681987,3,2,1,2454.422144085452,2492.4935385416293,2,False,48.20831018034323,2447.687606282532,2498.888972017914,0.06222993481367118
440682035,2,1,1,2504.9998927924817,2505.016560391504,1,False,22.763888891320676,2500.1875831289217,2524.4375715572387,0.08785845026517204
440682459,2,2,0,2503.230360557609,2506.634717475139,1,False,22.763888891320676,2500.1875831289217,2524.4375715572387,0.08785845026517204
440685446,3,3,0,2448.4423768648344,2517.9463240575747,2,False,47.30554397962942,2447.687606282532,2524.4375715572387,0.06341751405061216
440685517,2,2,0,2462.0436908475044,2497.0952267312414,2,False,48.20831018034323,2447.687606282532,2498.888972017914,0.041486623209114115
440685552,4,4,0,2468.913776319706,2520.2561197720074,3,False,70.97219907166391,2447.687606282532,2524.4375715572387,0.056360096662088986
440685753,1,1,0,2505.584629164442,2505.584629164442,1,False,22.763888891320676,2500.1875831289217,2524.4375715572387,0.04392922513258602
440685779,12,12,0,2454.6040719911657,2521.190866054524,3,False,70.97219907166391,2447.687606282532,2524.4375715572387,0.16908028998626695
440685902,1,1,0,2504.3539980857067,2504.3539980857067,1,False,22.763888891320676,2500.1875831289217,2524.4375715572387,0.04392922513258602
440686085,2,2,0,2468.7109637600483,2524.131216134353,2,False,47.30554397962942,2447.687606282532,2524.4375715572387,0.0422783427004081
440686116,4,4,0,2448.7340451048244,2503.067806317791,3,False,70.97219907166391,2447.687606282532,2524.4375715572387,0.056360096662088986
440686290,3,3,0,2468.826242884916,2515.97122497828,3,False,70.97219907166391,2447.687606282532,2524.4375715572387,0.04227007249656674
440686303,2,2,0,2479.8063826839334,2502.4691527802024,2,False,46.430543983355165,2474.166761370376,2524.4375715572387,0.04307509299733765
440686355,6,5,1,2449.774415979084,2522.3158897482854,2,False,47.30554397962942,2447.687606282532,2524.4375715572387,0.12683502810122432
440686422,1,1,0,2465.557886307704,2465.557886307704,1,False,24.541655088308744,2447.687606282532,2473.159816926345,0.040747048086271255
440686535,4,4,0,2453.3622745259104,2493.6838654330577,2,False,48.20831018034323,2447.687606282532,2498.888972017914,0.08297324641822823
440686690,3,3,0,2474.924019890229,2522.8992469149853,2,False,46.430543983355165,2474.166761370376,2524.4375715572387,0.06461263949600649
440686901,4,4,0,2451.5607282361166,2492.8574335129315,2,False,48.20831018034323,2447.687606282532,2498.888972017914,0.08297324641822823
440686989,4,4,0,2468.959616059313,2497.3591289050264,2,False,48.20831018034323,2447.687606282532,2498.888972017914,0.08297324641822823
440687056,1,0,0,2500.8996338016204,2500.8996338016204,1,False,22.763888891320676,2500.1875831289217,2524.4375715572387,0.04392922513258602
440688150,1,1,0,2505.568008938026,2505.568008938026,1,False,22.763888891320676,2500.1875831289217,2524.4375715572387,0.04392922513258602
440689443,9,9,0,2448.065975450193,2520.829766967609,3,False,70.97219907166391,2447.687606282532,2524.4375715572387,0.12681021748970023
440689977,2,2,0,2450.7051013557625,2504.8721020967905,2,False,47.30554397962942,2447.687606282532,2524.4375715572387,0.0422783427004081
440690703,1,1,0,2508.56949253459,2508.56949253459,1,False,22.763888891320676,2500.1875831289217,2524.4375715572387,0.04392922513258602
440690708,2,2,0,2478.315971855132,2495.215906507443,1,False,23.66665509203449,2474.166761370376,2498.888972017914,0.08450708358331305
440690752,2,2,0,2466.714932083119,2467.910875869536,1,False,24.541655088308744,2447.687606282532,2473.159816926345,0.08149409617254251
440690825,1,1,0,2508.4139278633847,2508.4139278633847,1,False,22.763888891320676,2500.1875831289217,2524.4375715572387,0.04392922513258602
440691009,4,4,0,2462.817323219805,2493.374099917757,2,False,48.20831018034323,2447.687606282532,2498.888972017914,0.08297324641822823
440691028,1,1,0,2522.6089459713967,2522.6089459713967,1,False,22.763888891320676,2500.1875831289217,2524.4375715572387,0.04392922513258602
440691137,6,4,2,2449.0673661574097,2498.079959353769,2,False,48.20831018034323,2447.687606282532,2498.888972017914,0.12445986962734236
440691248,1,1,0,2489.2029479584944,2489.2029479584944,1,False,23.66665509203449,2474.166761370376,2498.888972017914,0.042253541791656524
440691258,11,11,0,2448.603440442016,2523.221462136901,3,False,70.97219907166391,2447.687606282532,2524.4375715572387,0.1549902658207447
440691343,6,6,0,2448.564546795014,2478.4451326191465,2,False,48.20831018034323,2447.687606282532,2498.888972017914,0.12445986962734236
440691544,1,1,0,2468.1692266164605,2468.1692266164605,1,False,24.541655088308744,2447.687606282532,2473.159816926345,0.040747048086271255
440691820,1,1,0,2501.667716080872,2501.667716080872,1,False,22.763888891320676,2500.1875831289217,2524.4375715572387,0.04392922513258602
440692312,6,6,0,2448.272900697212,2497.692483342288,2,False,48.20831018034323,2447.687606282532,2498.888972017914,0.12445986962734236
440695252,2,2,0,2466.241281262905,2505.369327862316,2,False,47.30554397962942,2447.687606282532,2524.4375715572387,0.0422783427004081
440695926,2,2,0,2469.3165266935807,2497.2104572964745,2,False,48.20831018034323,2447.687606282532,2498.888972017914,0.041486623209114115
440696035,3,3,0,2488.1959015228967,2496.1937132340054,1,False,23.66665509203449,2474.166761370376,2498.888972017914,0.12676062537496957
440696262,3,2,1,2495.815920310014,2524.2714846027247,2,False,46.430543983355165,2474.166761370376,2524.4375715572387,0.06461263949600649
440696609,3,3,0,2467.0149403858327,2502.113561694543,3,False,70.97219907166391,2447.687606282532,2524.4375715572387,0.04227007249656674
440696635,4,4,0,2450.635587848428,2497.3785376609985,2,False,48.20831018034323,2447.687606282532,2498.888972017914,0.08297324641822823
440696704,4,4,0,2452.5329938922864,2509.3306310286084,2,False,47.30554397962942,2447.687606282532,2524.4375715572387,0.0845566854008162
440696817,2,2,0,2455.865267974082,2490.3794413901423,2,False,48.20831018034323,2447.687606282532,2498.888972017914,0.041486623209114115
440700343,3,3,0,2468.1622603724104,2502.3885746257693,3,False,70.97219907166391,2447.687606282532,2524.4375715572387,0.04227007249656674
440700411,4,4,0,2452.192674979543,2495.590913609649,2,False,48.20831018034323,2447.687606282532,2498.888972017914,0.08297324641822823
440700464,5,5,0,2448.563146605916,2506.241577905521,3,False,70.97219907166391,2447.687606282532,2524.4375715572387,0.07045012082761123
440700588,1,1,0,2503.6747604099337,2503.6747604099337,1,False,22.763888891320676,2500.1875831289217,2524.4375715572387,0.04392922513258602
440701022,2,2,0,2479.304891363491,2502.73718266952,2,False,46.430543983355165,2474.166761370376,2524.4375715572387,0.04307509299733765
440702499,4,4,0,2450.931433718529,2488.672345213281,2,False,48.20831018034323,2447.687606282532,2498.888972017914,0.08297324641822823
440702500,6,6,0,2450.932822586559,2488.672345087319,2,False,48.20831018034323,2447.687606282532,2498.888972017914,0.12445986962734236
440702986,5,4,1,2474.5503017770943,2523.3603470511443,2,False,46.430543983355165,2474.166761370376,2524.4375715572387,0.10768773249334414
440703158,2,2,0,2481.896771952488,2514.5739119264263,2,False,46.430543983355165,2474.166761370376,2524.4375715572387,0.04307509299733765
440703174,1,1,0,2491.612820935914,2491.612820935914,1,False,23.66665509203449,2474.166761370376,2498.888972017914,0.042253541791656524
440703285,4,4,0,2464.563268394412,2482.3884721990644,2,False,48.20831018034323,2447.687606282532,2498.888972017914,0.08297324641822823
440703485,2,2,0,2493.296257815696,2503.828896476144,2,False,46.430543983355165,2474.166761370376,2524.4375715572387,0.04307509299733765
440703573,6,6,0,2448.7144947460897,2503.4733253436025,3,False,70.97219907166391,2447.687606282532,2524.4375715572387,0.08454014499313348
440704123,1,1,0,2480.352201300504,2480.352201300504,1,False,23.66665509203449,2474.166761370376,2498.888972017914,0.042253541791656524
440704339,1,1,0,2510.600122241301,2510.600122241301,1,False,22.763888891320676,2500.1875831289217,2524.4375715572387,0.04392922513258602
440704531,2,2,0,2492.36151364929,2501.7288051415853,2,False,46.430543983355165,2474.166761370376,2524.4375715572387,0.04307509299733765
440705319,2,2,0,2483.326110683769,2492.7699048032687,1,False,23.66665509203449,2474.166761370376,2498.888972017914,0.08450708358331305
440725886,9,9,0,2448.439500095428,2519.9213613864767,3,False,70.97219907166391,2447.687606282532,2524.4375715572387,0.12681021748970023
440726015,9,8,1,2467.334384698368,2519.364396822332,3,False,70.97219907166391,2447.687606282532,2524.4375715572387,0.12681021748970023
440726384,2,2,0,2491.9670141476427,2496.44371760994,1,False,23.66665509203449,2474.166761370376,2498.888972017914,0.08450708358331305
440726596,4,4,0,2451.166127729755,2521.428338052987,3,False,70.97219907166391,2447.687606282532,2524.4375715572387,0.056360096662088986
440727107,2,2,0,2477.429682002422,2514.5224978795586,2,False,46.430543983355165,2474.166761370376,2524.4375715572387,0.04307509299733765
440727302,1,1,0,2514.798905519847,2514.798905519847,1,False,22.763888891320676,2500.1875831289217,2524.4375715572387,0.04392922513258602
440727544,2,2,0,2468.906715591466,2501.02316849443,2,False,47.30554397962942,2447.687606282532,2524.4375715572387,0.0422783427004081
440731943,3,3,0,2466.7481576837968,2524.1103476574326,3,False,70.97219907166391,2447.687606282532,2524.4375715572387,0.04227007249656674
440732135,4,4,0,2455.8984965217824,2506.27485788126,3,False,70.97219907166391,2447.687606282532,2524.4375715572387,0.056360096662088986
440732366,4,4,0,2493.61569946267,2523.511714674068,2,False,46.430543983355165,2474.166761370376,2524.4375715572387,0.0861501859946753
440732585,2,2,0,2487.442999663829,2523.642276736032,2,False,46.430543983355165,2474.166761370376,2524.4375715572387,0.04307509299733765
440733950,5,5,0,2465.1161155443306,2508.016660272717,3,False,70.97219907166391,2447.687606282532,2524.4375715572387,0.07045012082761123
442623945,29,26,2,1631.7497964453996,2359.214796776915,2,False,52.58331017242767,1624.958798439242,2360.5487521416508,0.55150578966796
442828160,5,5,0,1631.5359670011226,1651.186990811549,1,False,26.854155085049797,1624.958798439242,1652.875453523826,0.186190925916846
443480340,9,9,0,1602.9563429697753,2356.514349073933,2,False,51.72914350870997,1596.7713100183755,2360.5487521416508,0.1739831628661049
444536794,5,5,0,1572.660707458479,2301.7340159549685,2,False,49.37497685337394,1569.4379882598296,2305.9862868711352,0.10126587025748318
445018388,3,3,0,2949.521902838917,2958.776021282144,1,False,20.006932877935924,2936.89803453302,2962.5832081525587,0.1499480214335334
445242095,1,1,0,2907.475102605403,2907.475102605403,1,False,27.092581023927778,2882.323983593378,2910.048509061802,0.03691047372403591
445330849,8,7,1,2965.5496266863265,3008.5452951118505,2,False,49.88423612248107,2962.7938563008797,3014.152629461605,0.1603713040800615
445452650,3,3,0,2979.1941457578505,2999.3190519859622,2,False,49.88423612248107,2962.7938563008797,3014.152629461605,0.060139239030023064
445517149,2,2,0,2965.50815362078,2998.751152572942,2,False,49.88423612248107,2962.7938563008797,3014.152629461605,0.040092826020015376
447993848,25,24,0,1601.577634406389,3093.6367364211987,4,False,106.36106479447358,1596.7713100183755,3096.58777991822,0.2350484178426444
447994659,27,26,1,3041.8627110605385,3093.4395307363,2,False,53.50692128809169,3041.108636408113,3096.58777991822,0.5046076161741159
448002486,3,3,0,3052.2228708214525,3089.12161670476,2,False,53.50692128809169,3041.108636408113,3096.58777991822,0.0560675129082351
448165340,6,6,0,2336.6293771263145,3086.479222414324,2,False,52.9490509149623,2333.854319276754,3096.58777991822,0.11331647869640143
448165364,27,27,0,1619.335384162776,3095.159711546885,4,False,105.80319442134419,1596.7713100183755,3096.58777991822,0.255190782732673
448852739,4,4,0,2336.3292565378024,3073.863803167765,3,False,79.88653933303476,2333.854319276754,3096.58777991822,0.05007101363252965
449355457,26,24,2,1572.0163908070122,3062.8745126036542,4,False,101.66199073195412,1569.4379882598296,3068.029921127949,0.2557494675522594
449888653,2,2,0,1603.7339482968362,1621.182648062483,1,False,25.99998842133209,1596.7713100183755,1623.875465106219,0.0769231111795061
449940050,2,2,0,2913.826413658669,2935.782828406727,1,False,25.79165509995073,2910.259157210123,2936.6873863846995,0.07754446127049135
449963411,4,4,0,2913.6596250450084,2933.1412559178957,1,False,25.79165509995073,2910.259157210123,2936.6873863846995,0.1550889225409827
450179701,1,1,0,2915.952414904871,2915.952414904871,1,False,25.79165509995073,2910.259157210123,2936.6873863846995,0.03877223063524567
450568600,1,1,0,3095.978661942867,3095.978661942867,1,False,27.219895827584423,3068.7336248317733,3096.58777991822,0.036737833470567804
450605193,3,3,0,1607.5478465307565,1616.8727671704864,1,False,25.99998842133209,1596.7713100183755,1623.875465106219,0.11538466676925917
450690604,16,16,0,1602.1644167130828,2358.386118296381,3,False,75.87496526679024,1596.7713100183755,2360.5487521416508,0.21087324315393197
450696864,4,4,0,3050.119167749497,3089.828817209701,2,False,53.50692128809169,3041.108636408113,3096.58777991822,0.07475668387764679
450794865,17,15,2,3045.841300495134,3091.481563242756,2,False,53.50692128809169,3041.108636408113,3096.58777991822,0.31771590647999887
450861969,1,1,0,1617.9644967136169,1617.9644967136169,1,False,25.99998842133209,1596.7713100183755,1623.875465106219,0.03846155558975305
451592551,11,11,0,3100.7879463179825,3143.072560122921,2,False,55.261562481988676,3097.6687868623994,3154.395615548361,0.1990533655935844
452357628,184,177,6,1414.5103517036323,3146.052099440022,19,False,464.9766435301872,1410.917224333156,3154.395615548361,0.3957188012779278
452448437,64,59,5,1575.5052506415336,3115.233905025582,9,False,236.5369328265076,1569.4379882598296,3126.4257197240368,0.27057085434916833
452522877,47,47,0,1571.9789837788226,3091.909153363868,8,False,208.3054629336118,1569.4379882598296,3096.58777991822,0.22563018433644816
452591471,73,66,4,1572.216544132607,3088.8036810740914,9,False,234.3054513549439,1569.4379882598296,3096.58777991822,0.31155911899554567
453095065,79,79,0,1478.83855819009,3119.45070992758,25,False,621.0321180513131,1468.2713678642176,3126.4257197240368,0.1272075915298677
453455226,1,1,0,2308.2301734384528,2308.2301734384528,1,False,24.145821758080274,2307.2362868711352,2332.576553073246,0.04141503279611327
453684455,8,7,0,1580.300231155434,3065.3402044976237,4,False,104.37032405892364,1569.4379882598296,3068.029921127949,0.07665014046984749
453808153,18,17,0,1601.8130272634862,2372.4987532871965,5,False,129.6666087699125,1596.7713100183755,2389.715407225769,0.1388175427024561
453856042,12,12,0,1474.429841106484,2212.475255052542,3,False,69.95829863334097,1468.2713678642176,2227.5696549103595,0.17153075810052645
454242639,7,7,0,3041.9509717289325,3078.2000832863146,2,False,53.50692128809169,3041.108636408113,3096.58777991822,0.1308241967858819
454243404,5,5,0,3053.256812800193,3093.173656927897,2,False,53.50692128809169,3041.108636408113,3096.58777991822,0.09344585484705849
454256337,1,1,0,3091.551459466438,3091.551459466438,1,False,27.219895827584423,3068.7336248317733,3096.58777991822,0.036737833470567804
454258158,2,1,1,3105.611030051698,3105.616585522724,1,False,28.13424767646893,3097.6687868623994,3126.4257197240368,0.07108773701714335
454290635,3,3,0,3051.031735229262,3095.3056009886154,2,False,53.50692128809169,3041.108636408113,3096.58777991822,0.0560675129082351
454290773,1,1,0,3045.589946743339,3045.589946743339,1,False,26.287025460507266,3041.108636408113,3068.029921127949,0.038041580684066593
454291263,1,1,0,3066.2930417655816,3066.2930417655816,1,False,26.287025460507266,3041.108636408113,3068.029921127949,0.038041580684066593
454291408,15,15,0,2337.835043807301,2381.750152987331,2,False,52.66664350545034,2333.854319276754,2389.715407225769,0.2848102518332631
454291699,4,4,0,3045.3231806414124,3108.0360189607204,2,False,54.4212731369762,3041.108636408113,3126.4257197240368,0.07350066930503735
454291768,12,12,0,2347.543445572117,3067.3249807862967,3,False,78.9536689659576,2333.854319276754,3068.029921127949,0.15198787031890856
454291786,2,2,0,3043.056473386445,3117.0928067454465,2,False,54.4212731369762,3041.108636408113,3126.4257197240368,0.036750334652518674
454292995,1,1,0,3055.5624126824414,3055.5624126824414,1,False,26.287025460507266,3041.108636408113,3068.029921127949,0.038041580684066593
454327504,2,2,0,3053.68318709753,3085.2445738237225,2,False,53.50692128809169,3041.108636408113,3096.58777991822,0.037378341938823396
454327547,1,1,0,3052.7442770469315,3052.7442770469315,1,False,26.287025460507266,3041.108636408113,3068.029921127949,0.038041580684066593
454328873,2,2,0,3050.120559801404,3117.024758864088,2,False,54.4212731369762,3041.108636408113,3126.4257197240368,0.036750334652518674
454329571,1,1,0,3078.752914596724,3078.752914596724,1,False,27.219895827584423,3068.7336248317733,3096.58777991822,0.036737833470567804
454363835,12,11,1,3041.302373000535,3095.554245062321,2,False,53.50692128809169,3041.108636408113,3096.58777991822,0.2242700516329404
454364474,15,15,0,3042.5898581140027,3096.419515667661,2,False,53.50692128809169,3041.108636408113,3096.58777991822,0.2803375645411755
454365974,19,17,2,3043.371821829835,3103.5986118205456,3,False,81.64116896456062,3041.108636408113,3126.4257197240368,0.23272572209552334
454403368,3,3,0,3074.4862101303493,3100.7903253935133,2,False,55.354143504053354,3068.7336248317733,3126.4257197240368,0.054196484853574194
454404691,10,10,0,3055.83877438034,3118.348370910041,3,False,81.64116896456062,3041.108636408113,3126.4257197240368,0.1224872221555386
454611617,2,2,0,1618.3703216348797,1638.0966284255464,2,False,52.85414350638189,1596.7713100183755,1652.875453523826,0.0378399850478801
454642722,2,2,0,3047.3637004941693,3066.2959879660493,1,False,26.287025460507266,3041.108636408113,3068.029921127949,0.07608316136813319
454715223,1,1,0,2313.5017137162804,2313.5017137162804,1,False,24.145821758080274,2307.2362868711352,2332.576553073246,0.04141503279611327
454757744,3,3,0,2349.000709078536,2380.887836573,2,False,52.66664350545034,2333.854319276754,2389.715407225769,0.05696205036665262
454961345,23,22,0,1604.296587380138,1651.27156090749,2,False,52.85414350638189,1596.7713100183755,1652.875453523826,0.4351598280506212
454980196,10,10,0,1622.3510866600943,3095.401771536601,5,False,132.17355321487412,1596.7713100183755,3096.58777991822,0.07565810070750714
455000299,10,9,1,1646.4549862236995,3093.121198056911,3,False,80.36107637314149,1624.958798439242,3096.58777991822,0.1244383531346306
455906296,4,4,0,1774.1886188505289,1779.2413899282094,1,False,23.541655094828457,1764.687907202635,1789.6878956304863,0.16991158794432873
456168327,2,2,0,2890.963744008244,2904.9778316712163,1,False,27.092581023927778,2882.323983593378,2910.048509061802,0.07382094744807181
456200575,8,8,0,2884.984544836599,2908.862678190008,1,False,27.092581023927778,2882.323983593378,2910.048509061802,0.29528378979228725
456204149,1,1,0,2903.897302308841,2903.897302308841,1,False,27.092581023927778,2882.323983593378,2910.048509061802,0.03691047372403591
458208929,1,1,0,1646.4302617101057,1646.4302617101057,1,False,26.854155085049797,1624.958798439242,1652.875453523826,0.0372381851833692
458780733,1,1,0,2884.7843472895497,2884.7843472895497,1,False,27.092581023927778,2882.323983593378,2910.048509061802,0.03691047372403591
458783116,1,1,0,2896.484578686742,2896.484578686742,1,False,27.092581023927778,2882.323983593378,2910.048509061802,0.03691047372403591
458920985,14,14,0,2883.297524585884,2936.328063637409,2,False,52.88423612387851,2882.323983593378,2936.6873863846995,0.26472917122610495
458938294,11,11,0,2895.2422437385585,2927.4546841180504,2,False,52.88423612387851,2882.323983593378,2936.6873863846995,0.20800149167765392
460049532,7,7,0,1571.091027134188,3048.9738978152805,4,False,103.41893517877907,1569.4379882598296,3068.029921127949,0.0676858641785393
460371874,7,7,0,1576.3496279080225,1620.7659825158507,2,False,51.22914351336658,1569.4379882598296,1623.875465106219,0.13664097269503594
460765494,4,4,0,1593.513626480107,1622.8909758727436,2,False,51.22914351336658,1569.4379882598296,1623.875465106219,0.07808055582573482
460844584,11,10,1,1617.009406510629,3076.522707972399,3,False,78.94903933629439,1596.7713100183755,3096.58777991822,0.13933038441600248
460950389,2,2,0,3036.548886540233,3059.5740033448237,2,False,52.189791665412486,3014.3632776099257,3068.029921127949,0.038321670506407696
461683405,5,5,0,1606.9200407789187,1617.2104914712938,1,False,25.99998842133209,1596.7713100183755,1623.875465106219,0.19230777794876527
462320070,18,18,0,1554.267490521027,2332.0783301800525,4,False,97.56245370721376,1543.2296664975584,2332.576553073246,0.1844972047752944
462492721,38,38,0,1546.2619272230213,3063.7586033805387,6,False,149.75224537262625,1543.2296664975584,3068.029921127949,0.2537524556339384
463278438,2,2,0,1595.0998005016745,2313.020472983236,2,False,49.37497685011476,1569.4379882598296,2332.576553073246,0.040506348105667035
464936356,1,1,0,1578.6246704931048,1578.6246704931048,1,False,25.22915509203449,1569.4379882598296,1595.667143351864,0.03963668209862987
465075473,27,24,3,1571.5036765878974,2358.853182160537,4,False,101.10412035882473,1569.4379882598296,2360.5487521416508,0.26705143078417914
465268826,8,7,1,2313.754866094291,2359.532353010735,2,False,49.87497684545815,2307.2362868711352,2360.5487521416508,0.16040107697270076
466799461,12,12,0,1574.144172897086,2358.5450468597505,3,False,75.10413193749264,1569.4379882598296,2360.5487521416508,0.15977815987524244
467368706,55,53,0,1571.0356988543983,3063.161786142029,5,False,127.391145819332,1569.4379882598296,3068.029921127949,0.4317411516024969
467603541,1,1,0,2890.710216282253,2890.710216282253,1,False,27.092581023927778,2882.323983593378,2910.048509061802,0.03691047372403591
467605612,1,1,0,2884.391921452974,2884.391921452974,1,False,27.092581023927778,2882.323983593378,2910.048509061802,0.03691047372403591
467648144,1,1,0,2923.0865037516683,2923.0865037516683,1,False,25.79165509995073,2910.259157210123,2936.6873863846995,0.03877223063524567
467761286,2,1,0,2915.9880709782888,2915.997793146234,1,False,25.79165509995073,2910.259157210123,2936.6873863846995,0.07754446127049135
467773418,4,4,0,1576.5664567936767,3045.6923446532505,2,False,51.516180552541755,1569.4379882598296,3068.029921127949,0.07764550782099168
469171560,1,1,0,1548.0565986337308,1548.0565986337308,1,False,24.041655095759552,1543.2296664975584,1568.458821593318,0.04159447409161024
470310704,2,2,0,2918.5513817131896,2935.0747464430306,1,False,25.79165509995073,2910.259157210123,2936.6873863846995,0.07754446127049135
470383066,2,2,0,2919.157010026824,2931.5165785378795,1,False,25.79165509995073,2910.259157210123,2936.6873863846995,0.07754446127049135
609986236,1,1,0,2095.354609985732,2095.354609985732,1,False,25.24304397823289,2088.2363794292323,2114.430812295992,0.039614873739565695
609990051,2,2,0,2090.769862594744,2107.3421764437035,1,False,25.24304397823289,2088.2363794292323,2114.430812295992,0.07922974747913139
640609656,6,6,0,2450.3273816627457,2514.8434539454875,2,False,47.30554397962942,2447.687606282532,2524.4375715572387,0.12683502810122432
640699677,1,1,0,2461.404875641869,2461.404875641869,1,False,24.541655088308744,2447.687606282532,2473.159816926345,0.040747048086271255
640740397,2,2,0,2476.5033662214264,2519.0074566489,2,False,46.430543983355165,2474.166761370376,2524.4375715572387,0.04307509299733765
684767046,1,1,0,2332.425160380631,2332.425160380631,1,False,24.145821758080274,2307.2362868711352,2332.576553073246,0.04141503279611327
770690846,6,6,0,2201.890395721088,2251.9486708888458,2,False,48.49997686781035,2201.729388698004,2254.062698900234,0.12371139921062987
770690847,5,5,0,2201.8848400204,2251.9486708271456,2,False,48.49997686781035,2201.729388698004,2254.062698900234,0.1030928326755249
904313345,13,13,0,3045.755130894857,3120.8259926643664,2,False,54.4212731369762,3041.108636408113,3126.4257197240368,0.2388771752413714
994964138,2,2,0,3042.0476265996795,3066.5323365320664,1,False,26.287025460507266,3041.108636408113,3068.029921127949,0.07608316136813319
1166537543,9,9,0,2345.5282171890867,3089.790541549407,2,False,52.9490509149623,2333.854319276754,3096.58777991822,0.16997471804460215
1922376562,4,4,0,2043.0953402426203,3144.150364706405,2,False,50.46063655754688,2036.2780692591327,3154.395615548361,0.07926970947816474
